call_id,customer_id,call_duration_seconds,call_time_of_day,call_outcome,order_value_vnd,agent_id,follow_up_required
CALL-25867,CUST-57839,241,Morning (8-11h),Success,624000,AGT-003,False
CALL-88818,CUST-57839,186,Afternoon (13-17h),Success,1006000,AGT-002,False
CALL-56291,CUST-57839,122,Morning (8-11h),Not Interested,0,AGT-002,False
CALL-33141,CUST-57839,105,Afternoon (13-17h),Success,642000,AGT-004,False
CALL-30440,CUST-57839,445,Afternoon (13-17h),Call Back Later,0,AGT-002,True
CALL-50776,CUST-14463,174,Afternoon (13-17h),Success,769000,AGT-004,False
CALL-21801,CUST-14463,343,Noon (11-13h),Success,1106000,AGT-001,False
CALL-61234,CUST-14463,62,Afternoon (13-17h),Call Back Later,0,AGT-007,True
CALL-71300,CUST-14463,86,Afternoon (13-17h),Call Back Later,0,AGT-015,True
CALL-69078,CUST-84943,269,Noon (11-13h),Success,903000,AGT-005,False
CALL-25496,CUST-84943,54,Morning (8-11h),Not Interested,0,AGT-015,False
CALL-31614,CUST-84943,57,Afternoon (13-17h),No Answer,0,AGT-017,False
CALL-76132,CUST-84943,47,Noon (11-13h),Call Back Later,0,AGT-004,True
CALL-76369,CUST-78621,76,Afternoon (13-17h),No Answer,0,AGT-001,True
CALL-19106,CUST-94904,149,Afternoon (13-17h),No Answer,0,AGT-003,False
CALL-66778,CUST-94904,184,Afternoon (13-17h),Success,1958000,AGT-001,False
CALL-43077,CUST-94904,138,Evening (17-20h),Success,1051000,AGT-001,False
CALL-18722,CUST-94904,93,Morning (8-11h),Success,1211000,AGT-001,False
CALL-39597,CUST-67726,126,Morning (8-11h),Success,424000,AGT-008,False
CALL-14773,CUST-67726,345,Evening (17-20h),Success,1084000,AGT-012,False
CALL-61931,CUST-67726,123,Evening (17-20h),Success,1352000,AGT-007,False
CALL-46242,CUST-67726,87,Afternoon (13-17h),Success,959000,AGT-003,False
CALL-62352,CUST-67726,7,Afternoon (13-17h),No Answer,0,AGT-001,False
CALL-30271,CUST-32628,114,Afternoon (13-17h),Call Back Later,0,AGT-003,True
CALL-50411,CUST-32628,260,Afternoon (13-17h),Not Interested,0,AGT-002,False
CALL-59659,CUST-32628,20,Afternoon (13-17h),Not Interested,0,AGT-016,False
CALL-78570,CUST-32628,35,Afternoon (13-17h),Call Back Later,0,AGT-013,True
CALL-89623,CUST-32628,78,Afternoon (13-17h),No Answer,0,AGT-001,False
CALL-26838,CUST-32628,68,Afternoon (13-17h),Success,688000,AGT-007,False
CALL-73909,CUST-32628,133,Noon (11-13h),No Answer,0,AGT-004,True
CALL-34127,CUST-21583,414,Afternoon (13-17h),Success,1129000,AGT-007,False
CALL-31247,CUST-21583,44,Afternoon (13-17h),Success,522000,AGT-004,False
CALL-72595,CUST-21583,67,Evening (17-20h),Not Interested,0,AGT-001,False
CALL-23621,CUST-21583,107,Afternoon (13-17h),Success,1009000,AGT-003,True
CALL-69065,CUST-21583,62,Afternoon (13-17h),Success,586000,AGT-019,False
CALL-85933,CUST-21583,132,Morning (8-11h),Success,2103000,AGT-009,False
CALL-72979,CUST-21583,180,Afternoon (13-17h),Success,1258000,AGT-001,False
CALL-10224,CUST-76573,69,Morning (8-11h),Not Interested,0,AGT-006,False
CALL-30511,CUST-22920,232,Afternoon (13-17h),Success,1598000,AGT-001,False
CALL-30727,CUST-22920,89,Noon (11-13h),Call Back Later,0,AGT-009,True
CALL-36956,CUST-22920,62,Afternoon (13-17h),Not Interested,0,AGT-002,False
CALL-11908,CUST-22920,27,Noon (11-13h),Not Interested,0,AGT-016,False
CALL-18240,CUST-22920,194,Afternoon (13-17h),Success,669000,AGT-001,False
CALL-20828,CUST-22920,152,Morning (8-11h),Success,826000,AGT-012,True
CALL-12329,CUST-22920,42,Morning (8-11h),Not Interested,0,AGT-001,False
CALL-44063,CUST-38034,55,Noon (11-13h),No Answer,0,AGT-004,False
CALL-33479,CUST-38034,142,Noon (11-13h),Success,400000,AGT-007,False
CALL-59275,CUST-38034,185,Morning (8-11h),Success,1095000,AGT-004,False
CALL-36243,CUST-94237,156,Noon (11-13h),Success,1914000,AGT-002,False
CALL-62042,CUST-94237,193,Afternoon (13-17h),Success,462000,AGT-002,False
CALL-57808,CUST-94237,505,Afternoon (13-17h),Call Back Later,0,AGT-020,True
CALL-15042,CUST-94237,235,Morning (8-11h),Call Back Later,0,AGT-003,True
CALL-68611,CUST-94237,198,Morning (8-11h),Success,740000,AGT-005,False
CALL-23759,CUST-94237,75,Noon (11-13h),Success,977000,AGT-018,False
CALL-18849,CUST-97034,37,Afternoon (13-17h),Success,799000,AGT-001,False
CALL-19269,CUST-97034,310,Noon (11-13h),Call Back Later,0,AGT-005,True
CALL-34042,CUST-91323,78,Afternoon (13-17h),No Answer,0,AGT-013,False
CALL-94190,CUST-91323,168,Evening (17-20h),Success,633000,AGT-007,False
CALL-22607,CUST-91323,25,Morning (8-11h),Not Interested,0,AGT-002,False
CALL-57911,CUST-91323,15,Afternoon (13-17h),No Answer,0,AGT-014,False
CALL-32519,CUST-91323,233,Morning (8-11h),Success,1151000,AGT-011,False
CALL-72479,CUST-35257,60,Afternoon (13-17h),Not Interested,0,AGT-002,False
CALL-28921,CUST-35257,167,Noon (11-13h),Success,693000,AGT-001,False
CALL-15072,CUST-35257,61,Afternoon (13-17h),Success,714000,AGT-007,True
CALL-86440,CUST-35257,181,Evening (17-20h),Success,595000,AGT-018,False
CALL-20042,CUST-56513,112,Morning (8-11h),Call Back Later,0,AGT-019,True
CALL-72807,CUST-45732,96,Afternoon (13-17h),No Answer,0,AGT-014,False
CALL-62731,CUST-45732,155,Afternoon (13-17h),Success,1324000,AGT-004,False
CALL-61404,CUST-45732,175,Afternoon (13-17h),Success,350000,AGT-006,False
CALL-50354,CUST-45732,66,Morning (8-11h),Success,1006000,AGT-007,False
CALL-48522,CUST-45732,168,Morning (8-11h),Success,554000,AGT-001,False
CALL-77956,CUST-45732,178,Afternoon (13-17h),Success,1485000,AGT-005,False
CALL-63701,CUST-60587,230,Morning (8-11h),Success,819000,AGT-001,False
CALL-36712,CUST-60587,287,Afternoon (13-17h),Success,1094000,AGT-015,True
CALL-30971,CUST-60587,116,Afternoon (13-17h),No Answer,0,AGT-009,False
CALL-85146,CUST-60587,61,Morning (8-11h),Call Back Later,0,AGT-001,True
CALL-25375,CUST-13354,48,Noon (11-13h),No Answer,0,AGT-001,False
CALL-77145,CUST-51142,71,Morning (8-11h),Success,624000,AGT-008,False
CALL-38361,CUST-51142,76,Morning (8-11h),Not Interested,0,AGT-015,False
CALL-51725,CUST-51142,87,Evening (17-20h),No Answer,0,AGT-006,False
CALL-23310,CUST-51142,113,Afternoon (13-17h),Success,946000,AGT-014,False
CALL-28154,CUST-51142,135,Noon (11-13h),Success,449000,AGT-003,False
CALL-83963,CUST-51142,142,Afternoon (13-17h),Success,504000,AGT-002,True
CALL-59287,CUST-93837,207,Afternoon (13-17h),Success,489000,AGT-018,False
CALL-21853,CUST-91551,308,Morning (8-11h),Success,402000,AGT-001,True
CALL-17978,CUST-91551,143,Noon (11-13h),Not Interested,0,AGT-002,False
CALL-69874,CUST-91551,76,Afternoon (13-17h),Success,2340000,AGT-003,False
CALL-12959,CUST-91551,204,Noon (11-13h),Call Back Later,0,AGT-005,True
CALL-65160,CUST-91551,195,Morning (8-11h),Success,625000,AGT-002,False
CALL-82175,CUST-44776,69,Afternoon (13-17h),Success,776000,AGT-002,False
CALL-83234,CUST-44776,197,Afternoon (13-17h),Not Interested,0,AGT-002,False
CALL-92452,CUST-13634,48,Afternoon (13-17h),No Answer,0,AGT-004,False
CALL-98003,CUST-13634,38,Afternoon (13-17h),No Answer,0,AGT-018,False
CALL-79428,CUST-13634,51,Afternoon (13-17h),No Answer,0,AGT-019,False
CALL-92027,CUST-13634,208,Morning (8-11h),Success,1442000,AGT-005,False
CALL-49544,CUST-13634,95,Morning (8-11h),Success,2500000,AGT-001,False
CALL-95721,CUST-13634,227,Afternoon (13-17h),Success,1447000,AGT-011,False
CALL-58069,CUST-13634,328,Morning (8-11h),Not Interested,0,AGT-002,False
CALL-67405,CUST-13634,316,Morning (8-11h),Success,904000,AGT-001,False
CALL-88517,CUST-57142,67,Morning (8-11h),Success,1193000,AGT-014,True
CALL-69545,CUST-66984,98,Noon (11-13h),Call Back Later,0,AGT-001,True
CALL-56427,CUST-66984,116,Afternoon (13-17h),Success,2044000,AGT-001,False
CALL-56964,CUST-20308,362,Morning (8-11h),Not Interested,0,AGT-003,False
CALL-16089,CUST-20308,66,Noon (11-13h),Not Interested,0,AGT-002,False
CALL-58621,CUST-20308,254,Evening (17-20h),No Answer,0,AGT-009,False
CALL-93256,CUST-91110,167,Morning (8-11h),Success,747000,AGT-020,False
CALL-38584,CUST-91110,7,Noon (11-13h),Not Interested,0,AGT-004,False
CALL-36519,CUST-70461,92,Noon (11-13h),No Answer,0,AGT-016,False
CALL-82730,CUST-55638,45,Afternoon (13-17h),Not Interested,0,AGT-008,False
CALL-12824,CUST-55638,89,Afternoon (13-17h),Call Back Later,0,AGT-001,True
CALL-27093,CUST-34826,7,Evening (17-20h),No Answer,0,AGT-015,False
CALL-72993,CUST-34826,378,Noon (11-13h),Success,350000,AGT-012,False
CALL-52639,CUST-34826,82,Noon (11-13h),No Answer,0,AGT-002,False
CALL-78200,CUST-34826,90,Afternoon (13-17h),Success,861000,AGT-005,False
CALL-91256,CUST-34826,352,Evening (17-20h),Success,370000,AGT-001,False
CALL-95495,CUST-34826,31,Morning (8-11h),Not Interested,0,AGT-001,False
CALL-16271,CUST-34826,172,Evening (17-20h),Success,1780000,AGT-002,False
CALL-73839,CUST-34826,60,Afternoon (13-17h),Not Interested,0,AGT-010,False
CALL-60839,CUST-34826,16,Afternoon (13-17h),No Answer,0,AGT-001,False
CALL-25720,CUST-34826,189,Afternoon (13-17h),Success,1021000,AGT-004,False
CALL-98700,CUST-34826,293,Evening (17-20h),No Answer,0,AGT-006,False
CALL-92655,CUST-34826,110,Morning (8-11h),Success,566000,AGT-005,False
CALL-40437,CUST-30637,212,Evening (17-20h),Call Back Later,0,AGT-010,True
CALL-55778,CUST-30637,66,Morning (8-11h),Call Back Later,0,AGT-001,True
CALL-33433,CUST-30637,177,Evening (17-20h),Not Interested,0,AGT-019,False
CALL-86275,CUST-30637,119,Morning (8-11h),Call Back Later,0,AGT-005,True
CALL-63265,CUST-30637,73,Afternoon (13-17h),No Answer,0,AGT-011,False
CALL-22979,CUST-30637,43,Morning (8-11h),Success,1439000,AGT-016,False
CALL-59502,CUST-30637,289,Afternoon (13-17h),Success,1159000,AGT-002,False
CALL-69892,CUST-30637,123,Morning (8-11h),Call Back Later,0,AGT-020,True
CALL-14840,CUST-30637,84,Morning (8-11h),Success,753000,AGT-008,False
CALL-84560,CUST-30637,94,Afternoon (13-17h),Success,857000,AGT-002,False
CALL-40130,CUST-30637,181,Evening (17-20h),Success,1209000,AGT-005,True
CALL-55130,CUST-48756,206,Afternoon (13-17h),Success,407000,AGT-002,True
CALL-91747,CUST-48756,120,Afternoon (13-17h),Call Back Later,0,AGT-011,True
CALL-52609,CUST-48756,169,Morning (8-11h),Call Back Later,0,AGT-012,True
CALL-65760,CUST-48756,89,Afternoon (13-17h),Success,1207000,AGT-003,True
CALL-87832,CUST-48756,99,Afternoon (13-17h),Call Back Later,0,AGT-008,True
CALL-27712,CUST-48756,191,Evening (17-20h),Success,1044000,AGT-001,False
CALL-90878,CUST-62735,86,Afternoon (13-17h),Success,1174000,AGT-002,False
CALL-12686,CUST-62735,39,Evening (17-20h),No Answer,0,AGT-007,False
CALL-24855,CUST-62735,184,Evening (17-20h),Success,1065000,AGT-002,False
CALL-68923,CUST-62735,160,Noon (11-13h),Not Interested,0,AGT-008,False
CALL-37603,CUST-62735,233,Afternoon (13-17h),Not Interested,0,AGT-001,False
CALL-69195,CUST-62735,182,Evening (17-20h),Success,2500000,AGT-008,False
CALL-15612,CUST-31891,156,Noon (11-13h),Success,1068000,AGT-002,False
CALL-42448,CUST-31891,34,Afternoon (13-17h),Not Interested,0,AGT-004,False
CALL-30926,CUST-61895,117,Morning (8-11h),Not Interested,0,AGT-006,False
CALL-20456,CUST-61895,76,Noon (11-13h),No Answer,0,AGT-001,False
CALL-53723,CUST-61895,181,Afternoon (13-17h),Success,1133000,AGT-006,False
CALL-42259,CUST-61895,377,Noon (11-13h),Call Back Later,0,AGT-013,True
CALL-73647,CUST-61895,203,Evening (17-20h),Success,844000,AGT-018,False
CALL-93508,CUST-38688,31,Afternoon (13-17h),Success,428000,AGT-008,False
CALL-55572,CUST-38688,149,Afternoon (13-17h),Success,862000,AGT-010,True
CALL-31891,CUST-38688,77,Evening (17-20h),Not Interested,0,AGT-017,False
CALL-89106,CUST-38688,195,Afternoon (13-17h),Success,2219000,AGT-017,False
CALL-24701,CUST-74950,220,Morning (8-11h),Success,1055000,AGT-007,True
CALL-87425,CUST-72382,114,Afternoon (13-17h),No Answer,0,AGT-001,False
CALL-17976,CUST-72382,87,Afternoon (13-17h),No Answer,0,AGT-006,False
CALL-34949,CUST-72382,156,Morning (8-11h),Not Interested,0,AGT-003,False
CALL-54831,CUST-72382,69,Evening (17-20h),Call Back Later,0,AGT-018,True
CALL-71828,CUST-72382,224,Noon (11-13h),Success,985000,AGT-010,False
CALL-63503,CUST-56738,183,Morning (8-11h),No Answer,0,AGT-007,False
CALL-65532,CUST-56738,84,Evening (17-20h),No Answer,0,AGT-002,False
CALL-10270,CUST-85858,45,Morning (8-11h),Not Interested,0,AGT-002,False
CALL-13210,CUST-85858,144,Afternoon (13-17h),Success,1934000,AGT-002,False
CALL-59942,CUST-85858,255,Afternoon (13-17h),Not Interested,0,AGT-005,False
CALL-39338,CUST-85858,213,Afternoon (13-17h),Success,931000,AGT-004,False
CALL-87923,CUST-85858,39,Morning (8-11h),No Answer,0,AGT-005,False
CALL-46105,CUST-85858,169,Afternoon (13-17h),Success,521000,AGT-001,False
CALL-96795,CUST-85858,183,Afternoon (13-17h),Success,1214000,AGT-004,False
CALL-37040,CUST-78632,100,Noon (11-13h),Not Interested,0,AGT-014,False
CALL-31796,CUST-31844,123,Afternoon (13-17h),Success,872000,AGT-001,False
CALL-42467,CUST-31844,205,Morning (8-11h),No Answer,0,AGT-001,False
CALL-45193,CUST-31844,134,Evening (17-20h),Success,906000,AGT-007,False
CALL-52992,CUST-31844,12,Evening (17-20h),Not Interested,0,AGT-002,False
CALL-38779,CUST-31844,58,Afternoon (13-17h),Not Interested,0,AGT-005,False
CALL-48676,CUST-31844,83,Noon (11-13h),Call Back Later,0,AGT-001,True
CALL-70986,CUST-31844,59,Noon (11-13h),No Answer,0,AGT-019,False
CALL-30149,CUST-92223,223,Afternoon (13-17h),Success,1538000,AGT-008,False
CALL-71524,CUST-92223,164,Morning (8-11h),Success,350000,AGT-003,False
CALL-97384,CUST-92223,33,Noon (11-13h),Call Back Later,0,AGT-015,True
CALL-39660,CUST-92223,162,Noon (11-13h),Success,1334000,AGT-010,False
CALL-75362,CUST-92223,236,Afternoon (13-17h),Success,952000,AGT-001,False
CALL-92753,CUST-92223,101,Morning (8-11h),Success,1271000,AGT-018,False
CALL-58605,CUST-92223,154,Morning (8-11h),Call Back Later,0,AGT-001,True
CALL-56669,CUST-96376,129,Evening (17-20h),Success,659000,AGT-019,False
CALL-84900,CUST-96899,43,Evening (17-20h),Not Interested,0,AGT-001,False
CALL-19708,CUST-96899,162,Afternoon (13-17h),Call Back Later,0,AGT-001,True
CALL-97776,CUST-96899,75,Afternoon (13-17h),Success,486000,AGT-006,False
CALL-58904,CUST-96899,322,Morning (8-11h),Success,500000,AGT-004,False
CALL-96634,CUST-99489,40,Evening (17-20h),Not Interested,0,AGT-003,False
CALL-27351,CUST-99489,118,Evening (17-20h),Success,527000,AGT-016,False
CALL-51172,CUST-72963,246,Morning (8-11h),Success,543000,AGT-001,False
CALL-72102,CUST-72963,84,Afternoon (13-17h),Call Back Later,0,AGT-002,True
CALL-71136,CUST-72963,160,Morning (8-11h),Call Back Later,0,AGT-002,True
CALL-45073,CUST-72963,600,Afternoon (13-17h),Success,350000,AGT-001,False
CALL-61746,CUST-72963,233,Noon (11-13h),Success,537000,AGT-001,False
CALL-84929,CUST-72963,166,Evening (17-20h),No Answer,0,AGT-002,False
CALL-21568,CUST-65357,212,Afternoon (13-17h),Success,387000,AGT-001,False
CALL-40926,CUST-65357,173,Afternoon (13-17h),Success,1655000,AGT-001,False
CALL-53308,CUST-65357,55,Afternoon (13-17h),No Answer,0,AGT-006,False
CALL-79182,CUST-65357,156,Afternoon (13-17h),Success,1129000,AGT-001,False
CALL-31300,CUST-65357,484,Afternoon (13-17h),Success,582000,AGT-018,False
CALL-77758,CUST-65357,284,Morning (8-11h),Not Interested,0,AGT-002,False
CALL-80268,CUST-45337,95,Afternoon (13-17h),Call Back Later,0,AGT-006,True
CALL-21193,CUST-45337,104,Morning (8-11h),Success,542000,AGT-012,False
CALL-57043,CUST-45337,507,Afternoon (13-17h),Success,812000,AGT-010,False
CALL-74195,CUST-45337,118,Evening (17-20h),Success,2050000,AGT-001,False
CALL-65342,CUST-48474,85,Afternoon (13-17h),Not Interested,0,AGT-003,False
CALL-97922,CUST-65985,57,Evening (17-20h),Call Back Later,0,AGT-011,True
CALL-45132,CUST-65985,138,Morning (8-11h),Success,990000,AGT-017,False
CALL-17569,CUST-65985,81,Morning (8-11h),Not Interested,0,AGT-009,False
CALL-24558,CUST-65985,133,Afternoon (13-17h),Success,2030000,AGT-003,False
CALL-92623,CUST-85851,163,Morning (8-11h),Success,1378000,AGT-006,False
CALL-96232,CUST-85851,309,Afternoon (13-17h),Success,880000,AGT-011,False
CALL-14703,CUST-85851,103,Afternoon (13-17h),Call Back Later,0,AGT-004,True
CALL-47450,CUST-83127,12,Morning (8-11h),No Answer,0,AGT-015,False
CALL-38673,CUST-83127,98,Noon (11-13h),No Answer,0,AGT-002,False
CALL-87856,CUST-83127,99,Afternoon (13-17h),No Answer,0,AGT-018,False
CALL-28067,CUST-83127,93,Noon (11-13h),Success,1464000,AGT-009,False
CALL-65496,CUST-83127,114,Afternoon (13-17h),Not Interested,0,AGT-015,False
CALL-27630,CUST-83127,18,Evening (17-20h),Not Interested,0,AGT-019,False
CALL-92334,CUST-13773,42,Afternoon (13-17h),Not Interested,0,AGT-001,False
CALL-52936,CUST-13773,89,Afternoon (13-17h),Not Interested,0,AGT-012,False
CALL-20121,CUST-13773,233,Noon (11-13h),Success,1428000,AGT-003,False
CALL-19108,CUST-13773,120,Morning (8-11h),Success,389000,AGT-001,False
CALL-16150,CUST-13773,183,Afternoon (13-17h),Success,1074000,AGT-004,False
CALL-83662,CUST-13773,36,Noon (11-13h),Success,803000,AGT-008,False
CALL-79864,CUST-13773,64,Afternoon (13-17h),Not Interested,0,AGT-001,False
CALL-92702,CUST-99682,5,Noon (11-13h),Not Interested,0,AGT-018,False
CALL-52177,CUST-99682,15,Morning (8-11h),Not Interested,0,AGT-015,False
CALL-53275,CUST-99682,34,Afternoon (13-17h),Not Interested,0,AGT-019,False
CALL-80896,CUST-99682,50,Morning (8-11h),No Answer,0,AGT-002,False
CALL-34957,CUST-99682,61,Afternoon (13-17h),Not Interested,0,AGT-004,False
CALL-80767,CUST-27658,362,Morning (8-11h),Success,545000,AGT-014,False
CALL-42403,CUST-27658,35,Morning (8-11h),Not Interested,0,AGT-006,False
CALL-33754,CUST-27658,107,Afternoon (13-17h),No Answer,0,AGT-013,False
CALL-88192,CUST-27658,66,Afternoon (13-17h),Success,1652000,AGT-001,False
CALL-82096,CUST-27658,80,Afternoon (13-17h),Success,1650000,AGT-005,False
CALL-59368,CUST-27658,27,Morning (8-11h),Call Back Later,0,AGT-016,True
CALL-28163,CUST-27658,68,Afternoon (13-17h),Not Interested,0,AGT-011,False
CALL-52060,CUST-27658,193,Afternoon (13-17h),Call Back Later,0,AGT-001,True
CALL-36645,CUST-27658,107,Morning (8-11h),Success,1014000,AGT-012,False
CALL-78545,CUST-27658,158,Morning (8-11h),Call Back Later,0,AGT-002,True
CALL-25603,CUST-27658,39,Afternoon (13-17h),Not Interested,0,AGT-007,False
CALL-76270,CUST-27658,211,Afternoon (13-17h),Call Back Later,0,AGT-003,True
CALL-62236,CUST-27658,113,Evening (17-20h),Call Back Later,0,AGT-015,True
CALL-74740,CUST-27658,82,Afternoon (13-17h),No Answer,0,AGT-014,False
CALL-58910,CUST-27658,92,Morning (8-11h),No Answer,0,AGT-017,False
CALL-96979,CUST-27658,125,Afternoon (13-17h),Success,711000,AGT-005,False
CALL-36310,CUST-27658,121,Morning (8-11h),No Answer,0,AGT-006,False
CALL-68395,CUST-66433,309,Afternoon (13-17h),Success,934000,AGT-001,False
CALL-10329,CUST-66433,129,Afternoon (13-17h),Call Back Later,0,AGT-007,True
CALL-33353,CUST-66433,125,Morning (8-11h),Success,1075000,AGT-019,False
CALL-63647,CUST-66433,103,Morning (8-11h),Success,818000,AGT-014,False
CALL-77574,CUST-66433,147,Morning (8-11h),Call Back Later,0,AGT-003,True
CALL-49125,CUST-49549,227,Morning (8-11h),Success,1052000,AGT-002,False
CALL-38942,CUST-49549,15,Morning (8-11h),No Answer,0,AGT-003,False
CALL-64691,CUST-49549,12,Morning (8-11h),No Answer,0,AGT-013,False
CALL-28302,CUST-49549,99,Afternoon (13-17h),Success,925000,AGT-005,False
CALL-57215,CUST-64995,58,Evening (17-20h),Not Interested,0,AGT-002,False
CALL-20369,CUST-91254,120,Morning (8-11h),Success,781000,AGT-006,False
CALL-27807,CUST-91254,122,Noon (11-13h),Success,679000,AGT-002,False
CALL-27396,CUST-91254,98,Morning (8-11h),No Answer,0,AGT-007,False
CALL-32888,CUST-91254,273,Afternoon (13-17h),Success,698000,AGT-003,False
CALL-45589,CUST-91254,52,Evening (17-20h),Call Back Later,0,AGT-010,True
CALL-62180,CUST-91254,63,Noon (11-13h),Not Interested,0,AGT-005,False
CALL-45938,CUST-91254,330,Evening (17-20h),Success,1218000,AGT-005,False
CALL-37218,CUST-22022,33,Evening (17-20h),Success,1487000,AGT-001,False
CALL-71578,CUST-22022,93,Noon (11-13h),Not Interested,0,AGT-018,False
CALL-23784,CUST-22022,84,Morning (8-11h),Success,413000,AGT-001,False
CALL-96619,CUST-22022,167,Evening (17-20h),Success,1380000,AGT-001,False
CALL-15326,CUST-22022,108,Afternoon (13-17h),Not Interested,0,AGT-001,False
CALL-26785,CUST-22022,28,Afternoon (13-17h),No Answer,0,AGT-001,False
CALL-78345,CUST-22022,73,Noon (11-13h),Success,746000,AGT-004,False
CALL-81669,CUST-27933,66,Morning (8-11h),Success,1014000,AGT-001,False
CALL-72843,CUST-27933,192,Noon (11-13h),Not Interested,0,AGT-002,False
CALL-12430,CUST-27933,329,Afternoon (13-17h),Call Back Later,0,AGT-011,True
CALL-34018,CUST-27933,273,Afternoon (13-17h),Success,547000,AGT-008,False
CALL-96220,CUST-19696,105,Morning (8-11h),Call Back Later,0,AGT-001,True
CALL-96368,CUST-19696,236,Afternoon (13-17h),Success,580000,AGT-012,False
CALL-94848,CUST-27425,240,Afternoon (13-17h),Success,1522000,AGT-003,False
CALL-13629,CUST-27425,380,Evening (17-20h),Success,1207000,AGT-013,False
CALL-89238,CUST-35222,81,Afternoon (13-17h),Call Back Later,0,AGT-003,True
CALL-37731,CUST-35222,185,Evening (17-20h),Success,1333000,AGT-017,False
CALL-62482,CUST-58373,60,Morning (8-11h),Not Interested,0,AGT-014,False
CALL-47150,CUST-58373,30,Evening (17-20h),Not Interested,0,AGT-002,False
CALL-56093,CUST-58373,38,Afternoon (13-17h),No Answer,0,AGT-007,False
CALL-18552,CUST-58373,151,Afternoon (13-17h),Success,2255000,AGT-004,False
CALL-41342,CUST-55213,65,Noon (11-13h),Call Back Later,0,AGT-004,True
CALL-23109,CUST-55213,39,Morning (8-11h),Not Interested,0,AGT-004,False
CALL-62163,CUST-55213,336,Morning (8-11h),Success,1389000,AGT-007,False
CALL-56998,CUST-55213,149,Noon (11-13h),Success,2203000,AGT-003,False
CALL-26176,CUST-55213,298,Noon (11-13h),Success,579000,AGT-008,False
CALL-16658,CUST-55213,82,Afternoon (13-17h),Success,670000,AGT-002,False
CALL-51506,CUST-55213,215,Morning (8-11h),Success,2205000,AGT-016,False
CALL-91054,CUST-55213,47,Morning (8-11h),Success,444000,AGT-016,False
CALL-50186,CUST-55213,65,Morning (8-11h),Success,499000,AGT-009,False
CALL-17907,CUST-55213,80,Evening (17-20h),No Answer,0,AGT-006,False
CALL-75719,CUST-37232,66,Morning (8-11h),Success,984000,AGT-007,False
CALL-42550,CUST-37232,36,Afternoon (13-17h),Not Interested,0,AGT-003,False
CALL-20686,CUST-37232,71,Noon (11-13h),Success,644000,AGT-003,False
CALL-28473,CUST-37232,23,Afternoon (13-17h),Not Interested,0,AGT-005,False
CALL-79776,CUST-37232,119,Morning (8-11h),No Answer,0,AGT-002,False
CALL-19621,CUST-37232,256,Evening (17-20h),Success,1989000,AGT-002,False
CALL-66074,CUST-37232,59,Noon (11-13h),No Answer,0,AGT-005,False
CALL-45725,CUST-37232,98,Morning (8-11h),Call Back Later,0,AGT-008,True
CALL-64188,CUST-37232,239,Noon (11-13h),Success,478000,AGT-004,False
CALL-12251,CUST-37232,341,Evening (17-20h),Success,1334000,AGT-001,False
CALL-17253,CUST-37232,226,Noon (11-13h),Success,1370000,AGT-003,False
CALL-81410,CUST-15766,122,Afternoon (13-17h),No Answer,0,AGT-009,False
CALL-67416,CUST-15766,171,Evening (17-20h),Not Interested,0,AGT-011,False
CALL-43153,CUST-15766,183,Evening (17-20h),Success,1027000,AGT-011,False
CALL-70232,CUST-34690,173,Evening (17-20h),Success,1157000,AGT-008,True
CALL-27155,CUST-34690,65,Morning (8-11h),Success,1513000,AGT-002,False
CALL-67919,CUST-34690,206,Afternoon (13-17h),Success,989000,AGT-003,False
CALL-12962,CUST-34690,253,Afternoon (13-17h),Success,1700000,AGT-006,False
CALL-95190,CUST-58334,7,Afternoon (13-17h),Not Interested,0,AGT-018,False
CALL-70243,CUST-58334,80,Afternoon (13-17h),Success,559000,AGT-001,False
CALL-78624,CUST-96592,160,Afternoon (13-17h),Not Interested,0,AGT-007,False
CALL-27856,CUST-96592,134,Noon (11-13h),Success,588000,AGT-003,False
CALL-60127,CUST-96592,162,Afternoon (13-17h),Success,1036000,AGT-003,False
CALL-61163,CUST-96592,42,Afternoon (13-17h),No Answer,0,AGT-010,False
CALL-32384,CUST-93944,6,Evening (17-20h),No Answer,0,AGT-008,False
CALL-61803,CUST-93944,126,Afternoon (13-17h),Not Interested,0,AGT-005,True
CALL-79516,CUST-93944,105,Evening (17-20h),Success,1025000,AGT-001,False
CALL-78564,CUST-93944,249,Evening (17-20h),Call Back Later,0,AGT-001,True
CALL-72341,CUST-93944,161,Morning (8-11h),Not Interested,0,AGT-005,False
CALL-42876,CUST-93944,7,Morning (8-11h),No Answer,0,AGT-013,False
CALL-61159,CUST-63445,164,Evening (17-20h),Success,350000,AGT-005,False
CALL-47607,CUST-63445,304,Afternoon (13-17h),Call Back Later,0,AGT-006,True
CALL-71482,CUST-63445,243,Morning (8-11h),Not Interested,0,AGT-020,True
CALL-61025,CUST-52086,162,Noon (11-13h),Success,1049000,AGT-002,False
CALL-41425,CUST-52086,72,Noon (11-13h),Success,898000,AGT-005,True
CALL-39347,CUST-27111,95,Morning (8-11h),No Answer,0,AGT-011,False
CALL-85761,CUST-27111,93,Evening (17-20h),Success,350000,AGT-018,False
CALL-29808,CUST-27111,184,Noon (11-13h),Call Back Later,0,AGT-013,True
CALL-90649,CUST-27111,175,Afternoon (13-17h),Success,1105000,AGT-005,False
CALL-38163,CUST-27111,119,Evening (17-20h),Not Interested,0,AGT-008,False
CALL-45048,CUST-23076,229,Evening (17-20h),Not Interested,0,AGT-012,False
CALL-49955,CUST-53969,58,Morning (8-11h),Not Interested,0,AGT-003,False
CALL-69283,CUST-53969,216,Morning (8-11h),Success,894000,AGT-012,False
CALL-30561,CUST-53969,346,Morning (8-11h),Success,917000,AGT-005,False
CALL-97511,CUST-55649,281,Morning (8-11h),Success,1328000,AGT-002,False
CALL-48107,CUST-55649,217,Noon (11-13h),Call Back Later,0,AGT-004,True
CALL-15421,CUST-55649,70,Afternoon (13-17h),Success,527000,AGT-017,False
CALL-46045,CUST-55649,145,Morning (8-11h),Success,927000,AGT-006,False
CALL-70593,CUST-55649,182,Morning (8-11h),Success,1070000,AGT-017,False
CALL-91852,CUST-37674,139,Noon (11-13h),Success,544000,AGT-017,False
CALL-59100,CUST-37674,181,Morning (8-11h),Success,1533000,AGT-008,False
CALL-90442,CUST-37674,417,Morning (8-11h),Not Interested,0,AGT-001,False
CALL-47335,CUST-37674,274,Afternoon (13-17h),Call Back Later,0,AGT-017,True
CALL-44768,CUST-37674,370,Afternoon (13-17h),Success,908000,AGT-010,False
CALL-40739,CUST-37674,264,Afternoon (13-17h),Call Back Later,0,AGT-003,True
CALL-88877,CUST-37674,97,Noon (11-13h),Success,350000,AGT-004,False
CALL-80311,CUST-37674,46,Afternoon (13-17h),No Answer,0,AGT-001,True
CALL-23481,CUST-37674,94,Evening (17-20h),Success,729000,AGT-015,False
CALL-50320,CUST-37674,134,Afternoon (13-17h),Not Interested,0,AGT-017,False
CALL-33087,CUST-37674,253,Afternoon (13-17h),Not Interested,0,AGT-001,False
CALL-86619,CUST-37674,222,Afternoon (13-17h),No Answer,0,AGT-011,False
CALL-28710,CUST-37674,57,Morning (8-11h),No Answer,0,AGT-005,False
CALL-55838,CUST-37674,142,Evening (17-20h),Success,732000,AGT-001,False
CALL-81725,CUST-37674,305,Afternoon (13-17h),Success,1038000,AGT-008,False
CALL-61465,CUST-38758,59,Afternoon (13-17h),No Answer,0,AGT-011,False
CALL-41683,CUST-38758,109,Afternoon (13-17h),Success,488000,AGT-005,False
CALL-66456,CUST-77986,91,Morning (8-11h),Success,647000,AGT-001,False
CALL-90443,CUST-75206,235,Morning (8-11h),Call Back Later,0,AGT-019,True
CALL-90863,CUST-64924,381,Afternoon (13-17h),Success,1239000,AGT-004,False
CALL-32514,CUST-64924,86,Afternoon (13-17h),Call Back Later,0,AGT-018,True
CALL-87345,CUST-64924,70,Evening (17-20h),Success,677000,AGT-003,False
CALL-74367,CUST-64924,35,Afternoon (13-17h),No Answer,0,AGT-006,False
CALL-23029,CUST-64924,128,Morning (8-11h),Success,637000,AGT-005,False
CALL-10532,CUST-80515,245,Afternoon (13-17h),Not Interested,0,AGT-001,False
CALL-85282,CUST-80515,21,Noon (11-13h),Not Interested,0,AGT-017,False
CALL-65645,CUST-80515,115,Afternoon (13-17h),No Answer,0,AGT-008,False
CALL-66996,CUST-80515,162,Afternoon (13-17h),Call Back Later,0,AGT-013,True
CALL-25372,CUST-80515,222,Morning (8-11h),No Answer,0,AGT-001,False
CALL-69825,CUST-80515,155,Noon (11-13h),Success,638000,AGT-001,False
CALL-83474,CUST-80515,43,Afternoon (13-17h),No Answer,0,AGT-003,False
CALL-56156,CUST-78992,73,Evening (17-20h),Success,388000,AGT-019,True
CALL-65113,CUST-78992,328,Noon (11-13h),No Answer,0,AGT-014,False
CALL-81789,CUST-78992,199,Afternoon (13-17h),Success,1045000,AGT-012,False
CALL-45359,CUST-80733,85,Noon (11-13h),Not Interested,0,AGT-011,False
CALL-62550,CUST-80733,113,Noon (11-13h),Success,682000,AGT-007,False
CALL-26774,CUST-80733,51,Afternoon (13-17h),Not Interested,0,AGT-009,False
CALL-15117,CUST-80733,18,Evening (17-20h),No Answer,0,AGT-003,False
CALL-36916,CUST-80733,121,Noon (11-13h),Success,2500000,AGT-015,False
CALL-82537,CUST-80733,68,Noon (11-13h),Success,1043000,AGT-003,False
CALL-44386,CUST-80733,166,Morning (8-11h),Success,1718000,AGT-003,True
CALL-56855,CUST-20716,442,Afternoon (13-17h),Success,873000,AGT-001,False
CALL-89236,CUST-20716,158,Noon (11-13h),Not Interested,0,AGT-001,False
CALL-63640,CUST-20716,158,Morning (8-11h),Success,488000,AGT-002,False
CALL-42292,CUST-20716,243,Afternoon (13-17h),Success,681000,AGT-001,False
CALL-53024,CUST-20716,34,Afternoon (13-17h),Call Back Later,0,AGT-005,True
CALL-46552,CUST-20716,182,Morning (8-11h),Success,428000,AGT-002,False
CALL-76334,CUST-54680,50,Afternoon (13-17h),No Answer,0,AGT-003,False
CALL-85285,CUST-78207,239,Afternoon (13-17h),Not Interested,0,AGT-004,False
CALL-54929,CUST-78207,157,Afternoon (13-17h),Success,743000,AGT-002,False
CALL-16401,CUST-78207,38,Afternoon (13-17h),Not Interested,0,AGT-001,False
CALL-82931,CUST-57595,160,Afternoon (13-17h),Call Back Later,0,AGT-001,True
CALL-31195,CUST-57595,29,Morning (8-11h),Not Interested,0,AGT-015,False
CALL-24130,CUST-57595,37,Morning (8-11h),Success,1171000,AGT-003,False
CALL-26830,CUST-57595,26,Morning (8-11h),Call Back Later,0,AGT-003,True
CALL-98458,CUST-57595,251,Afternoon (13-17h),Success,1085000,AGT-013,False
CALL-84404,CUST-57595,171,Morning (8-11h),Success,866000,AGT-003,False
CALL-85427,CUST-57595,135,Afternoon (13-17h),Call Back Later,0,AGT-011,True
CALL-58587,CUST-57595,56,Afternoon (13-17h),Not Interested,0,AGT-002,True
CALL-20275,CUST-74408,183,Morning (8-11h),Success,829000,AGT-001,False
CALL-64666,CUST-95017,138,Morning (8-11h),Success,1664000,AGT-011,False
CALL-74268,CUST-95017,77,Afternoon (13-17h),Success,1215000,AGT-006,False
CALL-63838,CUST-95017,148,Morning (8-11h),Success,963000,AGT-001,False
CALL-24708,CUST-95017,172,Morning (8-11h),Success,650000,AGT-004,True
CALL-45509,CUST-45101,42,Noon (11-13h),Call Back Later,0,AGT-011,True
CALL-22314,CUST-45101,299,Evening (17-20h),Success,2045000,AGT-020,True
CALL-11838,CUST-11507,107,Afternoon (13-17h),Call Back Later,0,AGT-003,True
CALL-66613,CUST-11507,178,Morning (8-11h),Success,1225000,AGT-003,False
CALL-29179,CUST-11507,100,Afternoon (13-17h),Success,1745000,AGT-012,False
CALL-46064,CUST-11507,159,Noon (11-13h),Success,1155000,AGT-001,False
CALL-90516,CUST-11507,88,Morning (8-11h),Not Interested,0,AGT-006,False
CALL-12840,CUST-11507,94,Afternoon (13-17h),No Answer,0,AGT-005,False
CALL-54143,CUST-11507,86,Afternoon (13-17h),Success,1142000,AGT-001,False
CALL-77179,CUST-76426,134,Evening (17-20h),Success,535000,AGT-004,False
CALL-78982,CUST-76426,205,Afternoon (13-17h),Success,715000,AGT-020,False
CALL-86467,CUST-76426,208,Afternoon (13-17h),Not Interested,0,AGT-012,False
CALL-83127,CUST-81937,199,Evening (17-20h),Call Back Later,0,AGT-005,True
CALL-48001,CUST-81937,144,Noon (11-13h),Success,1864000,AGT-011,False
CALL-21254,CUST-81937,79,Afternoon (13-17h),Success,676000,AGT-003,False
CALL-56849,CUST-81937,202,Evening (17-20h),Success,714000,AGT-001,False
CALL-22901,CUST-81937,132,Afternoon (13-17h),Success,1794000,AGT-003,True
CALL-85892,CUST-81937,69,Morning (8-11h),Success,657000,AGT-001,False
CALL-34854,CUST-81937,106,Evening (17-20h),Not Interested,0,AGT-004,False
CALL-20398,CUST-81937,219,Noon (11-13h),Success,2445000,AGT-019,False
CALL-34111,CUST-81937,44,Morning (8-11h),Call Back Later,0,AGT-012,True
CALL-71547,CUST-81937,311,Afternoon (13-17h),Success,1372000,AGT-009,False
CALL-33648,CUST-11596,476,Noon (11-13h),Call Back Later,0,AGT-003,True
CALL-82279,CUST-11596,79,Noon (11-13h),Success,844000,AGT-001,False
CALL-83033,CUST-11596,88,Morning (8-11h),Call Back Later,0,AGT-008,True
CALL-75050,CUST-11596,101,Morning (8-11h),Not Interested,0,AGT-001,False
CALL-62415,CUST-11596,76,Morning (8-11h),Success,772000,AGT-005,False
CALL-80253,CUST-11596,386,Morning (8-11h),Not Interested,0,AGT-014,False
CALL-77180,CUST-11596,101,Noon (11-13h),Success,1209000,AGT-015,False
CALL-17547,CUST-79432,40,Afternoon (13-17h),Success,2018000,AGT-004,False
CALL-86158,CUST-79432,139,Morning (8-11h),Success,844000,AGT-001,True
CALL-95225,CUST-79432,57,Afternoon (13-17h),Call Back Later,0,AGT-017,True
CALL-32899,CUST-79432,30,Evening (17-20h),No Answer,0,AGT-005,False
CALL-13247,CUST-79432,64,Noon (11-13h),Success,569000,AGT-008,False
CALL-56845,CUST-79432,70,Evening (17-20h),Call Back Later,0,AGT-019,True
CALL-54678,CUST-79432,102,Afternoon (13-17h),Call Back Later,0,AGT-001,True
CALL-60867,CUST-76080,20,Evening (17-20h),Call Back Later,0,AGT-012,True
CALL-29672,CUST-76080,364,Morning (8-11h),Success,730000,AGT-017,True
CALL-48116,CUST-76080,153,Afternoon (13-17h),Success,735000,AGT-001,False
CALL-14770,CUST-76080,189,Morning (8-11h),Success,1348000,AGT-020,False
CALL-27261,CUST-76080,129,Evening (17-20h),Success,750000,AGT-020,False
CALL-81204,CUST-76080,270,Noon (11-13h),Success,762000,AGT-002,True
CALL-25167,CUST-76080,87,Morning (8-11h),No Answer,0,AGT-006,False
CALL-14190,CUST-96684,128,Afternoon (13-17h),Call Back Later,0,AGT-004,True
CALL-70600,CUST-96684,52,Morning (8-11h),No Answer,0,AGT-011,False
CALL-19961,CUST-96684,108,Morning (8-11h),Success,2500000,AGT-019,False
CALL-80752,CUST-96684,119,Noon (11-13h),Success,855000,AGT-020,False
CALL-25703,CUST-66307,57,Morning (8-11h),Not Interested,0,AGT-006,False
CALL-28914,CUST-66307,152,Morning (8-11h),Success,760000,AGT-010,False
CALL-44597,CUST-66307,162,Noon (11-13h),Success,385000,AGT-020,True
CALL-17925,CUST-66307,192,Morning (8-11h),Call Back Later,0,AGT-001,True
CALL-45500,CUST-66307,159,Afternoon (13-17h),Success,477000,AGT-001,False
CALL-49889,CUST-50134,111,Morning (8-11h),Success,1189000,AGT-004,False
CALL-31056,CUST-50134,219,Afternoon (13-17h),Success,1108000,AGT-011,False
CALL-23435,CUST-50134,127,Afternoon (13-17h),Success,1212000,AGT-003,False
CALL-96441,CUST-79896,14,Afternoon (13-17h),Not Interested,0,AGT-003,False
CALL-71459,CUST-79896,32,Afternoon (13-17h),No Answer,0,AGT-016,False
CALL-60107,CUST-79896,51,Afternoon (13-17h),Not Interested,0,AGT-001,False
CALL-19327,CUST-96151,64,Afternoon (13-17h),Success,1097000,AGT-002,False
CALL-21234,CUST-96151,152,Noon (11-13h),Success,708000,AGT-020,False
CALL-12591,CUST-96151,277,Noon (11-13h),Success,436000,AGT-002,False
CALL-57104,CUST-10759,173,Noon (11-13h),Call Back Later,0,AGT-010,True
CALL-63546,CUST-10759,146,Morning (8-11h),Success,1420000,AGT-001,False
CALL-88378,CUST-10759,19,Noon (11-13h),No Answer,0,AGT-001,False
CALL-93297,CUST-10759,8,Afternoon (13-17h),No Answer,0,AGT-003,False
CALL-27443,CUST-10759,305,Afternoon (13-17h),Success,778000,AGT-006,False
CALL-17662,CUST-10759,83,Noon (11-13h),Success,1675000,AGT-008,False
CALL-12000,CUST-10759,154,Afternoon (13-17h),Success,1574000,AGT-002,False
CALL-55611,CUST-10399,168,Afternoon (13-17h),Success,776000,AGT-003,False
CALL-93610,CUST-10399,461,Noon (11-13h),Success,948000,AGT-018,False
CALL-57835,CUST-10399,369,Afternoon (13-17h),Success,2500000,AGT-001,False
CALL-86825,CUST-14404,517,Noon (11-13h),Success,2500000,AGT-001,True
CALL-63609,CUST-14404,191,Morning (8-11h),Success,903000,AGT-004,False
CALL-60736,CUST-14404,328,Evening (17-20h),Not Interested,0,AGT-019,False
CALL-13106,CUST-38317,42,Afternoon (13-17h),No Answer,0,AGT-014,False
CALL-10261,CUST-39343,467,Morning (8-11h),Success,1991000,AGT-002,False
CALL-49921,CUST-39343,215,Afternoon (13-17h),Success,595000,AGT-001,False
CALL-27302,CUST-39343,95,Afternoon (13-17h),Not Interested,0,AGT-004,False
CALL-12045,CUST-39343,231,Morning (8-11h),Success,1547000,AGT-020,False
CALL-66861,CUST-39343,280,Noon (11-13h),Success,873000,AGT-010,False
CALL-25094,CUST-39343,178,Morning (8-11h),Success,699000,AGT-013,False
CALL-26517,CUST-44055,292,Afternoon (13-17h),Success,1001000,AGT-003,False
CALL-62172,CUST-44055,113,Morning (8-11h),Success,419000,AGT-002,False
CALL-58617,CUST-44055,178,Morning (8-11h),Success,712000,AGT-001,True
CALL-21306,CUST-25152,50,Morning (8-11h),Not Interested,0,AGT-005,False
CALL-73596,CUST-25152,95,Evening (17-20h),Call Back Later,0,AGT-004,True
CALL-43900,CUST-25152,81,Morning (8-11h),Success,1174000,AGT-002,False
CALL-47700,CUST-25152,41,Morning (8-11h),Not Interested,0,AGT-001,False
CALL-40378,CUST-25152,14,Afternoon (13-17h),No Answer,0,AGT-008,False
CALL-79315,CUST-95284,98,Afternoon (13-17h),Success,478000,AGT-004,False
CALL-46586,CUST-95284,53,Morning (8-11h),Not Interested,0,AGT-009,False
CALL-25045,CUST-95284,142,Afternoon (13-17h),Success,1463000,AGT-001,False
CALL-25211,CUST-95284,158,Afternoon (13-17h),Success,416000,AGT-001,False
CALL-68003,CUST-95284,374,Morning (8-11h),Success,1357000,AGT-001,False
CALL-63559,CUST-95284,77,Afternoon (13-17h),Success,1209000,AGT-009,False
CALL-94658,CUST-95284,281,Evening (17-20h),Success,1110000,AGT-001,False
CALL-60459,CUST-95284,153,Morning (8-11h),Not Interested,0,AGT-008,False
CALL-62319,CUST-95284,173,Morning (8-11h),Success,880000,AGT-003,False
CALL-36314,CUST-95284,136,Noon (11-13h),Success,1276000,AGT-016,True
CALL-80821,CUST-95284,249,Evening (17-20h),Success,907000,AGT-005,False
CALL-37748,CUST-95284,136,Afternoon (13-17h),Not Interested,0,AGT-011,False
CALL-39699,CUST-95284,133,Afternoon (13-17h),Success,728000,AGT-006,False
CALL-88481,CUST-95284,51,Evening (17-20h),Success,1080000,AGT-006,False
CALL-74502,CUST-95284,60,Morning (8-11h),No Answer,0,AGT-002,False
CALL-63126,CUST-95284,154,Evening (17-20h),No Answer,0,AGT-003,False
CALL-93254,CUST-95284,88,Evening (17-20h),Not Interested,0,AGT-013,False
CALL-94406,CUST-95284,28,Afternoon (13-17h),Success,1316000,AGT-020,False
CALL-80655,CUST-95284,81,Noon (11-13h),Success,983000,AGT-003,False
CALL-34075,CUST-95284,220,Evening (17-20h),Success,700000,AGT-005,False
CALL-44829,CUST-95284,143,Morning (8-11h),Not Interested,0,AGT-002,False
CALL-89287,CUST-95284,71,Morning (8-11h),Success,728000,AGT-001,True
CALL-90733,CUST-95284,118,Morning (8-11h),Call Back Later,0,AGT-006,True
CALL-74654,CUST-67334,237,Noon (11-13h),Success,854000,AGT-001,False
CALL-91134,CUST-59664,50,Afternoon (13-17h),Success,419000,AGT-010,False
CALL-83758,CUST-59664,46,Noon (11-13h),Not Interested,0,AGT-001,False
CALL-82563,CUST-59664,139,Afternoon (13-17h),Success,1532000,AGT-001,False
CALL-40742,CUST-59664,82,Noon (11-13h),Not Interested,0,AGT-001,False
CALL-96742,CUST-59664,139,Morning (8-11h),Success,762000,AGT-015,True
CALL-67686,CUST-59664,123,Morning (8-11h),Success,571000,AGT-001,False
CALL-37860,CUST-73878,139,Morning (8-11h),No Answer,0,AGT-006,False
CALL-23400,CUST-73878,384,Afternoon (13-17h),Success,1138000,AGT-004,True
CALL-89821,CUST-73878,37,Morning (8-11h),No Answer,0,AGT-007,False
CALL-29115,CUST-73878,197,Noon (11-13h),Call Back Later,0,AGT-003,True
CALL-86561,CUST-73878,166,Afternoon (13-17h),Call Back Later,0,AGT-004,True
CALL-14880,CUST-73878,190,Afternoon (13-17h),Not Interested,0,AGT-019,False
CALL-60668,CUST-73878,18,Afternoon (13-17h),No Answer,0,AGT-002,False
CALL-95475,CUST-25591,212,Afternoon (13-17h),Success,2500000,AGT-001,False
CALL-92450,CUST-25591,99,Afternoon (13-17h),Success,1125000,AGT-001,False
CALL-33757,CUST-25591,134,Afternoon (13-17h),Success,750000,AGT-007,False
CALL-98662,CUST-25591,109,Morning (8-11h),No Answer,0,AGT-001,False
CALL-32805,CUST-48833,56,Afternoon (13-17h),Success,994000,AGT-014,False
CALL-29107,CUST-48833,102,Noon (11-13h),Success,714000,AGT-007,False
CALL-67347,CUST-48833,123,Noon (11-13h),Success,1434000,AGT-012,False
CALL-49334,CUST-48833,178,Evening (17-20h),Success,405000,AGT-009,False
CALL-84747,CUST-48833,157,Evening (17-20h),Success,1468000,AGT-010,False
CALL-81892,CUST-48833,113,Afternoon (13-17h),Not Interested,0,AGT-020,False
CALL-87909,CUST-48833,127,Afternoon (13-17h),Success,509000,AGT-006,False
CALL-62036,CUST-76439,126,Evening (17-20h),Success,996000,AGT-002,True
CALL-98369,CUST-76439,174,Noon (11-13h),Success,2445000,AGT-007,False
CALL-53246,CUST-29466,211,Afternoon (13-17h),Success,1339000,AGT-005,False
CALL-95443,CUST-29466,226,Noon (11-13h),Success,1067000,AGT-001,False
CALL-26799,CUST-29466,92,Evening (17-20h),Success,670000,AGT-002,False
CALL-84743,CUST-29466,99,Afternoon (13-17h),Call Back Later,0,AGT-008,True
CALL-65970,CUST-29466,85,Afternoon (13-17h),Call Back Later,0,AGT-004,True
CALL-93402,CUST-29466,124,Afternoon (13-17h),Success,350000,AGT-002,False
CALL-86496,CUST-29466,457,Afternoon (13-17h),Success,1368000,AGT-006,False
CALL-11534,CUST-29466,91,Morning (8-11h),No Answer,0,AGT-002,False
CALL-71158,CUST-29466,190,Afternoon (13-17h),Call Back Later,0,AGT-020,True
CALL-47998,CUST-48010,193,Morning (8-11h),Success,1779000,AGT-011,False
CALL-46733,CUST-38113,161,Morning (8-11h),Not Interested,0,AGT-001,False
CALL-58145,CUST-38113,16,Morning (8-11h),Not Interested,0,AGT-003,False
CALL-73432,CUST-10756,115,Morning (8-11h),Call Back Later,0,AGT-002,True
CALL-43449,CUST-10756,173,Afternoon (13-17h),Success,1126000,AGT-002,False
CALL-74231,CUST-80228,65,Morning (8-11h),Call Back Later,0,AGT-002,True
CALL-83796,CUST-80228,20,Noon (11-13h),Success,519000,AGT-001,False
CALL-68817,CUST-80228,176,Afternoon (13-17h),Success,802000,AGT-002,False
CALL-53335,CUST-80228,217,Morning (8-11h),Success,679000,AGT-001,False
CALL-38539,CUST-80228,109,Noon (11-13h),Success,2218000,AGT-011,False
CALL-82400,CUST-80228,79,Afternoon (13-17h),Success,350000,AGT-001,False
CALL-63343,CUST-80228,311,Evening (17-20h),Not Interested,0,AGT-001,False
CALL-62634,CUST-80228,222,Noon (11-13h),Success,350000,AGT-010,False
CALL-85535,CUST-47111,47,Morning (8-11h),Call Back Later,0,AGT-010,True
CALL-67437,CUST-63806,136,Afternoon (13-17h),Call Back Later,0,AGT-003,True
CALL-44868,CUST-63806,53,Evening (17-20h),Not Interested,0,AGT-015,False
CALL-80921,CUST-63806,94,Evening (17-20h),Call Back Later,0,AGT-003,True
CALL-66486,CUST-63806,279,Afternoon (13-17h),Success,1328000,AGT-005,False
CALL-99544,CUST-63806,281,Morning (8-11h),Success,920000,AGT-012,True
CALL-42970,CUST-63806,77,Afternoon (13-17h),Success,956000,AGT-001,True
CALL-86417,CUST-63806,186,Afternoon (13-17h),Success,584000,AGT-001,False
CALL-96091,CUST-63806,49,Afternoon (13-17h),Not Interested,0,AGT-007,False
CALL-34996,CUST-24448,445,Noon (11-13h),Success,609000,AGT-003,False
CALL-63035,CUST-24448,20,Noon (11-13h),No Answer,0,AGT-002,False
CALL-14407,CUST-50888,91,Noon (11-13h),Call Back Later,0,AGT-012,True
CALL-54403,CUST-50888,185,Morning (8-11h),Not Interested,0,AGT-006,False
CALL-45082,CUST-50888,57,Noon (11-13h),Success,1232000,AGT-015,False
CALL-99477,CUST-50888,48,Afternoon (13-17h),Call Back Later,0,AGT-004,True
CALL-42090,CUST-50888,118,Afternoon (13-17h),Call Back Later,0,AGT-006,True
CALL-20615,CUST-50888,70,Morning (8-11h),No Answer,0,AGT-014,False
CALL-54436,CUST-50888,17,Afternoon (13-17h),No Answer,0,AGT-004,False
CALL-97460,CUST-51477,118,Noon (11-13h),Success,607000,AGT-010,False
CALL-42066,CUST-51477,180,Morning (8-11h),Success,451000,AGT-002,False
CALL-61005,CUST-51477,103,Morning (8-11h),Success,725000,AGT-001,False
CALL-81942,CUST-51477,115,Evening (17-20h),Call Back Later,0,AGT-007,True
CALL-64549,CUST-51477,161,Afternoon (13-17h),Success,700000,AGT-002,False
CALL-36170,CUST-51477,363,Morning (8-11h),Success,880000,AGT-001,False
CALL-11525,CUST-51477,87,Afternoon (13-17h),Call Back Later,0,AGT-019,True
CALL-65059,CUST-51477,153,Morning (8-11h),Call Back Later,0,AGT-002,True
CALL-69479,CUST-51477,116,Morning (8-11h),Not Interested,0,AGT-016,False
CALL-66662,CUST-51477,45,Evening (17-20h),No Answer,0,AGT-007,False
CALL-73895,CUST-53084,203,Evening (17-20h),Call Back Later,0,AGT-001,True
CALL-39445,CUST-53084,302,Afternoon (13-17h),Success,1050000,AGT-015,True
CALL-42977,CUST-53084,180,Morning (8-11h),Call Back Later,0,AGT-001,True
CALL-86195,CUST-95794,11,Morning (8-11h),No Answer,0,AGT-008,False
CALL-11471,CUST-95794,91,Morning (8-11h),Not Interested,0,AGT-003,False
CALL-42013,CUST-95794,180,Morning (8-11h),Not Interested,0,AGT-001,False
CALL-84411,CUST-95794,246,Evening (17-20h),Success,1139000,AGT-004,False
CALL-70266,CUST-95794,26,Morning (8-11h),No Answer,0,AGT-001,False
CALL-11656,CUST-95794,44,Afternoon (13-17h),Call Back Later,0,AGT-016,True
CALL-10954,CUST-95794,157,Noon (11-13h),Success,911000,AGT-007,False
CALL-32474,CUST-95794,129,Afternoon (13-17h),Success,741000,AGT-005,False
CALL-24643,CUST-95794,118,Afternoon (13-17h),Success,751000,AGT-009,False
CALL-52937,CUST-95794,349,Morning (8-11h),Success,1524000,AGT-016,False
CALL-17336,CUST-95794,373,Noon (11-13h),Success,426000,AGT-008,False
CALL-42667,CUST-63116,54,Afternoon (13-17h),No Answer,0,AGT-018,False
CALL-18271,CUST-67585,19,Morning (8-11h),No Answer,0,AGT-002,False
CALL-37761,CUST-67585,112,Morning (8-11h),Success,996000,AGT-018,False
CALL-79834,CUST-38671,200,Afternoon (13-17h),Success,1377000,AGT-008,False
CALL-36845,CUST-38671,262,Afternoon (13-17h),Call Back Later,0,AGT-003,True
CALL-27083,CUST-38671,88,Afternoon (13-17h),No Answer,0,AGT-007,False
CALL-27893,CUST-38671,65,Afternoon (13-17h),Success,387000,AGT-008,False
CALL-75402,CUST-38671,163,Noon (11-13h),No Answer,0,AGT-003,False
CALL-72716,CUST-38671,100,Afternoon (13-17h),Success,451000,AGT-005,False
CALL-20953,CUST-92270,124,Morning (8-11h),Success,563000,AGT-001,False
CALL-81339,CUST-79037,181,Morning (8-11h),Success,679000,AGT-002,False
CALL-30604,CUST-34127,105,Evening (17-20h),Success,745000,AGT-001,False
CALL-39906,CUST-34127,32,Evening (17-20h),No Answer,0,AGT-001,False
CALL-80970,CUST-34127,67,Morning (8-11h),No Answer,0,AGT-018,False
CALL-38773,CUST-34127,70,Afternoon (13-17h),Call Back Later,0,AGT-002,True
CALL-74733,CUST-34127,71,Afternoon (13-17h),Success,598000,AGT-005,False
CALL-11059,CUST-34127,15,Morning (8-11h),No Answer,0,AGT-006,False
CALL-48857,CUST-34127,411,Morning (8-11h),Call Back Later,0,AGT-009,True
CALL-45641,CUST-34127,43,Afternoon (13-17h),Success,482000,AGT-004,True
CALL-53550,CUST-34127,208,Afternoon (13-17h),Not Interested,0,AGT-001,False
CALL-76221,CUST-34127,58,Afternoon (13-17h),No Answer,0,AGT-007,False
CALL-57438,CUST-72830,87,Morning (8-11h),Success,635000,AGT-007,False
CALL-45025,CUST-72830,121,Afternoon (13-17h),Success,699000,AGT-003,False
CALL-46872,CUST-72830,74,Morning (8-11h),Success,393000,AGT-020,False
CALL-99442,CUST-72830,327,Afternoon (13-17h),Success,730000,AGT-003,False
CALL-62071,CUST-72830,600,Afternoon (13-17h),Success,782000,AGT-001,False
CALL-29547,CUST-72830,18,Afternoon (13-17h),Not Interested,0,AGT-001,False
CALL-53154,CUST-72830,250,Noon (11-13h),Success,1306000,AGT-018,False
CALL-46094,CUST-72830,137,Afternoon (13-17h),Not Interested,0,AGT-010,False
CALL-75509,CUST-72830,91,Afternoon (13-17h),Not Interested,0,AGT-013,False
CALL-86829,CUST-72830,221,Morning (8-11h),Success,760000,AGT-019,False
CALL-32061,CUST-17115,267,Morning (8-11h),Success,904000,AGT-009,False
CALL-28643,CUST-17115,112,Afternoon (13-17h),Success,1084000,AGT-001,False
CALL-92984,CUST-17115,300,Morning (8-11h),Success,1014000,AGT-014,False
CALL-80664,CUST-39554,13,Afternoon (13-17h),No Answer,0,AGT-001,False
CALL-33872,CUST-35179,199,Morning (8-11h),Not Interested,0,AGT-008,False
CALL-61946,CUST-35179,124,Morning (8-11h),Not Interested,0,AGT-001,False
CALL-26177,CUST-35179,143,Morning (8-11h),Call Back Later,0,AGT-003,True
CALL-36531,CUST-35179,246,Morning (8-11h),Success,557000,AGT-005,False
CALL-54696,CUST-35179,184,Afternoon (13-17h),Success,476000,AGT-009,True
CALL-41969,CUST-35179,419,Afternoon (13-17h),Success,1182000,AGT-014,False
CALL-47350,CUST-96811,468,Morning (8-11h),Not Interested,0,AGT-001,False
CALL-30445,CUST-96811,104,Morning (8-11h),Not Interested,0,AGT-013,False
CALL-36521,CUST-68818,38,Morning (8-11h),Not Interested,0,AGT-010,False
CALL-13089,CUST-68818,119,Afternoon (13-17h),Success,689000,AGT-012,False
CALL-75737,CUST-68818,53,Morning (8-11h),Not Interested,0,AGT-005,False
CALL-32418,CUST-68818,84,Evening (17-20h),Call Back Later,0,AGT-006,True
CALL-65222,CUST-68818,133,Afternoon (13-17h),No Answer,0,AGT-001,False
CALL-31416,CUST-18088,26,Evening (17-20h),No Answer,0,AGT-013,False
CALL-24519,CUST-18088,176,Morning (8-11h),Not Interested,0,AGT-001,False
CALL-41469,CUST-18088,112,Evening (17-20h),Success,553000,AGT-006,False
CALL-87612,CUST-18088,63,Evening (17-20h),Not Interested,0,AGT-002,False
CALL-96178,CUST-18088,7,Morning (8-11h),No Answer,0,AGT-001,False
CALL-22393,CUST-18088,241,Evening (17-20h),Success,512000,AGT-002,False
CALL-15617,CUST-18088,268,Noon (11-13h),Call Back Later,0,AGT-001,True
CALL-26679,CUST-99853,248,Morning (8-11h),Success,1327000,AGT-002,False
CALL-57982,CUST-99853,53,Noon (11-13h),Success,765000,AGT-004,False
CALL-69583,CUST-99853,164,Morning (8-11h),Success,1263000,AGT-006,False
CALL-39073,CUST-73865,275,Afternoon (13-17h),Success,395000,AGT-001,False
CALL-14534,CUST-84513,153,Afternoon (13-17h),Success,2391000,AGT-002,True
CALL-44977,CUST-84513,143,Noon (11-13h),Call Back Later,0,AGT-008,True
CALL-14580,CUST-84513,382,Noon (11-13h),Success,1673000,AGT-001,False
CALL-87169,CUST-84513,84,Morning (8-11h),Success,602000,AGT-002,False
CALL-65005,CUST-69303,72,Afternoon (13-17h),Success,350000,AGT-006,False
CALL-69271,CUST-69303,59,Morning (8-11h),Not Interested,0,AGT-004,False
CALL-91197,CUST-59692,16,Afternoon (13-17h),Not Interested,0,AGT-003,False
CALL-19940,CUST-59692,326,Afternoon (13-17h),Success,590000,AGT-008,True
CALL-94568,CUST-56041,151,Afternoon (13-17h),Success,953000,AGT-002,False
CALL-49281,CUST-56041,85,Afternoon (13-17h),No Answer,0,AGT-003,False
CALL-31574,CUST-56041,130,Evening (17-20h),Not Interested,0,AGT-005,False
CALL-59208,CUST-56041,347,Afternoon (13-17h),Success,1493000,AGT-003,False
CALL-51480,CUST-56041,28,Noon (11-13h),No Answer,0,AGT-003,False
CALL-53510,CUST-13174,318,Evening (17-20h),Success,1765000,AGT-018,False
CALL-20689,CUST-13174,121,Afternoon (13-17h),No Answer,0,AGT-002,False
CALL-89190,CUST-13174,173,Morning (8-11h),Not Interested,0,AGT-003,False
CALL-46816,CUST-13174,180,Afternoon (13-17h),Success,1184000,AGT-001,False
CALL-64931,CUST-13174,361,Morning (8-11h),Success,847000,AGT-020,False
CALL-53705,CUST-13174,56,Noon (11-13h),Not Interested,0,AGT-012,False
CALL-15503,CUST-13174,528,Morning (8-11h),Success,1143000,AGT-001,False
CALL-75638,CUST-13174,35,Morning (8-11h),Success,1052000,AGT-001,False
CALL-90576,CUST-13174,67,Morning (8-11h),No Answer,0,AGT-003,True
CALL-96292,CUST-86443,203,Afternoon (13-17h),Call Back Later,0,AGT-004,True
CALL-87569,CUST-86443,331,Afternoon (13-17h),Call Back Later,0,AGT-003,True
CALL-31290,CUST-86443,59,Noon (11-13h),Not Interested,0,AGT-003,False
CALL-76788,CUST-86443,30,Afternoon (13-17h),Success,712000,AGT-002,False
CALL-37634,CUST-86443,344,Morning (8-11h),Success,1079000,AGT-001,False
CALL-23341,CUST-16109,87,Afternoon (13-17h),Success,350000,AGT-002,False
CALL-12779,CUST-16109,93,Afternoon (13-17h),Success,1175000,AGT-002,False
CALL-28468,CUST-37078,136,Morning (8-11h),Call Back Later,0,AGT-005,True
CALL-63179,CUST-37078,116,Afternoon (13-17h),Success,1349000,AGT-001,False
CALL-38412,CUST-37078,208,Morning (8-11h),Success,1316000,AGT-001,False
CALL-48219,CUST-37078,37,Afternoon (13-17h),Success,455000,AGT-005,False
CALL-57719,CUST-37078,26,Morning (8-11h),No Answer,0,AGT-002,False
CALL-27590,CUST-37078,171,Morning (8-11h),Success,744000,AGT-006,False
CALL-46300,CUST-37078,179,Morning (8-11h),Success,763000,AGT-013,False
CALL-75444,CUST-37078,207,Afternoon (13-17h),Success,494000,AGT-014,False
CALL-78757,CUST-37078,199,Afternoon (13-17h),Success,917000,AGT-001,False
CALL-10345,CUST-37078,27,Noon (11-13h),Not Interested,0,AGT-002,False
CALL-26867,CUST-91883,196,Noon (11-13h),Success,1009000,AGT-009,False
CALL-44313,CUST-49899,190,Noon (11-13h),Success,910000,AGT-005,True
CALL-70466,CUST-49899,32,Evening (17-20h),Not Interested,0,AGT-001,False
CALL-40721,CUST-58492,267,Afternoon (13-17h),Success,738000,AGT-016,True
CALL-61870,CUST-58492,57,Evening (17-20h),Not Interested,0,AGT-008,False
CALL-51820,CUST-75513,51,Afternoon (13-17h),Call Back Later,0,AGT-001,True
CALL-13977,CUST-75513,211,Noon (11-13h),Success,552000,AGT-002,False
CALL-33480,CUST-86850,41,Afternoon (13-17h),No Answer,0,AGT-020,False
CALL-26489,CUST-86850,102,Afternoon (13-17h),Not Interested,0,AGT-004,False
CALL-65576,CUST-86850,89,Evening (17-20h),Success,1253000,AGT-002,False
CALL-40685,CUST-86850,76,Afternoon (13-17h),Call Back Later,0,AGT-001,True
CALL-50429,CUST-86850,61,Afternoon (13-17h),Call Back Later,0,AGT-001,True
CALL-74870,CUST-17821,479,Afternoon (13-17h),Success,712000,AGT-009,False
CALL-74053,CUST-17821,202,Evening (17-20h),Call Back Later,0,AGT-009,True
CALL-42372,CUST-59515,68,Morning (8-11h),Success,1012000,AGT-009,False
CALL-69882,CUST-59515,70,Evening (17-20h),Success,1283000,AGT-016,False
CALL-38251,CUST-59515,159,Noon (11-13h),Success,2028000,AGT-014,False
CALL-89216,CUST-95008,89,Noon (11-13h),Success,371000,AGT-001,False
CALL-27889,CUST-95008,167,Morning (8-11h),Success,1123000,AGT-001,False
CALL-24419,CUST-95008,44,Noon (11-13h),Not Interested,0,AGT-001,False
CALL-73911,CUST-95008,136,Afternoon (13-17h),Call Back Later,0,AGT-003,True
CALL-43037,CUST-95008,221,Morning (8-11h),Success,573000,AGT-003,False
CALL-61425,CUST-95008,130,Morning (8-11h),Success,1663000,AGT-014,False
CALL-84362,CUST-95008,95,Morning (8-11h),Call Back Later,0,AGT-005,True
CALL-81536,CUST-96838,180,Morning (8-11h),Success,906000,AGT-009,False
CALL-12757,CUST-96838,12,Afternoon (13-17h),No Answer,0,AGT-001,False
CALL-97847,CUST-96838,221,Morning (8-11h),Success,654000,AGT-001,True
CALL-68348,CUST-96838,15,Evening (17-20h),No Answer,0,AGT-001,False
CALL-51675,CUST-86471,248,Noon (11-13h),No Answer,0,AGT-001,False
CALL-36273,CUST-53421,92,Afternoon (13-17h),Success,692000,AGT-002,False
CALL-83660,CUST-53421,234,Evening (17-20h),Success,735000,AGT-006,False
CALL-82527,CUST-53421,274,Morning (8-11h),Call Back Later,0,AGT-008,True
CALL-58209,CUST-43670,97,Afternoon (13-17h),Success,1459000,AGT-010,False
CALL-28730,CUST-43670,259,Afternoon (13-17h),Success,457000,AGT-011,False
CALL-30796,CUST-43670,150,Afternoon (13-17h),Success,596000,AGT-001,False
CALL-33213,CUST-43670,179,Evening (17-20h),Call Back Later,0,AGT-001,True
CALL-87536,CUST-43670,304,Morning (8-11h),Success,1413000,AGT-003,False
CALL-87247,CUST-43670,164,Afternoon (13-17h),Success,881000,AGT-018,False
CALL-98459,CUST-43670,235,Afternoon (13-17h),Success,1067000,AGT-005,False
CALL-15016,CUST-43670,453,Afternoon (13-17h),Success,1474000,AGT-012,False
CALL-81923,CUST-43670,233,Morning (8-11h),Success,350000,AGT-016,False
CALL-62767,CUST-43670,90,Morning (8-11h),Success,1415000,AGT-005,False
CALL-21168,CUST-87090,154,Noon (11-13h),Success,350000,AGT-002,False
CALL-83440,CUST-23380,70,Afternoon (13-17h),Not Interested,0,AGT-011,False
CALL-15478,CUST-23380,160,Afternoon (13-17h),Success,1096000,AGT-006,True
CALL-28085,CUST-23380,100,Morning (8-11h),Success,509000,AGT-019,False
CALL-89360,CUST-43114,172,Morning (8-11h),Success,779000,AGT-006,False
CALL-75581,CUST-54455,237,Noon (11-13h),Call Back Later,0,AGT-016,True
CALL-85965,CUST-12089,68,Morning (8-11h),Success,425000,AGT-004,False
CALL-97336,CUST-42301,132,Morning (8-11h),Success,558000,AGT-020,False
CALL-45868,CUST-42301,53,Afternoon (13-17h),Not Interested,0,AGT-004,False
CALL-37321,CUST-14586,71,Afternoon (13-17h),Success,797000,AGT-002,False
CALL-20777,CUST-14586,149,Afternoon (13-17h),Call Back Later,0,AGT-005,True
CALL-87786,CUST-14586,94,Noon (11-13h),Success,1384000,AGT-001,False
CALL-36961,CUST-14586,343,Morning (8-11h),Success,1414000,AGT-010,True
CALL-30775,CUST-14586,22,Morning (8-11h),Success,1115000,AGT-010,False
CALL-74294,CUST-24999,394,Morning (8-11h),Success,395000,AGT-014,False
CALL-90838,CUST-24999,233,Evening (17-20h),Success,1663000,AGT-009,False
CALL-71165,CUST-24999,200,Evening (17-20h),Success,1066000,AGT-001,False
CALL-92234,CUST-24999,223,Morning (8-11h),Success,1155000,AGT-015,False
CALL-35486,CUST-24999,219,Evening (17-20h),Success,1352000,AGT-005,False
CALL-13696,CUST-24999,88,Morning (8-11h),No Answer,0,AGT-007,False
CALL-16641,CUST-24999,242,Afternoon (13-17h),Call Back Later,0,AGT-003,True
CALL-94787,CUST-24999,159,Noon (11-13h),Not Interested,0,AGT-004,False
CALL-47595,CUST-99419,26,Afternoon (13-17h),Call Back Later,0,AGT-003,True
CALL-51833,CUST-99419,72,Afternoon (13-17h),Success,496000,AGT-012,False
CALL-92882,CUST-99419,53,Evening (17-20h),Success,350000,AGT-001,False
CALL-34203,CUST-81174,110,Evening (17-20h),Call Back Later,0,AGT-001,True
CALL-67997,CUST-81174,15,Morning (8-11h),No Answer,0,AGT-010,False
CALL-62082,CUST-81174,215,Afternoon (13-17h),Success,1607000,AGT-003,False
CALL-33399,CUST-79035,243,Noon (11-13h),Success,581000,AGT-004,False
CALL-76259,CUST-40499,86,Morning (8-11h),Success,820000,AGT-007,False
CALL-14708,CUST-14332,175,Noon (11-13h),Success,656000,AGT-001,False
CALL-39876,CUST-14332,353,Noon (11-13h),Success,983000,AGT-009,False
CALL-71864,CUST-14332,93,Afternoon (13-17h),Success,409000,AGT-011,False
CALL-46353,CUST-14332,93,Afternoon (13-17h),No Answer,0,AGT-003,False
CALL-98928,CUST-87274,105,Noon (11-13h),Success,560000,AGT-009,False
CALL-97251,CUST-80436,202,Afternoon (13-17h),Success,1235000,AGT-004,False
CALL-30767,CUST-80436,91,Morning (8-11h),Success,350000,AGT-003,False
CALL-62784,CUST-80436,107,Evening (17-20h),Success,1070000,AGT-001,False
CALL-38269,CUST-27116,197,Afternoon (13-17h),Success,1450000,AGT-020,False
CALL-63263,CUST-27116,188,Noon (11-13h),Success,393000,AGT-004,False
CALL-53774,CUST-27116,82,Afternoon (13-17h),Success,618000,AGT-015,False
CALL-96140,CUST-27116,51,Noon (11-13h),No Answer,0,AGT-003,False
CALL-33191,CUST-27116,97,Morning (8-11h),No Answer,0,AGT-002,False
CALL-60840,CUST-27116,116,Evening (17-20h),Success,1878000,AGT-011,False
CALL-22327,CUST-27116,151,Noon (11-13h),Success,1479000,AGT-011,False
CALL-17146,CUST-92144,131,Afternoon (13-17h),Success,1117000,AGT-016,False
CALL-73959,CUST-92144,40,Afternoon (13-17h),Call Back Later,0,AGT-011,True
CALL-95969,CUST-92144,90,Afternoon (13-17h),No Answer,0,AGT-009,False
CALL-30093,CUST-92144,16,Morning (8-11h),No Answer,0,AGT-001,False
CALL-42837,CUST-92144,151,Afternoon (13-17h),Success,921000,AGT-001,False
CALL-81670,CUST-92144,49,Afternoon (13-17h),No Answer,0,AGT-006,False
CALL-89038,CUST-92144,30,Evening (17-20h),No Answer,0,AGT-006,False
CALL-19628,CUST-92144,100,Noon (11-13h),Success,1215000,AGT-008,False
CALL-69535,CUST-92144,169,Afternoon (13-17h),Success,752000,AGT-007,True
CALL-64727,CUST-44616,128,Noon (11-13h),Success,1732000,AGT-001,False
CALL-28998,CUST-44616,379,Afternoon (13-17h),Call Back Later,0,AGT-018,True
CALL-75067,CUST-28420,22,Evening (17-20h),No Answer,0,AGT-004,False
CALL-22352,CUST-28420,20,Noon (11-13h),Call Back Later,0,AGT-010,True
CALL-79767,CUST-28420,77,Noon (11-13h),Success,1083000,AGT-010,False
CALL-12309,CUST-63022,236,Afternoon (13-17h),Success,576000,AGT-002,False
CALL-58822,CUST-34627,82,Afternoon (13-17h),Call Back Later,0,AGT-003,True
CALL-89184,CUST-34627,57,Morning (8-11h),Not Interested,0,AGT-001,False
CALL-96119,CUST-34627,178,Evening (17-20h),Call Back Later,0,AGT-001,True
CALL-82260,CUST-34627,90,Morning (8-11h),Success,1375000,AGT-001,False
CALL-59856,CUST-34627,299,Evening (17-20h),Success,738000,AGT-001,False
CALL-89005,CUST-38435,103,Morning (8-11h),Success,947000,AGT-009,False
CALL-46865,CUST-38435,238,Afternoon (13-17h),Call Back Later,0,AGT-005,True
CALL-39355,CUST-38435,110,Noon (11-13h),Call Back Later,0,AGT-003,True
CALL-38743,CUST-38435,170,Afternoon (13-17h),Success,614000,AGT-001,False
CALL-14990,CUST-38435,264,Afternoon (13-17h),Success,1666000,AGT-003,False
CALL-44708,CUST-38435,20,Morning (8-11h),No Answer,0,AGT-012,False
CALL-28697,CUST-38435,13,Noon (11-13h),No Answer,0,AGT-017,False
CALL-62413,CUST-50175,23,Afternoon (13-17h),No Answer,0,AGT-003,False
CALL-52703,CUST-50175,51,Morning (8-11h),Not Interested,0,AGT-009,False
CALL-69054,CUST-50175,272,Noon (11-13h),Success,682000,AGT-014,False
CALL-19207,CUST-50175,416,Morning (8-11h),Success,1434000,AGT-003,False
CALL-56878,CUST-50175,117,Afternoon (13-17h),No Answer,0,AGT-002,False
CALL-41793,CUST-50175,87,Morning (8-11h),Call Back Later,0,AGT-003,True
CALL-93664,CUST-50175,163,Afternoon (13-17h),Success,1219000,AGT-003,False
CALL-69050,CUST-50175,67,Afternoon (13-17h),Not Interested,0,AGT-009,False
CALL-54272,CUST-93628,156,Morning (8-11h),Success,847000,AGT-002,False
CALL-33236,CUST-93628,265,Afternoon (13-17h),Success,670000,AGT-001,True
CALL-92812,CUST-93628,164,Afternoon (13-17h),Success,1340000,AGT-006,False
CALL-80074,CUST-93628,45,Morning (8-11h),Call Back Later,0,AGT-001,True
CALL-88590,CUST-49776,113,Afternoon (13-17h),Success,1660000,AGT-004,False
CALL-97104,CUST-49776,449,Morning (8-11h),Success,1689000,AGT-009,False
CALL-44015,CUST-49776,179,Afternoon (13-17h),Success,404000,AGT-002,False
CALL-93587,CUST-49776,80,Evening (17-20h),Success,435000,AGT-001,False
CALL-29718,CUST-49776,65,Afternoon (13-17h),Success,812000,AGT-015,False
CALL-60280,CUST-49776,78,Noon (11-13h),Success,536000,AGT-003,False
CALL-34056,CUST-49776,219,Afternoon (13-17h),Success,616000,AGT-002,False
CALL-69043,CUST-49776,147,Evening (17-20h),Success,574000,AGT-009,False
CALL-35734,CUST-49776,49,Afternoon (13-17h),Not Interested,0,AGT-001,False
CALL-31105,CUST-49776,254,Afternoon (13-17h),Success,1689000,AGT-009,False
CALL-37254,CUST-49776,440,Noon (11-13h),Not Interested,0,AGT-007,False
CALL-42490,CUST-49776,153,Afternoon (13-17h),Success,350000,AGT-002,False
CALL-45869,CUST-49776,289,Morning (8-11h),Success,658000,AGT-003,False
CALL-52302,CUST-49776,43,Afternoon (13-17h),Not Interested,0,AGT-016,False
CALL-90503,CUST-49776,107,Afternoon (13-17h),Success,1329000,AGT-009,False
CALL-80733,CUST-88301,38,Morning (8-11h),Not Interested,0,AGT-013,False
CALL-77701,CUST-88301,226,Afternoon (13-17h),Call Back Later,0,AGT-004,True
CALL-46487,CUST-88301,124,Afternoon (13-17h),Success,859000,AGT-007,False
CALL-91053,CUST-88301,13,Afternoon (13-17h),Not Interested,0,AGT-002,False
CALL-91120,CUST-88301,44,Afternoon (13-17h),No Answer,0,AGT-004,False
CALL-15506,CUST-88301,113,Evening (17-20h),Success,2208000,AGT-019,False
CALL-58526,CUST-88301,24,Afternoon (13-17h),Call Back Later,0,AGT-008,True
CALL-78301,CUST-88301,47,Afternoon (13-17h),Call Back Later,0,AGT-002,True
CALL-52299,CUST-88301,273,Afternoon (13-17h),Success,585000,AGT-009,False
CALL-87106,CUST-88301,63,Afternoon (13-17h),Success,580000,AGT-020,False
CALL-68898,CUST-85331,151,Afternoon (13-17h),Call Back Later,0,AGT-009,True
CALL-64278,CUST-44492,245,Evening (17-20h),No Answer,0,AGT-007,False
CALL-47561,CUST-44492,213,Afternoon (13-17h),Call Back Later,0,AGT-007,True
CALL-44837,CUST-44492,362,Noon (11-13h),Success,555000,AGT-010,False
CALL-41637,CUST-55694,258,Evening (17-20h),Call Back Later,0,AGT-019,True
CALL-42049,CUST-55694,147,Afternoon (13-17h),Call Back Later,0,AGT-001,True
CALL-69472,CUST-55694,28,Afternoon (13-17h),Not Interested,0,AGT-001,False
CALL-95991,CUST-55694,117,Afternoon (13-17h),Success,823000,AGT-008,False
CALL-17075,CUST-10354,215,Afternoon (13-17h),Success,825000,AGT-001,False
CALL-73358,CUST-10354,55,Afternoon (13-17h),Not Interested,0,AGT-012,False
CALL-14868,CUST-10354,276,Evening (17-20h),Success,666000,AGT-002,False
CALL-63668,CUST-10354,125,Afternoon (13-17h),Call Back Later,0,AGT-011,True
CALL-18241,CUST-44421,214,Afternoon (13-17h),Success,519000,AGT-015,False
CALL-89128,CUST-44421,213,Afternoon (13-17h),Success,1636000,AGT-001,False
CALL-83911,CUST-44421,220,Afternoon (13-17h),Success,1462000,AGT-016,False
CALL-43789,CUST-44421,82,Afternoon (13-17h),Success,1221000,AGT-001,False
CALL-67823,CUST-10659,366,Evening (17-20h),Not Interested,0,AGT-002,False
CALL-48800,CUST-10659,313,Afternoon (13-17h),Success,1037000,AGT-002,True
CALL-96162,CUST-10659,137,Morning (8-11h),Success,958000,AGT-003,False
CALL-15691,CUST-30697,41,Morning (8-11h),Not Interested,0,AGT-009,False
CALL-72007,CUST-82575,85,Morning (8-11h),Success,622000,AGT-001,False
CALL-62418,CUST-82575,82,Afternoon (13-17h),Success,1431000,AGT-004,True
CALL-52665,CUST-82575,26,Morning (8-11h),Success,1402000,AGT-015,False
CALL-70055,CUST-82575,68,Evening (17-20h),Success,1467000,AGT-001,False
CALL-51637,CUST-82575,5,Morning (8-11h),Not Interested,0,AGT-006,False
CALL-98648,CUST-82953,186,Afternoon (13-17h),Not Interested,0,AGT-007,False
CALL-74264,CUST-82953,108,Evening (17-20h),Success,819000,AGT-002,False
CALL-33275,CUST-82953,223,Evening (17-20h),Not Interested,0,AGT-012,False
CALL-52486,CUST-34824,95,Morning (8-11h),No Answer,0,AGT-018,False
CALL-12042,CUST-34824,24,Afternoon (13-17h),Not Interested,0,AGT-003,False
CALL-32146,CUST-34824,39,Afternoon (13-17h),Call Back Later,0,AGT-013,True
CALL-94974,CUST-34824,120,Evening (17-20h),Success,392000,AGT-002,False
CALL-84035,CUST-34824,119,Afternoon (13-17h),Not Interested,0,AGT-002,False
CALL-65692,CUST-34824,67,Morning (8-11h),Success,1249000,AGT-006,False
CALL-62465,CUST-13054,65,Noon (11-13h),Call Back Later,0,AGT-005,True
CALL-11096,CUST-13054,231,Noon (11-13h),Success,919000,AGT-016,True
CALL-94529,CUST-13054,16,Afternoon (13-17h),Not Interested,0,AGT-004,False
CALL-39695,CUST-13054,160,Evening (17-20h),Success,983000,AGT-006,False
CALL-83806,CUST-13054,98,Afternoon (13-17h),Success,350000,AGT-003,False
CALL-89056,CUST-13054,231,Evening (17-20h),Not Interested,0,AGT-002,False
CALL-50218,CUST-13054,466,Afternoon (13-17h),Success,489000,AGT-009,False
CALL-23929,CUST-13054,34,Afternoon (13-17h),Call Back Later,0,AGT-001,True
CALL-40514,CUST-93918,203,Morning (8-11h),Success,369000,AGT-014,False
CALL-58084,CUST-93918,195,Afternoon (13-17h),Not Interested,0,AGT-016,False
CALL-38170,CUST-93918,58,Noon (11-13h),Success,866000,AGT-005,False
CALL-16546,CUST-93918,80,Morning (8-11h),Call Back Later,0,AGT-001,True
CALL-51090,CUST-93918,104,Evening (17-20h),Success,631000,AGT-003,False
CALL-47460,CUST-93918,189,Morning (8-11h),Success,951000,AGT-001,False
CALL-90159,CUST-93918,132,Evening (17-20h),Success,1052000,AGT-002,False
CALL-61441,CUST-51607,325,Morning (8-11h),Success,474000,AGT-008,False
CALL-82483,CUST-51607,52,Morning (8-11h),Call Back Later,0,AGT-001,True
CALL-32234,CUST-51607,117,Afternoon (13-17h),No Answer,0,AGT-002,False
CALL-86664,CUST-51607,156,Evening (17-20h),Success,1826000,AGT-007,False
CALL-28042,CUST-51607,93,Morning (8-11h),Success,563000,AGT-013,False
CALL-94846,CUST-96086,45,Morning (8-11h),Not Interested,0,AGT-009,False
CALL-97649,CUST-96086,280,Afternoon (13-17h),Success,1050000,AGT-007,False
CALL-58254,CUST-59893,151,Evening (17-20h),Call Back Later,0,AGT-001,True
CALL-20656,CUST-59893,16,Noon (11-13h),Not Interested,0,AGT-011,False
CALL-86394,CUST-59893,70,Afternoon (13-17h),Success,1298000,AGT-002,False
CALL-20958,CUST-59893,55,Noon (11-13h),Not Interested,0,AGT-010,False
CALL-89232,CUST-59893,380,Morning (8-11h),Success,628000,AGT-003,False
CALL-35535,CUST-59893,99,Morning (8-11h),Not Interested,0,AGT-004,False
CALL-18412,CUST-59893,334,Afternoon (13-17h),Success,1335000,AGT-016,False
CALL-72836,CUST-46027,176,Evening (17-20h),Success,1045000,AGT-001,False
CALL-64032,CUST-46027,169,Morning (8-11h),Success,952000,AGT-007,False
CALL-33034,CUST-46027,68,Afternoon (13-17h),No Answer,0,AGT-012,False
CALL-48361,CUST-46027,98,Afternoon (13-17h),Success,2500000,AGT-002,False
CALL-72763,CUST-46027,32,Morning (8-11h),No Answer,0,AGT-003,False
CALL-91637,CUST-46027,253,Noon (11-13h),Success,635000,AGT-002,False
CALL-49385,CUST-46027,255,Evening (17-20h),Success,1466000,AGT-010,False
CALL-89092,CUST-28291,169,Noon (11-13h),Not Interested,0,AGT-007,False
CALL-63392,CUST-28291,132,Morning (8-11h),Success,958000,AGT-004,True
CALL-81247,CUST-28291,110,Morning (8-11h),No Answer,0,AGT-014,False
CALL-64272,CUST-46101,284,Afternoon (13-17h),No Answer,0,AGT-002,False
CALL-30206,CUST-46101,151,Afternoon (13-17h),Success,1066000,AGT-001,False
CALL-67118,CUST-46101,81,Evening (17-20h),Success,690000,AGT-011,False
CALL-24055,CUST-46101,74,Afternoon (13-17h),Call Back Later,0,AGT-002,True
CALL-23623,CUST-46101,358,Morning (8-11h),Call Back Later,0,AGT-003,True
CALL-12326,CUST-46101,60,Morning (8-11h),Not Interested,0,AGT-006,False
CALL-85235,CUST-46101,117,Evening (17-20h),No Answer,0,AGT-020,False
CALL-82627,CUST-46101,194,Afternoon (13-17h),Success,682000,AGT-003,False
CALL-21436,CUST-46101,239,Afternoon (13-17h),Success,564000,AGT-007,False
CALL-65781,CUST-46101,161,Afternoon (13-17h),Success,910000,AGT-016,False
CALL-19390,CUST-46101,136,Morning (8-11h),Success,2500000,AGT-002,False
CALL-22648,CUST-85824,129,Afternoon (13-17h),Success,613000,AGT-012,False
CALL-48462,CUST-85824,105,Morning (8-11h),No Answer,0,AGT-010,False
CALL-93960,CUST-85824,45,Afternoon (13-17h),No Answer,0,AGT-011,False
CALL-44036,CUST-90041,218,Evening (17-20h),Success,718000,AGT-012,False
CALL-76229,CUST-90041,83,Evening (17-20h),No Answer,0,AGT-004,False
CALL-94087,CUST-90041,37,Morning (8-11h),Not Interested,0,AGT-001,False
CALL-62648,CUST-90041,50,Noon (11-13h),Call Back Later,0,AGT-005,True
CALL-81054,CUST-90041,150,Afternoon (13-17h),Success,604000,AGT-001,False
CALL-81970,CUST-90041,209,Afternoon (13-17h),Success,352000,AGT-001,False
CALL-94115,CUST-90041,146,Afternoon (13-17h),Success,1460000,AGT-004,False
CALL-62227,CUST-90041,114,Afternoon (13-17h),Call Back Later,0,AGT-002,True
CALL-77899,CUST-90041,122,Morning (8-11h),Success,1021000,AGT-003,False
CALL-13844,CUST-90041,62,Morning (8-11h),No Answer,0,AGT-001,False
CALL-77724,CUST-90041,258,Afternoon (13-17h),Success,1168000,AGT-014,True
CALL-68331,CUST-31040,51,Afternoon (13-17h),No Answer,0,AGT-010,False
CALL-92054,CUST-50103,165,Morning (8-11h),Not Interested,0,AGT-007,False
CALL-57700,CUST-50103,246,Noon (11-13h),Success,1275000,AGT-001,False
CALL-28005,CUST-37926,154,Morning (8-11h),Success,350000,AGT-002,False
CALL-73353,CUST-57259,198,Evening (17-20h),Success,732000,AGT-007,False
CALL-64279,CUST-57259,68,Noon (11-13h),Success,964000,AGT-001,False
CALL-59160,CUST-92615,161,Noon (11-13h),Success,715000,AGT-013,False
CALL-67732,CUST-92615,235,Afternoon (13-17h),Not Interested,0,AGT-015,False
CALL-78330,CUST-92615,219,Morning (8-11h),Call Back Later,0,AGT-006,True
CALL-54634,CUST-31446,237,Morning (8-11h),No Answer,0,AGT-001,False
CALL-54355,CUST-31446,100,Evening (17-20h),Success,732000,AGT-002,False
CALL-24966,CUST-31446,268,Afternoon (13-17h),Success,909000,AGT-001,False
CALL-95286,CUST-31446,141,Afternoon (13-17h),Call Back Later,0,AGT-002,True
CALL-51027,CUST-31446,95,Afternoon (13-17h),Success,1305000,AGT-012,False
CALL-70952,CUST-31446,362,Afternoon (13-17h),Success,1218000,AGT-002,False
CALL-96718,CUST-31446,17,Morning (8-11h),No Answer,0,AGT-012,False
CALL-30766,CUST-31446,133,Evening (17-20h),Success,1342000,AGT-014,False
CALL-91254,CUST-31446,71,Noon (11-13h),Success,1876000,AGT-014,False
CALL-85715,CUST-31446,218,Noon (11-13h),Success,1417000,AGT-013,False
CALL-16877,CUST-31446,66,Morning (8-11h),Not Interested,0,AGT-001,False
CALL-22839,CUST-31178,26,Afternoon (13-17h),No Answer,0,AGT-007,False
CALL-56913,CUST-31178,90,Afternoon (13-17h),Not Interested,0,AGT-004,False
CALL-96274,CUST-31178,98,Afternoon (13-17h),Success,2500000,AGT-002,False
CALL-56718,CUST-54334,78,Afternoon (13-17h),No Answer,0,AGT-017,False
CALL-44110,CUST-54334,38,Noon (11-13h),Call Back Later,0,AGT-019,True
CALL-90312,CUST-54334,113,Afternoon (13-17h),Success,862000,AGT-003,False
CALL-30828,CUST-54334,21,Morning (8-11h),Not Interested,0,AGT-013,False
CALL-93542,CUST-99100,113,Evening (17-20h),Success,1419000,AGT-020,False
CALL-38571,CUST-99100,117,Afternoon (13-17h),Call Back Later,0,AGT-018,True
CALL-76692,CUST-99100,336,Morning (8-11h),Not Interested,0,AGT-002,False
CALL-14410,CUST-28786,149,Morning (8-11h),Success,1242000,AGT-001,False
CALL-51536,CUST-28786,22,Morning (8-11h),Success,671000,AGT-001,False
CALL-86068,CUST-26997,179,Morning (8-11h),Success,350000,AGT-001,True
CALL-71023,CUST-26997,373,Afternoon (13-17h),Success,1482000,AGT-002,False
CALL-59589,CUST-26997,67,Morning (8-11h),Success,437000,AGT-003,False
CALL-88191,CUST-26997,117,Morning (8-11h),Success,522000,AGT-012,False
CALL-40502,CUST-84497,99,Noon (11-13h),Success,941000,AGT-003,False
CALL-85703,CUST-84497,122,Morning (8-11h),Not Interested,0,AGT-016,False
CALL-20253,CUST-24065,119,Morning (8-11h),Success,668000,AGT-008,False
CALL-22435,CUST-24065,115,Afternoon (13-17h),Success,1100000,AGT-001,False
CALL-23420,CUST-24065,73,Evening (17-20h),Not Interested,0,AGT-020,False
CALL-53028,CUST-24065,105,Afternoon (13-17h),Not Interested,0,AGT-002,False
CALL-58024,CUST-94149,133,Afternoon (13-17h),Success,937000,AGT-009,False
CALL-66286,CUST-52186,144,Afternoon (13-17h),Success,967000,AGT-012,False
CALL-84789,CUST-83126,163,Morning (8-11h),Success,1738000,AGT-003,False
CALL-65687,CUST-83126,292,Afternoon (13-17h),Success,1011000,AGT-015,False
CALL-10356,CUST-97233,197,Afternoon (13-17h),Not Interested,0,AGT-012,False
CALL-79082,CUST-97233,144,Afternoon (13-17h),Success,2500000,AGT-011,False
CALL-97612,CUST-97233,96,Noon (11-13h),Success,954000,AGT-015,False
CALL-61942,CUST-97233,487,Afternoon (13-17h),Success,1032000,AGT-003,False
CALL-79155,CUST-15635,21,Morning (8-11h),Not Interested,0,AGT-010,False
CALL-45754,CUST-35993,161,Afternoon (13-17h),Not Interested,0,AGT-004,False
CALL-42338,CUST-52062,224,Afternoon (13-17h),Success,1132000,AGT-009,False
CALL-23253,CUST-52062,134,Afternoon (13-17h),Success,1369000,AGT-010,False
CALL-39202,CUST-45982,70,Afternoon (13-17h),Success,822000,AGT-007,False
CALL-63963,CUST-45982,178,Morning (8-11h),Success,350000,AGT-014,True
CALL-44334,CUST-45982,50,Afternoon (13-17h),No Answer,0,AGT-002,False
CALL-56861,CUST-22563,225,Noon (11-13h),Call Back Later,0,AGT-001,True
CALL-52509,CUST-22563,45,Afternoon (13-17h),Not Interested,0,AGT-008,False
CALL-46785,CUST-22563,313,Morning (8-11h),Call Back Later,0,AGT-001,True
CALL-68027,CUST-22563,178,Morning (8-11h),Success,685000,AGT-002,False
CALL-33183,CUST-22563,139,Morning (8-11h),Success,1428000,AGT-001,False
CALL-83065,CUST-22563,110,Noon (11-13h),Success,1060000,AGT-003,False
CALL-61960,CUST-38314,121,Evening (17-20h),Success,424000,AGT-020,False
CALL-92347,CUST-38314,55,Morning (8-11h),Success,350000,AGT-009,False
CALL-58043,CUST-38314,131,Evening (17-20h),Success,350000,AGT-001,False
CALL-43750,CUST-55642,90,Afternoon (13-17h),Not Interested,0,AGT-019,False
CALL-75115,CUST-55642,83,Evening (17-20h),Success,388000,AGT-018,False
CALL-46969,CUST-55642,466,Afternoon (13-17h),Success,848000,AGT-009,False
CALL-73987,CUST-91784,91,Noon (11-13h),Call Back Later,0,AGT-011,True
CALL-63338,CUST-91784,103,Noon (11-13h),Call Back Later,0,AGT-001,True
CALL-42458,CUST-44134,259,Morning (8-11h),Success,734000,AGT-005,False
CALL-20437,CUST-44134,55,Afternoon (13-17h),Success,2088000,AGT-004,False
CALL-17608,CUST-44134,307,Afternoon (13-17h),Success,634000,AGT-008,False
CALL-63366,CUST-44134,100,Afternoon (13-17h),Success,955000,AGT-010,False
CALL-66796,CUST-44134,63,Afternoon (13-17h),No Answer,0,AGT-002,False
CALL-18824,CUST-44134,20,Morning (8-11h),Success,795000,AGT-002,False
CALL-39333,CUST-17527,281,Morning (8-11h),Not Interested,0,AGT-015,False
CALL-25481,CUST-17527,79,Afternoon (13-17h),Success,1265000,AGT-002,False
CALL-64246,CUST-71048,97,Afternoon (13-17h),Success,350000,AGT-003,False
CALL-44185,CUST-71048,99,Morning (8-11h),Success,503000,AGT-009,True
CALL-33823,CUST-71048,79,Afternoon (13-17h),Not Interested,0,AGT-009,False
CALL-83513,CUST-71048,177,Noon (11-13h),Success,431000,AGT-003,False
CALL-62276,CUST-24615,236,Morning (8-11h),Success,507000,AGT-019,False
CALL-95164,CUST-24615,485,Morning (8-11h),Success,1070000,AGT-003,False
CALL-16906,CUST-24615,325,Morning (8-11h),Success,1511000,AGT-002,False
CALL-55606,CUST-24615,136,Morning (8-11h),Success,1410000,AGT-001,False
CALL-24332,CUST-17559,227,Afternoon (13-17h),Success,365000,AGT-003,False
CALL-37164,CUST-17559,389,Afternoon (13-17h),Not Interested,0,AGT-007,False
CALL-89625,CUST-17559,252,Evening (17-20h),Success,718000,AGT-001,True
CALL-18361,CUST-17559,142,Morning (8-11h),Success,636000,AGT-001,False
CALL-93184,CUST-17559,179,Noon (11-13h),Success,372000,AGT-003,False
CALL-76605,CUST-17043,310,Afternoon (13-17h),No Answer,0,AGT-004,False
CALL-28100,CUST-17043,14,Afternoon (13-17h),No Answer,0,AGT-002,False
CALL-11706,CUST-17043,109,Afternoon (13-17h),Success,517000,AGT-001,False
CALL-74122,CUST-66831,10,Morning (8-11h),No Answer,0,AGT-010,False
CALL-44141,CUST-66831,42,Morning (8-11h),No Answer,0,AGT-002,False
CALL-11844,CUST-66831,5,Afternoon (13-17h),Not Interested,0,AGT-002,False
CALL-23844,CUST-66831,102,Afternoon (13-17h),Call Back Later,0,AGT-003,True
CALL-36297,CUST-66831,366,Morning (8-11h),Success,697000,AGT-003,False
CALL-59013,CUST-66831,284,Afternoon (13-17h),Success,898000,AGT-002,False
CALL-60018,CUST-66831,63,Afternoon (13-17h),Success,1295000,AGT-010,False
CALL-89350,CUST-66831,178,Morning (8-11h),Call Back Later,0,AGT-009,True
CALL-10166,CUST-66831,52,Afternoon (13-17h),Success,411000,AGT-001,False
CALL-81440,CUST-66831,137,Morning (8-11h),Success,1176000,AGT-003,False
CALL-74973,CUST-66831,335,Afternoon (13-17h),Success,1037000,AGT-006,False
CALL-14693,CUST-66831,37,Morning (8-11h),Not Interested,0,AGT-013,False
CALL-75835,CUST-52704,158,Afternoon (13-17h),Success,930000,AGT-002,False
CALL-16562,CUST-52704,221,Afternoon (13-17h),Success,904000,AGT-001,False
CALL-49415,CUST-24221,75,Morning (8-11h),Call Back Later,0,AGT-014,True
CALL-72617,CUST-24221,157,Evening (17-20h),Call Back Later,0,AGT-009,True
CALL-48045,CUST-24221,61,Afternoon (13-17h),Success,799000,AGT-006,False
CALL-74411,CUST-24221,143,Afternoon (13-17h),Success,503000,AGT-006,False
CALL-74253,CUST-19863,143,Afternoon (13-17h),Success,720000,AGT-010,False
CALL-32287,CUST-19863,31,Afternoon (13-17h),Not Interested,0,AGT-005,False
CALL-17010,CUST-19863,25,Afternoon (13-17h),No Answer,0,AGT-007,False
CALL-69608,CUST-19863,20,Morning (8-11h),Call Back Later,0,AGT-020,True
CALL-93072,CUST-19863,187,Noon (11-13h),Call Back Later,0,AGT-002,True
CALL-70417,CUST-19863,164,Evening (17-20h),Success,833000,AGT-007,False
CALL-34689,CUST-19863,132,Afternoon (13-17h),Success,2500000,AGT-011,False
CALL-84598,CUST-19863,105,Morning (8-11h),Call Back Later,0,AGT-001,True
CALL-81673,CUST-73016,234,Evening (17-20h),Success,804000,AGT-017,True
CALL-57441,CUST-73016,94,Morning (8-11h),Success,467000,AGT-002,False
CALL-65101,CUST-84403,66,Afternoon (13-17h),Success,503000,AGT-011,False
CALL-79117,CUST-84403,41,Noon (11-13h),Not Interested,0,AGT-007,False
CALL-59615,CUST-97762,125,Morning (8-11h),Success,2378000,AGT-005,False
CALL-53775,CUST-96364,148,Afternoon (13-17h),Not Interested,0,AGT-017,False
CALL-90057,CUST-24724,120,Morning (8-11h),Success,995000,AGT-004,False
CALL-78240,CUST-24724,213,Evening (17-20h),No Answer,0,AGT-004,False
CALL-40462,CUST-24724,97,Evening (17-20h),Success,792000,AGT-005,False
CALL-86582,CUST-24724,566,Morning (8-11h),Success,701000,AGT-016,False
CALL-47203,CUST-24724,126,Evening (17-20h),Call Back Later,0,AGT-020,True
CALL-33723,CUST-24724,83,Evening (17-20h),Not Interested,0,AGT-018,False
CALL-73019,CUST-24724,90,Morning (8-11h),Success,402000,AGT-014,False
CALL-45879,CUST-20420,167,Morning (8-11h),No Answer,0,AGT-004,False
CALL-98943,CUST-34613,480,Afternoon (13-17h),Success,1378000,AGT-002,False
CALL-21521,CUST-34613,67,Noon (11-13h),No Answer,0,AGT-018,False
CALL-44865,CUST-34613,198,Afternoon (13-17h),No Answer,0,AGT-001,False
CALL-23227,CUST-34613,158,Afternoon (13-17h),Success,697000,AGT-001,False
CALL-81835,CUST-34613,342,Afternoon (13-17h),Success,1617000,AGT-005,False
CALL-12584,CUST-34656,64,Afternoon (13-17h),No Answer,0,AGT-007,True
CALL-53841,CUST-95528,179,Afternoon (13-17h),Call Back Later,0,AGT-008,True
CALL-34851,CUST-95528,257,Afternoon (13-17h),Success,1213000,AGT-003,False
CALL-13345,CUST-95528,196,Evening (17-20h),Success,773000,AGT-013,False
CALL-66299,CUST-95528,237,Morning (8-11h),Call Back Later,0,AGT-008,True
CALL-66923,CUST-95528,94,Morning (8-11h),Success,1596000,AGT-014,False
CALL-58282,CUST-95528,151,Noon (11-13h),Success,616000,AGT-014,False
CALL-60029,CUST-95528,296,Afternoon (13-17h),Call Back Later,0,AGT-015,True
CALL-94745,CUST-95528,26,Morning (8-11h),No Answer,0,AGT-006,False
CALL-11047,CUST-12658,95,Afternoon (13-17h),Not Interested,0,AGT-001,False
CALL-93769,CUST-12658,60,Noon (11-13h),Not Interested,0,AGT-001,True
CALL-80245,CUST-12658,57,Noon (11-13h),Not Interested,0,AGT-001,False
CALL-75923,CUST-12658,162,Afternoon (13-17h),Success,892000,AGT-004,False
CALL-88474,CUST-12658,159,Morning (8-11h),Not Interested,0,AGT-001,False
CALL-37605,CUST-64133,99,Afternoon (13-17h),Success,1411000,AGT-002,False
CALL-77339,CUST-42217,143,Afternoon (13-17h),Success,1882000,AGT-002,False
CALL-82299,CUST-42217,119,Afternoon (13-17h),Success,786000,AGT-011,False
CALL-79620,CUST-42217,21,Evening (17-20h),No Answer,0,AGT-008,False
CALL-78781,CUST-42217,40,Morning (8-11h),No Answer,0,AGT-013,True
CALL-60821,CUST-84116,199,Morning (8-11h),Call Back Later,0,AGT-001,True
CALL-72963,CUST-32303,50,Morning (8-11h),No Answer,0,AGT-009,False
CALL-84986,CUST-32303,97,Evening (17-20h),Call Back Later,0,AGT-001,True
CALL-86952,CUST-32303,172,Afternoon (13-17h),Success,536000,AGT-003,False
CALL-80694,CUST-32303,158,Evening (17-20h),Success,369000,AGT-001,False
CALL-95494,CUST-32303,71,Evening (17-20h),Not Interested,0,AGT-011,False
CALL-53855,CUST-32303,126,Evening (17-20h),Success,683000,AGT-002,False
CALL-82776,CUST-32303,94,Morning (8-11h),No Answer,0,AGT-006,False
CALL-30779,CUST-32303,113,Afternoon (13-17h),Not Interested,0,AGT-001,False
CALL-78838,CUST-90448,334,Morning (8-11h),Call Back Later,0,AGT-001,True
CALL-52907,CUST-90448,178,Noon (11-13h),Success,1658000,AGT-018,False
CALL-12964,CUST-90448,113,Noon (11-13h),Not Interested,0,AGT-017,False
CALL-44335,CUST-36652,129,Evening (17-20h),Success,1877000,AGT-002,False
CALL-53653,CUST-62054,9,Afternoon (13-17h),No Answer,0,AGT-018,False
CALL-18668,CUST-62054,600,Afternoon (13-17h),No Answer,0,AGT-001,False
CALL-36155,CUST-62054,293,Afternoon (13-17h),Success,715000,AGT-001,False
CALL-47572,CUST-62054,89,Afternoon (13-17h),Success,575000,AGT-004,False
CALL-46760,CUST-62054,20,Noon (11-13h),Call Back Later,0,AGT-007,True
CALL-48158,CUST-62054,93,Afternoon (13-17h),Success,1104000,AGT-003,False
CALL-91587,CUST-19769,259,Noon (11-13h),Call Back Later,0,AGT-004,True
CALL-58349,CUST-19769,238,Afternoon (13-17h),Success,1087000,AGT-001,True
CALL-46249,CUST-19769,125,Morning (8-11h),Success,978000,AGT-018,False
CALL-63162,CUST-19769,418,Afternoon (13-17h),Success,494000,AGT-001,False
CALL-58204,CUST-19769,106,Afternoon (13-17h),Call Back Later,0,AGT-001,True
CALL-49951,CUST-19769,98,Evening (17-20h),Not Interested,0,AGT-001,False
CALL-70204,CUST-19769,171,Noon (11-13h),Success,778000,AGT-002,False
CALL-67848,CUST-19769,65,Noon (11-13h),Success,1330000,AGT-001,True
CALL-26789,CUST-19769,80,Morning (8-11h),Success,506000,AGT-002,False
CALL-83679,CUST-19769,202,Afternoon (13-17h),Not Interested,0,AGT-001,False
CALL-73027,CUST-19769,59,Afternoon (13-17h),Not Interested,0,AGT-001,False
CALL-93164,CUST-79708,171,Afternoon (13-17h),Success,1309000,AGT-002,False
CALL-89235,CUST-79708,246,Morning (8-11h),Call Back Later,0,AGT-001,True
CALL-74509,CUST-79708,90,Noon (11-13h),Success,1311000,AGT-001,False
CALL-86244,CUST-79708,104,Noon (11-13h),No Answer,0,AGT-008,False
CALL-80187,CUST-21604,137,Afternoon (13-17h),Success,1338000,AGT-011,False
CALL-32995,CUST-64548,58,Afternoon (13-17h),No Answer,0,AGT-002,False
CALL-83479,CUST-64548,87,Evening (17-20h),Not Interested,0,AGT-009,False
CALL-21987,CUST-64548,29,Morning (8-11h),Not Interested,0,AGT-003,False
CALL-86687,CUST-64548,48,Morning (8-11h),Not Interested,0,AGT-003,False
CALL-72518,CUST-64548,116,Noon (11-13h),Success,467000,AGT-009,False
CALL-50924,CUST-64548,162,Afternoon (13-17h),Call Back Later,0,AGT-013,True
CALL-24654,CUST-64548,163,Afternoon (13-17h),Success,668000,AGT-006,False
CALL-62789,CUST-25167,71,Afternoon (13-17h),No Answer,0,AGT-005,False
CALL-52126,CUST-25167,72,Noon (11-13h),No Answer,0,AGT-004,False
CALL-66493,CUST-25167,81,Afternoon (13-17h),No Answer,0,AGT-002,False
CALL-89048,CUST-88501,124,Afternoon (13-17h),Success,1444000,AGT-012,False
CALL-95055,CUST-88501,47,Morning (8-11h),No Answer,0,AGT-010,False
CALL-52962,CUST-88501,24,Evening (17-20h),Call Back Later,0,AGT-011,True
CALL-11027,CUST-88501,140,Morning (8-11h),Success,572000,AGT-015,False
CALL-76043,CUST-88501,75,Morning (8-11h),Success,350000,AGT-017,False
CALL-74363,CUST-88501,164,Noon (11-13h),Success,431000,AGT-016,False
CALL-30548,CUST-88501,432,Afternoon (13-17h),Success,1548000,AGT-010,False
CALL-79354,CUST-88501,77,Afternoon (13-17h),Not Interested,0,AGT-003,False
CALL-49629,CUST-21840,174,Afternoon (13-17h),Success,1085000,AGT-009,False
CALL-15859,CUST-86681,13,Morning (8-11h),No Answer,0,AGT-016,False
CALL-47241,CUST-86681,90,Afternoon (13-17h),Success,1627000,AGT-001,False
CALL-15668,CUST-86681,134,Afternoon (13-17h),Success,888000,AGT-001,False
CALL-88868,CUST-86681,10,Morning (8-11h),No Answer,0,AGT-007,False
CALL-72991,CUST-86681,309,Evening (17-20h),Success,1239000,AGT-005,True
CALL-21421,CUST-86681,61,Evening (17-20h),Success,727000,AGT-002,False
CALL-85878,CUST-86681,222,Noon (11-13h),Success,1298000,AGT-003,False
CALL-58851,CUST-86681,184,Afternoon (13-17h),Success,1073000,AGT-002,False
CALL-11834,CUST-86681,359,Morning (8-11h),Success,502000,AGT-008,False
CALL-90996,CUST-86681,14,Afternoon (13-17h),Not Interested,0,AGT-011,False
CALL-73155,CUST-79134,150,Morning (8-11h),Success,656000,AGT-001,True
CALL-98040,CUST-79134,113,Noon (11-13h),Success,778000,AGT-004,False
CALL-10775,CUST-79134,9,Morning (8-11h),Not Interested,0,AGT-001,False
CALL-53830,CUST-79134,105,Noon (11-13h),No Answer,0,AGT-001,True
CALL-14228,CUST-79134,96,Morning (8-11h),Success,1057000,AGT-001,False
CALL-19012,CUST-79134,37,Afternoon (13-17h),Not Interested,0,AGT-003,False
CALL-60722,CUST-79134,99,Morning (8-11h),Success,444000,AGT-012,False
CALL-79406,CUST-79134,92,Morning (8-11h),Success,473000,AGT-003,False
CALL-59189,CUST-79134,78,Noon (11-13h),Success,350000,AGT-009,False
CALL-61846,CUST-79134,154,Afternoon (13-17h),No Answer,0,AGT-006,False
CALL-78266,CUST-79134,206,Noon (11-13h),Call Back Later,0,AGT-003,True
CALL-97546,CUST-79134,61,Afternoon (13-17h),Success,1099000,AGT-001,False
CALL-52505,CUST-89925,108,Evening (17-20h),Success,1978000,AGT-001,False
CALL-40017,CUST-89925,352,Evening (17-20h),Call Back Later,0,AGT-007,True
CALL-30566,CUST-89925,107,Morning (8-11h),Success,606000,AGT-002,False
CALL-68097,CUST-89925,59,Evening (17-20h),Call Back Later,0,AGT-009,True
CALL-30013,CUST-89925,43,Evening (17-20h),Not Interested,0,AGT-007,True
CALL-87795,CUST-89925,178,Morning (8-11h),Success,825000,AGT-008,False
CALL-51548,CUST-89925,64,Evening (17-20h),Call Back Later,0,AGT-008,True
CALL-32101,CUST-89925,53,Evening (17-20h),Not Interested,0,AGT-004,False
CALL-40024,CUST-89925,169,Afternoon (13-17h),Success,1181000,AGT-003,False
CALL-40285,CUST-89925,31,Afternoon (13-17h),Call Back Later,0,AGT-007,True
CALL-81096,CUST-89925,162,Evening (17-20h),Success,401000,AGT-018,False
CALL-94936,CUST-89925,45,Morning (8-11h),Success,1979000,AGT-006,False
CALL-73308,CUST-89925,54,Afternoon (13-17h),Not Interested,0,AGT-014,False
CALL-41316,CUST-25715,30,Evening (17-20h),Not Interested,0,AGT-002,False
CALL-33645,CUST-79259,56,Afternoon (13-17h),Success,761000,AGT-001,False
CALL-22398,CUST-79259,261,Morning (8-11h),Success,935000,AGT-007,False
CALL-44464,CUST-79259,600,Noon (11-13h),Success,452000,AGT-003,False
CALL-31058,CUST-79259,101,Evening (17-20h),Success,1745000,AGT-007,False
CALL-45728,CUST-69956,86,Afternoon (13-17h),Call Back Later,0,AGT-001,True
CALL-37502,CUST-69956,207,Afternoon (13-17h),No Answer,0,AGT-003,False
CALL-52446,CUST-69956,164,Morning (8-11h),Success,1921000,AGT-015,False
CALL-24748,CUST-59031,239,Afternoon (13-17h),Success,360000,AGT-002,True
CALL-52110,CUST-59031,152,Morning (8-11h),Call Back Later,0,AGT-019,True
CALL-79998,CUST-59031,263,Evening (17-20h),Success,1985000,AGT-006,True
CALL-19800,CUST-59031,146,Afternoon (13-17h),Success,1141000,AGT-011,False
CALL-57353,CUST-59031,352,Afternoon (13-17h),Success,1243000,AGT-003,False
CALL-16936,CUST-59031,203,Evening (17-20h),Success,1112000,AGT-004,False
CALL-45291,CUST-59031,331,Afternoon (13-17h),Success,934000,AGT-004,True
CALL-39375,CUST-59031,86,Afternoon (13-17h),Not Interested,0,AGT-010,False
CALL-17732,CUST-99092,97,Afternoon (13-17h),Not Interested,0,AGT-001,False
CALL-59572,CUST-99092,138,Evening (17-20h),Success,762000,AGT-004,False
CALL-51939,CUST-99092,145,Evening (17-20h),Success,2500000,AGT-001,False
CALL-34159,CUST-99092,112,Afternoon (13-17h),Not Interested,0,AGT-011,False
CALL-36683,CUST-99092,122,Noon (11-13h),Call Back Later,0,AGT-001,True
CALL-90639,CUST-99092,94,Afternoon (13-17h),Success,999000,AGT-004,False
CALL-63812,CUST-99092,138,Morning (8-11h),Call Back Later,0,AGT-002,True
CALL-99076,CUST-99092,79,Noon (11-13h),No Answer,0,AGT-002,False
CALL-36784,CUST-99092,256,Morning (8-11h),Success,1518000,AGT-001,False
CALL-37999,CUST-99092,194,Afternoon (13-17h),Call Back Later,0,AGT-010,True
CALL-50306,CUST-99092,139,Morning (8-11h),Success,1348000,AGT-002,False
CALL-52233,CUST-99092,24,Afternoon (13-17h),Not Interested,0,AGT-005,False
CALL-98718,CUST-99092,20,Evening (17-20h),No Answer,0,AGT-016,True
CALL-79316,CUST-99092,122,Noon (11-13h),Success,2039000,AGT-005,False
CALL-18727,CUST-74917,50,Afternoon (13-17h),Success,2500000,AGT-005,False
CALL-98381,CUST-74917,177,Morning (8-11h),Success,1301000,AGT-001,False
CALL-75449,CUST-74917,10,Morning (8-11h),Not Interested,0,AGT-008,False
CALL-56918,CUST-74917,394,Morning (8-11h),Success,350000,AGT-002,False
CALL-12114,CUST-74917,35,Afternoon (13-17h),Not Interested,0,AGT-004,False
CALL-77408,CUST-74917,240,Afternoon (13-17h),Success,2500000,AGT-004,True
CALL-33649,CUST-49004,91,Afternoon (13-17h),No Answer,0,AGT-002,False
CALL-61178,CUST-49004,22,Morning (8-11h),No Answer,0,AGT-001,False
CALL-48801,CUST-49004,97,Morning (8-11h),Not Interested,0,AGT-008,False
CALL-80460,CUST-49004,307,Afternoon (13-17h),Success,2500000,AGT-014,False
CALL-58732,CUST-49004,90,Morning (8-11h),Success,1001000,AGT-001,False
CALL-50232,CUST-49004,288,Afternoon (13-17h),Success,1010000,AGT-003,False
CALL-68414,CUST-81397,115,Evening (17-20h),Success,735000,AGT-003,False
CALL-21825,CUST-81397,191,Afternoon (13-17h),Not Interested,0,AGT-001,False
CALL-26274,CUST-81397,68,Afternoon (13-17h),Call Back Later,0,AGT-002,True
CALL-27431,CUST-81397,56,Morning (8-11h),No Answer,0,AGT-004,False
CALL-78899,CUST-24702,38,Afternoon (13-17h),No Answer,0,AGT-013,False
CALL-91995,CUST-24702,140,Afternoon (13-17h),Success,1567000,AGT-001,False
CALL-58376,CUST-24702,168,Afternoon (13-17h),Not Interested,0,AGT-004,False
CALL-52014,CUST-24702,95,Afternoon (13-17h),Success,1403000,AGT-003,False
CALL-62792,CUST-24702,63,Evening (17-20h),Success,2500000,AGT-019,False
CALL-47730,CUST-24702,346,Morning (8-11h),Success,462000,AGT-019,False
CALL-24755,CUST-24702,116,Noon (11-13h),No Answer,0,AGT-018,False
CALL-64108,CUST-24702,157,Morning (8-11h),Success,1042000,AGT-003,False
CALL-71436,CUST-24702,79,Noon (11-13h),Success,1119000,AGT-002,False
CALL-62845,CUST-24702,24,Morning (8-11h),Success,536000,AGT-001,True
CALL-86111,CUST-24702,54,Noon (11-13h),No Answer,0,AGT-016,False
CALL-45722,CUST-24702,109,Noon (11-13h),Not Interested,0,AGT-002,False
CALL-72935,CUST-24702,29,Afternoon (13-17h),Not Interested,0,AGT-009,False
CALL-48892,CUST-24702,178,Evening (17-20h),Success,698000,AGT-001,True
CALL-41280,CUST-24702,112,Afternoon (13-17h),No Answer,0,AGT-002,False
CALL-68060,CUST-24702,102,Afternoon (13-17h),Success,1756000,AGT-007,False
CALL-66607,CUST-97541,12,Noon (11-13h),Not Interested,0,AGT-007,False
CALL-64607,CUST-97541,108,Morning (8-11h),Success,1084000,AGT-002,False
CALL-18674,CUST-97541,129,Morning (8-11h),Call Back Later,0,AGT-004,True
CALL-58245,CUST-97541,47,Noon (11-13h),Not Interested,0,AGT-004,False
CALL-13702,CUST-97541,73,Afternoon (13-17h),Success,715000,AGT-020,False
CALL-45813,CUST-97541,127,Afternoon (13-17h),Success,1132000,AGT-008,False
CALL-59975,CUST-31203,51,Morning (8-11h),No Answer,0,AGT-002,False
CALL-43258,CUST-31203,72,Afternoon (13-17h),Success,350000,AGT-001,False
CALL-79402,CUST-31203,59,Morning (8-11h),No Answer,0,AGT-016,False
CALL-21020,CUST-31203,171,Morning (8-11h),No Answer,0,AGT-001,False
CALL-12748,CUST-31203,246,Morning (8-11h),Not Interested,0,AGT-020,False
CALL-54658,CUST-38109,130,Afternoon (13-17h),No Answer,0,AGT-002,False
CALL-10542,CUST-30644,87,Morning (8-11h),Success,1010000,AGT-004,False
CALL-17194,CUST-30644,192,Evening (17-20h),Call Back Later,0,AGT-007,True
CALL-22714,CUST-30644,23,Morning (8-11h),Not Interested,0,AGT-006,False
CALL-64365,CUST-30644,106,Evening (17-20h),No Answer,0,AGT-001,False
CALL-38000,CUST-30644,256,Morning (8-11h),Success,2378000,AGT-002,False
CALL-97043,CUST-30644,64,Evening (17-20h),Success,1946000,AGT-012,False
CALL-84520,CUST-30644,156,Morning (8-11h),Success,1160000,AGT-006,False
CALL-99879,CUST-30644,202,Morning (8-11h),Success,1102000,AGT-020,True
CALL-63307,CUST-30644,126,Morning (8-11h),Success,1737000,AGT-012,False
CALL-30165,CUST-21067,52,Noon (11-13h),Not Interested,0,AGT-018,False
CALL-75882,CUST-21067,72,Afternoon (13-17h),Success,461000,AGT-006,False
CALL-96377,CUST-64955,173,Evening (17-20h),Success,856000,AGT-003,False
CALL-66609,CUST-64955,170,Noon (11-13h),Call Back Later,0,AGT-008,True
CALL-14664,CUST-64955,119,Morning (8-11h),Success,979000,AGT-004,False
CALL-83456,CUST-64955,15,Morning (8-11h),No Answer,0,AGT-013,False
CALL-76678,CUST-64955,33,Evening (17-20h),No Answer,0,AGT-002,False
CALL-25818,CUST-47852,104,Morning (8-11h),Not Interested,0,AGT-001,False
CALL-18314,CUST-72819,61,Noon (11-13h),No Answer,0,AGT-004,False
CALL-39065,CUST-72819,40,Morning (8-11h),Call Back Later,0,AGT-002,True
CALL-69256,CUST-72819,41,Noon (11-13h),Call Back Later,0,AGT-004,True
CALL-70958,CUST-61276,462,Morning (8-11h),Call Back Later,0,AGT-003,True
CALL-70404,CUST-61276,136,Afternoon (13-17h),Success,1001000,AGT-002,False
CALL-10577,CUST-35344,171,Morning (8-11h),Success,367000,AGT-015,False
CALL-22165,CUST-35344,91,Evening (17-20h),Call Back Later,0,AGT-010,True
CALL-22518,CUST-54628,225,Afternoon (13-17h),Success,1018000,AGT-019,False
CALL-22156,CUST-77430,160,Morning (8-11h),Not Interested,0,AGT-005,False
CALL-31853,CUST-77430,127,Morning (8-11h),Not Interested,0,AGT-003,False
CALL-54337,CUST-77430,129,Morning (8-11h),Success,926000,AGT-006,False
CALL-55993,CUST-77430,56,Afternoon (13-17h),Success,896000,AGT-001,False
CALL-77573,CUST-50297,53,Afternoon (13-17h),Not Interested,0,AGT-005,False
CALL-89924,CUST-50297,134,Noon (11-13h),Call Back Later,0,AGT-018,True
CALL-84299,CUST-50297,207,Noon (11-13h),Success,1021000,AGT-011,False
CALL-19563,CUST-50297,266,Evening (17-20h),Success,971000,AGT-016,False
CALL-50692,CUST-50297,183,Noon (11-13h),Success,1181000,AGT-002,False
CALL-27012,CUST-50297,287,Morning (8-11h),Success,2500000,AGT-001,False
CALL-99917,CUST-53581,256,Morning (8-11h),Success,1256000,AGT-010,False
CALL-67011,CUST-53581,98,Evening (17-20h),Success,614000,AGT-012,False
CALL-29391,CUST-85651,336,Afternoon (13-17h),Success,1828000,AGT-002,False
CALL-33136,CUST-61453,114,Afternoon (13-17h),Success,797000,AGT-005,False
CALL-79869,CUST-85134,108,Afternoon (13-17h),Success,799000,AGT-003,False
CALL-15279,CUST-19534,172,Morning (8-11h),Call Back Later,0,AGT-008,True
CALL-38955,CUST-55137,265,Morning (8-11h),Success,1255000,AGT-015,False
CALL-72449,CUST-38888,65,Morning (8-11h),Call Back Later,0,AGT-009,True
CALL-86505,CUST-38888,114,Morning (8-11h),Call Back Later,0,AGT-005,True
CALL-29430,CUST-38888,98,Afternoon (13-17h),Not Interested,0,AGT-010,True
CALL-27582,CUST-38888,48,Afternoon (13-17h),No Answer,0,AGT-009,True
CALL-99349,CUST-38888,65,Afternoon (13-17h),Call Back Later,0,AGT-001,True
CALL-64862,CUST-38888,50,Evening (17-20h),Call Back Later,0,AGT-011,True
CALL-53316,CUST-38888,166,Evening (17-20h),Call Back Later,0,AGT-016,True
CALL-89420,CUST-38888,94,Evening (17-20h),Not Interested,0,AGT-001,False
CALL-59361,CUST-38888,82,Afternoon (13-17h),Success,2132000,AGT-007,False
CALL-17017,CUST-38888,152,Afternoon (13-17h),No Answer,0,AGT-001,True
CALL-13549,CUST-38888,155,Noon (11-13h),No Answer,0,AGT-005,False
CALL-68281,CUST-38888,256,Morning (8-11h),Success,1732000,AGT-006,False
CALL-60652,CUST-38888,14,Evening (17-20h),No Answer,0,AGT-002,False
CALL-41298,CUST-38888,221,Morning (8-11h),Success,1165000,AGT-001,False
CALL-62477,CUST-38888,45,Morning (8-11h),No Answer,0,AGT-002,False
CALL-27203,CUST-38888,144,Morning (8-11h),Success,1765000,AGT-013,False
CALL-28813,CUST-38888,42,Morning (8-11h),No Answer,0,AGT-005,False
CALL-52138,CUST-38888,182,Evening (17-20h),Not Interested,0,AGT-002,False
CALL-61832,CUST-42500,70,Evening (17-20h),Success,1962000,AGT-014,False
CALL-71347,CUST-42500,162,Morning (8-11h),Not Interested,0,AGT-016,False
CALL-79702,CUST-42500,60,Afternoon (13-17h),No Answer,0,AGT-007,False
CALL-95678,CUST-99642,21,Afternoon (13-17h),No Answer,0,AGT-001,False
CALL-66702,CUST-99642,62,Morning (8-11h),Call Back Later,0,AGT-005,True
CALL-82286,CUST-99642,155,Morning (8-11h),No Answer,0,AGT-002,False
CALL-45462,CUST-99642,92,Noon (11-13h),Call Back Later,0,AGT-001,True
CALL-95349,CUST-99642,197,Morning (8-11h),Success,1059000,AGT-020,False
CALL-22494,CUST-99642,103,Afternoon (13-17h),Success,2500000,AGT-001,False
CALL-43651,CUST-99642,139,Morning (8-11h),Call Back Later,0,AGT-002,True
CALL-90004,CUST-99642,26,Evening (17-20h),No Answer,0,AGT-002,False
CALL-85474,CUST-99642,156,Afternoon (13-17h),Success,560000,AGT-002,True
CALL-65682,CUST-99642,214,Noon (11-13h),Call Back Later,0,AGT-002,True
CALL-70774,CUST-99642,14,Afternoon (13-17h),Not Interested,0,AGT-005,False
CALL-43227,CUST-99642,34,Noon (11-13h),Not Interested,0,AGT-011,False
CALL-59429,CUST-32179,373,Evening (17-20h),Success,2500000,AGT-001,False
CALL-68170,CUST-32179,134,Afternoon (13-17h),Success,503000,AGT-012,False
CALL-96892,CUST-32179,94,Evening (17-20h),Success,678000,AGT-006,False
CALL-50255,CUST-32179,84,Afternoon (13-17h),Success,491000,AGT-020,False
CALL-19228,CUST-32179,5,Afternoon (13-17h),No Answer,0,AGT-005,False
CALL-90414,CUST-32179,179,Afternoon (13-17h),Success,1215000,AGT-014,False
CALL-79433,CUST-32179,89,Afternoon (13-17h),No Answer,0,AGT-003,False
CALL-30693,CUST-92770,119,Noon (11-13h),Success,1810000,AGT-009,False
CALL-36965,CUST-92770,215,Morning (8-11h),Success,752000,AGT-002,False
CALL-64651,CUST-92770,102,Afternoon (13-17h),Success,801000,AGT-001,False
CALL-15852,CUST-92770,245,Afternoon (13-17h),Call Back Later,0,AGT-010,True
CALL-96308,CUST-43632,21,Morning (8-11h),Not Interested,0,AGT-009,False
CALL-56386,CUST-43632,149,Afternoon (13-17h),Success,1208000,AGT-005,False
CALL-98058,CUST-51116,72,Morning (8-11h),No Answer,0,AGT-013,False
CALL-16286,CUST-51116,153,Afternoon (13-17h),Success,1455000,AGT-009,False
CALL-47640,CUST-50471,92,Morning (8-11h),Success,832000,AGT-005,False
CALL-95034,CUST-23662,257,Afternoon (13-17h),Success,1077000,AGT-006,False
CALL-15438,CUST-60989,188,Afternoon (13-17h),Not Interested,0,AGT-011,False
CALL-91454,CUST-60989,74,Noon (11-13h),Success,477000,AGT-002,False
CALL-23911,CUST-60989,69,Morning (8-11h),Success,654000,AGT-002,False
CALL-34166,CUST-60989,147,Morning (8-11h),Not Interested,0,AGT-002,False
CALL-72914,CUST-60989,98,Morning (8-11h),No Answer,0,AGT-008,False
CALL-35614,CUST-60989,131,Evening (17-20h),Success,1014000,AGT-016,False
CALL-87716,CUST-60989,169,Morning (8-11h),Success,949000,AGT-001,False
CALL-15188,CUST-60989,219,Noon (11-13h),Success,794000,AGT-002,False
CALL-66086,CUST-91544,86,Afternoon (13-17h),Not Interested,0,AGT-001,False
CALL-49201,CUST-91544,52,Afternoon (13-17h),Success,757000,AGT-001,False
CALL-76470,CUST-91544,259,Afternoon (13-17h),Call Back Later,0,AGT-011,True
CALL-25340,CUST-91544,215,Noon (11-13h),Success,521000,AGT-019,False
CALL-43274,CUST-91544,155,Afternoon (13-17h),Success,1359000,AGT-007,False
CALL-78755,CUST-93578,177,Evening (17-20h),Success,892000,AGT-005,False
CALL-13734,CUST-93578,108,Morning (8-11h),Not Interested,0,AGT-016,False
CALL-26886,CUST-93578,173,Noon (11-13h),Success,790000,AGT-015,False
CALL-47803,CUST-93578,291,Morning (8-11h),Call Back Later,0,AGT-003,True
CALL-84569,CUST-93578,46,Morning (8-11h),Not Interested,0,AGT-001,False
CALL-91906,CUST-93578,58,Morning (8-11h),Call Back Later,0,AGT-002,True
CALL-49780,CUST-93578,189,Morning (8-11h),Success,600000,AGT-011,False
CALL-29158,CUST-93578,10,Afternoon (13-17h),No Answer,0,AGT-011,False
CALL-58860,CUST-93578,303,Afternoon (13-17h),Success,671000,AGT-004,False
CALL-27573,CUST-93578,346,Evening (17-20h),Success,1766000,AGT-001,False
CALL-91518,CUST-43066,53,Evening (17-20h),No Answer,0,AGT-012,False
CALL-40931,CUST-43066,53,Evening (17-20h),Not Interested,0,AGT-006,False
CALL-63890,CUST-43066,5,Afternoon (13-17h),Not Interested,0,AGT-003,False
CALL-55075,CUST-43066,52,Noon (11-13h),Success,966000,AGT-017,False
CALL-40389,CUST-43066,113,Afternoon (13-17h),Success,2192000,AGT-001,True
CALL-12108,CUST-43066,19,Evening (17-20h),No Answer,0,AGT-002,False
CALL-65514,CUST-28262,231,Afternoon (13-17h),Call Back Later,0,AGT-002,True
CALL-79531,CUST-78474,220,Afternoon (13-17h),Not Interested,0,AGT-017,False
CALL-44566,CUST-57810,136,Morning (8-11h),Call Back Later,0,AGT-015,True
CALL-54554,CUST-74385,71,Evening (17-20h),Success,1404000,AGT-008,False
CALL-57895,CUST-74385,63,Afternoon (13-17h),Call Back Later,0,AGT-004,True
CALL-92266,CUST-74385,182,Afternoon (13-17h),Success,2500000,AGT-001,False
CALL-49217,CUST-80841,268,Afternoon (13-17h),Success,475000,AGT-014,False
CALL-89734,CUST-80841,70,Morning (8-11h),Call Back Later,0,AGT-001,True
CALL-30173,CUST-26446,274,Morning (8-11h),Call Back Later,0,AGT-001,True
CALL-32897,CUST-26446,158,Evening (17-20h),Not Interested,0,AGT-004,False
CALL-92657,CUST-26446,279,Morning (8-11h),Success,499000,AGT-006,False
CALL-37163,CUST-26446,86,Morning (8-11h),Success,800000,AGT-007,False
CALL-10548,CUST-26446,35,Evening (17-20h),Not Interested,0,AGT-006,False
CALL-20989,CUST-26446,279,Noon (11-13h),Success,694000,AGT-004,False
CALL-18566,CUST-26446,65,Evening (17-20h),Success,350000,AGT-004,False
CALL-21949,CUST-26446,235,Evening (17-20h),Success,497000,AGT-002,False
CALL-12256,CUST-26446,11,Morning (8-11h),No Answer,0,AGT-001,False
CALL-62053,CUST-26446,118,Morning (8-11h),Call Back Later,0,AGT-002,True
CALL-22848,CUST-26446,159,Morning (8-11h),Success,1076000,AGT-001,False
CALL-98743,CUST-26446,135,Morning (8-11h),Success,793000,AGT-002,False
CALL-65385,CUST-26446,137,Morning (8-11h),Success,634000,AGT-001,False
CALL-79086,CUST-26446,105,Evening (17-20h),Success,1113000,AGT-014,False
CALL-99403,CUST-26446,98,Evening (17-20h),Call Back Later,0,AGT-008,True
CALL-95802,CUST-26446,148,Noon (11-13h),Success,548000,AGT-002,False
CALL-83906,CUST-13523,262,Noon (11-13h),Success,2500000,AGT-007,True
CALL-15275,CUST-13523,65,Noon (11-13h),Success,350000,AGT-013,False
CALL-29977,CUST-13523,188,Afternoon (13-17h),Success,1316000,AGT-015,False
CALL-98150,CUST-19761,36,Morning (8-11h),Not Interested,0,AGT-010,False
CALL-46800,CUST-47829,168,Morning (8-11h),Not Interested,0,AGT-003,False
CALL-46337,CUST-81206,77,Morning (8-11h),Success,1093000,AGT-001,False
CALL-63806,CUST-81206,56,Afternoon (13-17h),No Answer,0,AGT-018,False
CALL-98242,CUST-81206,145,Afternoon (13-17h),Success,2500000,AGT-001,False
CALL-68600,CUST-81206,293,Evening (17-20h),Success,432000,AGT-019,False
CALL-29324,CUST-81206,48,Morning (8-11h),Not Interested,0,AGT-016,False
CALL-84028,CUST-81206,40,Noon (11-13h),No Answer,0,AGT-004,False
CALL-10349,CUST-36590,117,Noon (11-13h),Success,455000,AGT-004,False
CALL-61493,CUST-36590,58,Morning (8-11h),Call Back Later,0,AGT-001,True
CALL-77654,CUST-36590,120,Afternoon (13-17h),Call Back Later,0,AGT-016,True
CALL-68828,CUST-36590,85,Noon (11-13h),Success,350000,AGT-005,False
CALL-74319,CUST-79640,40,Afternoon (13-17h),No Answer,0,AGT-001,False
CALL-59672,CUST-79640,66,Afternoon (13-17h),Call Back Later,0,AGT-003,True
CALL-66744,CUST-95074,237,Noon (11-13h),Success,792000,AGT-006,False
CALL-63387,CUST-95074,94,Morning (8-11h),Success,1059000,AGT-004,True
CALL-74419,CUST-95074,113,Evening (17-20h),Call Back Later,0,AGT-002,True
CALL-56348,CUST-13888,56,Morning (8-11h),No Answer,0,AGT-004,False
CALL-45636,CUST-13888,145,Afternoon (13-17h),Success,1165000,AGT-003,False
CALL-63166,CUST-13888,194,Evening (17-20h),Not Interested,0,AGT-016,False
CALL-93636,CUST-13888,128,Morning (8-11h),Success,580000,AGT-001,False
CALL-97440,CUST-13888,90,Afternoon (13-17h),Not Interested,0,AGT-003,False
CALL-43406,CUST-13888,219,Afternoon (13-17h),Not Interested,0,AGT-015,False
CALL-83330,CUST-99649,116,Morning (8-11h),No Answer,0,AGT-003,False
CALL-44118,CUST-99649,258,Morning (8-11h),Success,1295000,AGT-005,False
CALL-60571,CUST-99649,176,Morning (8-11h),Call Back Later,0,AGT-005,True
CALL-86752,CUST-99649,89,Morning (8-11h),Not Interested,0,AGT-010,False
CALL-13226,CUST-99649,27,Morning (8-11h),Success,1051000,AGT-004,False
CALL-62559,CUST-95598,179,Afternoon (13-17h),Success,561000,AGT-001,False
CALL-38698,CUST-95598,259,Morning (8-11h),Success,744000,AGT-013,False
CALL-80531,CUST-95598,47,Afternoon (13-17h),Success,537000,AGT-009,False
CALL-16566,CUST-95598,107,Noon (11-13h),Success,565000,AGT-014,False
CALL-32801,CUST-95598,178,Afternoon (13-17h),Success,895000,AGT-002,False
CALL-64601,CUST-95598,89,Noon (11-13h),Not Interested,0,AGT-002,False
CALL-26722,CUST-66995,118,Afternoon (13-17h),No Answer,0,AGT-001,False
CALL-68038,CUST-66995,331,Afternoon (13-17h),Success,919000,AGT-001,False
CALL-16256,CUST-66995,143,Morning (8-11h),Not Interested,0,AGT-004,False
CALL-78374,CUST-66995,58,Evening (17-20h),Call Back Later,0,AGT-010,True
CALL-18639,CUST-66995,116,Afternoon (13-17h),Success,1899000,AGT-001,False
CALL-41257,CUST-66995,118,Afternoon (13-17h),Success,739000,AGT-001,False
CALL-83977,CUST-86885,48,Afternoon (13-17h),No Answer,0,AGT-003,False
CALL-33318,CUST-26320,420,Morning (8-11h),Success,1320000,AGT-010,False
CALL-90097,CUST-26320,7,Noon (11-13h),No Answer,0,AGT-001,False
CALL-59337,CUST-26320,27,Morning (8-11h),No Answer,0,AGT-007,False
CALL-76077,CUST-26320,46,Afternoon (13-17h),Not Interested,0,AGT-003,False
CALL-15448,CUST-40229,28,Evening (17-20h),Success,729000,AGT-002,False
CALL-56582,CUST-40229,18,Afternoon (13-17h),No Answer,0,AGT-020,False
CALL-40183,CUST-40229,331,Morning (8-11h),Success,888000,AGT-014,False
CALL-18024,CUST-40229,186,Afternoon (13-17h),Success,1204000,AGT-001,False
CALL-98557,CUST-40229,226,Noon (11-13h),Success,528000,AGT-004,False
CALL-85112,CUST-40229,84,Evening (17-20h),No Answer,0,AGT-002,False
CALL-67024,CUST-40229,268,Noon (11-13h),Call Back Later,0,AGT-004,True
CALL-51796,CUST-40229,179,Afternoon (13-17h),Success,783000,AGT-002,False
CALL-69199,CUST-40229,81,Afternoon (13-17h),Call Back Later,0,AGT-001,True
CALL-19009,CUST-40229,165,Morning (8-11h),Call Back Later,0,AGT-004,True
CALL-83512,CUST-77438,31,Afternoon (13-17h),Not Interested,0,AGT-008,False
CALL-14907,CUST-77438,147,Morning (8-11h),Success,2258000,AGT-003,False
CALL-39769,CUST-77438,100,Afternoon (13-17h),Success,932000,AGT-001,False
CALL-57086,CUST-77438,329,Evening (17-20h),No Answer,0,AGT-007,False
CALL-68763,CUST-77438,239,Afternoon (13-17h),Success,854000,AGT-012,False
CALL-90851,CUST-77438,31,Morning (8-11h),Not Interested,0,AGT-002,False
CALL-44559,CUST-77438,51,Morning (8-11h),Call Back Later,0,AGT-015,True
CALL-96279,CUST-85717,433,Afternoon (13-17h),Success,765000,AGT-001,False
CALL-39036,CUST-68327,84,Morning (8-11h),Not Interested,0,AGT-003,False
CALL-90510,CUST-68327,30,Afternoon (13-17h),No Answer,0,AGT-001,False
CALL-50625,CUST-68327,193,Evening (17-20h),Success,619000,AGT-009,False
CALL-79246,CUST-83057,296,Afternoon (13-17h),Success,1301000,AGT-017,False
CALL-60893,CUST-83057,96,Morning (8-11h),Not Interested,0,AGT-006,False
CALL-27418,CUST-72611,161,Afternoon (13-17h),Success,465000,AGT-004,False
CALL-46813,CUST-72611,108,Morning (8-11h),Success,1620000,AGT-006,False
CALL-72303,CUST-72611,195,Noon (11-13h),Call Back Later,0,AGT-011,True
CALL-29131,CUST-72611,58,Noon (11-13h),Call Back Later,0,AGT-004,True
CALL-44743,CUST-92806,138,Afternoon (13-17h),Success,2188000,AGT-013,False
CALL-28230,CUST-92806,234,Afternoon (13-17h),Success,1594000,AGT-002,False
CALL-97896,CUST-92806,81,Evening (17-20h),Success,733000,AGT-002,False
CALL-28861,CUST-80599,222,Morning (8-11h),Not Interested,0,AGT-014,False
CALL-10395,CUST-80599,188,Afternoon (13-17h),Call Back Later,0,AGT-011,True
CALL-41520,CUST-80599,39,Morning (8-11h),Call Back Later,0,AGT-001,True
CALL-92143,CUST-80599,60,Noon (11-13h),Not Interested,0,AGT-004,False
CALL-51994,CUST-80599,205,Afternoon (13-17h),Success,1083000,AGT-015,False
CALL-14698,CUST-80599,59,Morning (8-11h),No Answer,0,AGT-004,False
CALL-41313,CUST-35743,8,Morning (8-11h),Not Interested,0,AGT-001,False
CALL-23658,CUST-35743,130,Noon (11-13h),Success,1968000,AGT-006,False
CALL-23560,CUST-35743,122,Noon (11-13h),Success,2500000,AGT-001,False
CALL-85875,CUST-35743,197,Noon (11-13h),Success,1824000,AGT-001,False
CALL-79230,CUST-35743,280,Afternoon (13-17h),Success,1045000,AGT-001,False
CALL-46213,CUST-35743,123,Afternoon (13-17h),Not Interested,0,AGT-015,False
CALL-35568,CUST-35743,150,Afternoon (13-17h),Success,1126000,AGT-006,False
CALL-24415,CUST-35743,28,Afternoon (13-17h),Not Interested,0,AGT-003,False
CALL-78537,CUST-50294,86,Afternoon (13-17h),Success,391000,AGT-004,True
CALL-73469,CUST-50294,512,Noon (11-13h),Success,1766000,AGT-004,False
CALL-35250,CUST-50294,174,Morning (8-11h),No Answer,0,AGT-001,False
CALL-84499,CUST-50294,288,Evening (17-20h),Success,621000,AGT-003,False
CALL-60641,CUST-50294,85,Afternoon (13-17h),Call Back Later,0,AGT-004,True
CALL-44519,CUST-50294,74,Morning (8-11h),Call Back Later,0,AGT-007,True
CALL-28925,CUST-50294,73,Afternoon (13-17h),Success,887000,AGT-002,False
CALL-90706,CUST-50294,229,Afternoon (13-17h),Not Interested,0,AGT-014,False
CALL-85152,CUST-50294,99,Noon (11-13h),Success,1261000,AGT-003,False
CALL-66047,CUST-50294,27,Afternoon (13-17h),Not Interested,0,AGT-002,False
CALL-33846,CUST-50294,107,Morning (8-11h),Call Back Later,0,AGT-006,True
CALL-38935,CUST-50294,76,Evening (17-20h),Success,488000,AGT-004,True
CALL-50792,CUST-50294,239,Noon (11-13h),Success,525000,AGT-001,False
CALL-76109,CUST-50294,415,Afternoon (13-17h),Not Interested,0,AGT-014,False
CALL-59487,CUST-37115,28,Morning (8-11h),Success,874000,AGT-007,False
CALL-77046,CUST-70076,179,Evening (17-20h),No Answer,0,AGT-011,False
CALL-48934,CUST-70076,264,Afternoon (13-17h),Success,1349000,AGT-013,False
CALL-51295,CUST-70076,205,Morning (8-11h),Not Interested,0,AGT-003,False
CALL-41064,CUST-70076,75,Noon (11-13h),Call Back Later,0,AGT-018,True
CALL-11891,CUST-70076,91,Morning (8-11h),Success,810000,AGT-001,False
CALL-56785,CUST-70076,120,Afternoon (13-17h),Not Interested,0,AGT-002,False
CALL-25262,CUST-70076,64,Noon (11-13h),Success,618000,AGT-001,False
CALL-39774,CUST-70076,139,Afternoon (13-17h),Success,938000,AGT-001,False
CALL-18708,CUST-70076,302,Afternoon (13-17h),Not Interested,0,AGT-011,False
CALL-71860,CUST-82160,177,Noon (11-13h),Success,726000,AGT-001,False
CALL-49500,CUST-82160,20,Morning (8-11h),No Answer,0,AGT-002,False
CALL-83282,CUST-82160,109,Evening (17-20h),No Answer,0,AGT-001,False
CALL-92476,CUST-82160,386,Noon (11-13h),Call Back Later,0,AGT-011,True
CALL-86761,CUST-82160,57,Morning (8-11h),Not Interested,0,AGT-014,False
CALL-22879,CUST-82160,205,Morning (8-11h),Success,1048000,AGT-001,False
CALL-90827,CUST-82160,39,Morning (8-11h),Call Back Later,0,AGT-001,True
CALL-49517,CUST-82160,176,Noon (11-13h),Not Interested,0,AGT-001,False
CALL-46165,CUST-85633,91,Afternoon (13-17h),Not Interested,0,AGT-007,False
CALL-44126,CUST-85633,329,Noon (11-13h),Success,350000,AGT-004,False
CALL-78511,CUST-85633,328,Afternoon (13-17h),Success,2028000,AGT-012,False
CALL-23882,CUST-85633,29,Afternoon (13-17h),Call Back Later,0,AGT-013,True
CALL-17535,CUST-96420,106,Afternoon (13-17h),Success,905000,AGT-002,False
CALL-76029,CUST-96420,84,Afternoon (13-17h),Call Back Later,0,AGT-003,True
CALL-80054,CUST-96420,201,Afternoon (13-17h),Success,2500000,AGT-001,False
CALL-19154,CUST-96420,101,Noon (11-13h),Success,2500000,AGT-002,False
CALL-59994,CUST-96420,304,Afternoon (13-17h),Success,488000,AGT-010,False
CALL-55538,CUST-96420,95,Evening (17-20h),Not Interested,0,AGT-003,False
CALL-39535,CUST-74107,133,Morning (8-11h),Success,1427000,AGT-008,False
CALL-27739,CUST-74107,102,Evening (17-20h),Success,1445000,AGT-005,False
CALL-26238,CUST-74107,202,Afternoon (13-17h),Success,727000,AGT-014,False
CALL-16968,CUST-74107,344,Evening (17-20h),Success,503000,AGT-006,False
CALL-58918,CUST-74107,233,Morning (8-11h),Success,2056000,AGT-002,False
CALL-58939,CUST-33649,89,Noon (11-13h),Success,776000,AGT-015,False
CALL-22999,CUST-33649,39,Morning (8-11h),No Answer,0,AGT-009,False
CALL-50044,CUST-33649,64,Morning (8-11h),Not Interested,0,AGT-003,False
CALL-66173,CUST-33649,286,Afternoon (13-17h),Success,398000,AGT-001,False
CALL-60043,CUST-21215,137,Morning (8-11h),Success,635000,AGT-008,False
CALL-48930,CUST-21215,148,Afternoon (13-17h),Success,515000,AGT-006,False
CALL-83546,CUST-21215,223,Afternoon (13-17h),Call Back Later,0,AGT-003,True
CALL-13603,CUST-21215,122,Evening (17-20h),Not Interested,0,AGT-002,False
CALL-58631,CUST-21215,245,Evening (17-20h),Call Back Later,0,AGT-007,True
CALL-71743,CUST-71402,103,Morning (8-11h),Call Back Later,0,AGT-001,True
CALL-77864,CUST-49718,86,Evening (17-20h),Success,827000,AGT-005,False
CALL-32864,CUST-61894,44,Morning (8-11h),No Answer,0,AGT-020,False
CALL-79584,CUST-61894,11,Afternoon (13-17h),Not Interested,0,AGT-016,False
CALL-47997,CUST-61894,139,Afternoon (13-17h),Success,1536000,AGT-002,False
CALL-18466,CUST-57049,213,Noon (11-13h),Success,1285000,AGT-003,False
CALL-82754,CUST-57049,212,Afternoon (13-17h),Not Interested,0,AGT-015,False
CALL-46960,CUST-88262,294,Noon (11-13h),Call Back Later,0,AGT-007,True
CALL-88529,CUST-88262,115,Afternoon (13-17h),Success,637000,AGT-002,False
CALL-28939,CUST-88262,291,Afternoon (13-17h),Success,577000,AGT-002,False
CALL-46199,CUST-88262,127,Morning (8-11h),Success,859000,AGT-001,True
CALL-35114,CUST-88262,43,Morning (8-11h),Not Interested,0,AGT-014,False
CALL-23853,CUST-88262,173,Afternoon (13-17h),Success,1902000,AGT-001,False
CALL-55896,CUST-74783,46,Morning (8-11h),No Answer,0,AGT-002,False
CALL-74057,CUST-74783,115,Morning (8-11h),Success,2500000,AGT-003,False
CALL-57996,CUST-74783,258,Morning (8-11h),Success,1492000,AGT-013,False
CALL-14023,CUST-74783,5,Afternoon (13-17h),Not Interested,0,AGT-001,False
CALL-12165,CUST-74783,132,Noon (11-13h),Success,350000,AGT-001,False
CALL-70348,CUST-74783,66,Afternoon (13-17h),Success,714000,AGT-016,True
CALL-94419,CUST-74783,259,Afternoon (13-17h),Call Back Later,0,AGT-002,True
CALL-63402,CUST-74783,366,Afternoon (13-17h),Success,623000,AGT-001,False
CALL-96256,CUST-74783,97,Evening (17-20h),Not Interested,0,AGT-006,False
CALL-57544,CUST-39781,194,Afternoon (13-17h),Success,1998000,AGT-002,False
CALL-63922,CUST-39781,30,Morning (8-11h),Call Back Later,0,AGT-008,True
CALL-52491,CUST-39781,153,Evening (17-20h),Success,642000,AGT-016,False
CALL-55721,CUST-39781,50,Noon (11-13h),No Answer,0,AGT-016,False
CALL-74362,CUST-19080,57,Afternoon (13-17h),No Answer,0,AGT-013,False
CALL-82832,CUST-53707,108,Noon (11-13h),Call Back Later,0,AGT-017,True
CALL-87356,CUST-53707,57,Afternoon (13-17h),Not Interested,0,AGT-017,False
CALL-49805,CUST-53707,158,Afternoon (13-17h),Not Interested,0,AGT-001,False
CALL-66365,CUST-53707,122,Noon (11-13h),Success,461000,AGT-007,False
CALL-62823,CUST-53707,70,Afternoon (13-17h),Not Interested,0,AGT-003,False
CALL-27071,CUST-53707,65,Afternoon (13-17h),Success,1434000,AGT-003,False
CALL-36271,CUST-53707,178,Morning (8-11h),Call Back Later,0,AGT-002,True
CALL-41506,CUST-53707,211,Afternoon (13-17h),Success,596000,AGT-007,True
CALL-73258,CUST-53707,132,Morning (8-11h),Call Back Later,0,AGT-003,True
CALL-23916,CUST-53707,199,Evening (17-20h),Success,544000,AGT-002,False
CALL-88549,CUST-53707,45,Afternoon (13-17h),Success,1001000,AGT-003,True
CALL-98261,CUST-53707,52,Noon (11-13h),No Answer,0,AGT-012,False
CALL-30472,CUST-53707,73,Morning (8-11h),No Answer,0,AGT-009,False
CALL-13009,CUST-21941,41,Noon (11-13h),No Answer,0,AGT-002,False
CALL-24612,CUST-21941,7,Afternoon (13-17h),Not Interested,0,AGT-015,False
CALL-96326,CUST-66401,99,Evening (17-20h),Success,1310000,AGT-001,False
CALL-78095,CUST-10436,62,Afternoon (13-17h),Success,592000,AGT-002,False
CALL-34439,CUST-10436,86,Afternoon (13-17h),Call Back Later,0,AGT-001,True
CALL-18291,CUST-10436,56,Morning (8-11h),Not Interested,0,AGT-006,False
CALL-93767,CUST-10436,82,Morning (8-11h),Not Interested,0,AGT-016,False
CALL-49033,CUST-10436,121,Afternoon (13-17h),Not Interested,0,AGT-001,False
CALL-49054,CUST-10436,192,Noon (11-13h),Success,630000,AGT-006,True
CALL-89398,CUST-39302,277,Evening (17-20h),Success,835000,AGT-011,False
CALL-30325,CUST-24445,95,Morning (8-11h),Not Interested,0,AGT-006,False
CALL-40777,CUST-24445,61,Afternoon (13-17h),Call Back Later,0,AGT-014,True
CALL-10690,CUST-24445,20,Afternoon (13-17h),Not Interested,0,AGT-005,False
CALL-13214,CUST-24445,457,Afternoon (13-17h),Success,903000,AGT-003,False
CALL-29202,CUST-24445,207,Morning (8-11h),Success,785000,AGT-001,False
CALL-58861,CUST-46766,136,Morning (8-11h),Call Back Later,0,AGT-006,True
CALL-16975,CUST-46766,32,Afternoon (13-17h),No Answer,0,AGT-001,False
CALL-24371,CUST-46766,9,Afternoon (13-17h),No Answer,0,AGT-008,False
CALL-56990,CUST-46766,19,Morning (8-11h),Not Interested,0,AGT-010,False
CALL-38631,CUST-45599,75,Evening (17-20h),Success,938000,AGT-003,False
CALL-83932,CUST-45599,63,Afternoon (13-17h),Success,1641000,AGT-005,False
CALL-57036,CUST-80842,59,Morning (8-11h),Not Interested,0,AGT-010,False
CALL-40392,CUST-92920,67,Afternoon (13-17h),Call Back Later,0,AGT-005,True
CALL-40257,CUST-92920,232,Evening (17-20h),Success,398000,AGT-002,False
CALL-79491,CUST-92920,32,Morning (8-11h),No Answer,0,AGT-012,False
CALL-23618,CUST-89990,43,Evening (17-20h),Not Interested,0,AGT-014,False
CALL-80474,CUST-89990,44,Afternoon (13-17h),Success,2500000,AGT-006,True
CALL-88744,CUST-89990,73,Afternoon (13-17h),Success,790000,AGT-001,False
CALL-15883,CUST-31458,20,Afternoon (13-17h),Success,532000,AGT-005,False
CALL-64762,CUST-31458,169,Morning (8-11h),Success,862000,AGT-019,False
CALL-84737,CUST-31458,60,Afternoon (13-17h),Call Back Later,0,AGT-012,True
CALL-49332,CUST-31458,101,Afternoon (13-17h),Success,796000,AGT-011,False
CALL-95792,CUST-31458,117,Afternoon (13-17h),Call Back Later,0,AGT-006,True
CALL-58417,CUST-10487,85,Afternoon (13-17h),Success,382000,AGT-002,True
CALL-23303,CUST-10487,210,Afternoon (13-17h),Success,638000,AGT-001,False
CALL-15589,CUST-16905,272,Noon (11-13h),Success,1124000,AGT-004,False
CALL-52888,CUST-16905,35,Noon (11-13h),Call Back Later,0,AGT-001,True
CALL-43677,CUST-16905,57,Evening (17-20h),No Answer,0,AGT-015,False
CALL-53298,CUST-17274,47,Afternoon (13-17h),Not Interested,0,AGT-002,False
CALL-66281,CUST-17274,27,Afternoon (13-17h),Call Back Later,0,AGT-005,True
CALL-55197,CUST-17274,186,Morning (8-11h),Success,489000,AGT-008,False
CALL-91229,CUST-17274,158,Noon (11-13h),Call Back Later,0,AGT-002,True
CALL-90356,CUST-17274,59,Noon (11-13h),Call Back Later,0,AGT-014,True
CALL-92144,CUST-22184,57,Evening (17-20h),No Answer,0,AGT-001,False
CALL-37149,CUST-57878,133,Noon (11-13h),Success,976000,AGT-010,True
CALL-65018,CUST-34045,90,Evening (17-20h),Not Interested,0,AGT-004,False
CALL-76957,CUST-34045,135,Afternoon (13-17h),Success,380000,AGT-002,False
CALL-44250,CUST-34045,68,Evening (17-20h),Call Back Later,0,AGT-002,True
CALL-13550,CUST-34045,125,Morning (8-11h),Success,836000,AGT-001,False
CALL-35118,CUST-34045,218,Evening (17-20h),Success,1049000,AGT-001,False
CALL-82651,CUST-34045,101,Noon (11-13h),Not Interested,0,AGT-008,False
CALL-29957,CUST-34045,322,Morning (8-11h),Success,555000,AGT-001,False
CALL-90295,CUST-34045,138,Afternoon (13-17h),Success,1510000,AGT-019,False
CALL-65115,CUST-36431,94,Evening (17-20h),Success,1368000,AGT-002,False
CALL-44717,CUST-36431,176,Afternoon (13-17h),Success,454000,AGT-019,False
CALL-70672,CUST-36431,150,Afternoon (13-17h),No Answer,0,AGT-017,False
CALL-63271,CUST-84120,174,Evening (17-20h),Success,486000,AGT-003,True
CALL-25483,CUST-86669,122,Evening (17-20h),Success,1665000,AGT-007,False
CALL-52084,CUST-73079,311,Afternoon (13-17h),Success,350000,AGT-003,False
CALL-66681,CUST-77587,191,Afternoon (13-17h),Success,652000,AGT-002,False
CALL-46845,CUST-77587,114,Noon (11-13h),Success,1496000,AGT-019,False
CALL-71678,CUST-77587,138,Afternoon (13-17h),Not Interested,0,AGT-015,True
CALL-26214,CUST-77587,429,Afternoon (13-17h),Call Back Later,0,AGT-002,True
CALL-45829,CUST-77587,92,Afternoon (13-17h),Success,1494000,AGT-002,False
CALL-36779,CUST-77587,140,Afternoon (13-17h),Success,796000,AGT-009,False
CALL-22465,CUST-77587,309,Evening (17-20h),Success,667000,AGT-001,False
CALL-45640,CUST-84418,43,Morning (8-11h),Not Interested,0,AGT-007,False
CALL-66565,CUST-84418,77,Afternoon (13-17h),Not Interested,0,AGT-001,False
CALL-83943,CUST-84418,228,Afternoon (13-17h),Success,350000,AGT-003,False
CALL-77250,CUST-84418,55,Afternoon (13-17h),Success,584000,AGT-002,True
CALL-11167,CUST-84418,91,Afternoon (13-17h),Not Interested,0,AGT-003,False
CALL-47131,CUST-84418,134,Afternoon (13-17h),Success,660000,AGT-004,True
CALL-40159,CUST-84418,205,Afternoon (13-17h),Success,930000,AGT-008,True
CALL-31464,CUST-84418,31,Afternoon (13-17h),Not Interested,0,AGT-004,False
CALL-57155,CUST-84418,216,Evening (17-20h),Success,460000,AGT-013,True
CALL-51103,CUST-63981,125,Morning (8-11h),Success,1233000,AGT-001,False
CALL-36390,CUST-63981,132,Morning (8-11h),Success,842000,AGT-003,False
CALL-88202,CUST-63981,21,Afternoon (13-17h),Not Interested,0,AGT-015,False
CALL-20467,CUST-63981,108,Noon (11-13h),No Answer,0,AGT-001,False
CALL-28068,CUST-63981,37,Noon (11-13h),No Answer,0,AGT-011,False
CALL-16652,CUST-63981,330,Noon (11-13h),No Answer,0,AGT-001,False
CALL-72084,CUST-90726,85,Afternoon (13-17h),No Answer,0,AGT-003,False
CALL-91146,CUST-90726,280,Morning (8-11h),Call Back Later,0,AGT-014,True
CALL-66665,CUST-81275,129,Noon (11-13h),Success,1640000,AGT-001,False
CALL-38647,CUST-81275,284,Afternoon (13-17h),No Answer,0,AGT-001,False
CALL-78228,CUST-81275,13,Noon (11-13h),Not Interested,0,AGT-002,False
CALL-32939,CUST-81275,52,Morning (8-11h),Call Back Later,0,AGT-003,True
CALL-76316,CUST-81275,269,Evening (17-20h),Success,387000,AGT-007,False
CALL-17520,CUST-81275,378,Noon (11-13h),Success,1289000,AGT-004,False
CALL-75425,CUST-81275,96,Evening (17-20h),Not Interested,0,AGT-014,False
CALL-66843,CUST-28590,69,Evening (17-20h),Success,761000,AGT-015,False
CALL-80593,CUST-28590,29,Morning (8-11h),Not Interested,0,AGT-014,False
CALL-15916,CUST-37466,18,Afternoon (13-17h),Not Interested,0,AGT-013,False
CALL-77374,CUST-37466,16,Morning (8-11h),No Answer,0,AGT-012,False
CALL-31579,CUST-37466,115,Morning (8-11h),Success,646000,AGT-003,False
CALL-65143,CUST-37466,110,Afternoon (13-17h),Call Back Later,0,AGT-013,True
CALL-51137,CUST-37466,36,Afternoon (13-17h),No Answer,0,AGT-001,False
CALL-34285,CUST-91899,60,Evening (17-20h),No Answer,0,AGT-016,False
CALL-91220,CUST-91899,87,Afternoon (13-17h),Call Back Later,0,AGT-014,True
CALL-37692,CUST-91899,12,Afternoon (13-17h),Call Back Later,0,AGT-009,True
CALL-28849,CUST-91899,134,Afternoon (13-17h),Success,598000,AGT-011,False
CALL-46417,CUST-91899,148,Morning (8-11h),Call Back Later,0,AGT-017,True
CALL-67270,CUST-91899,177,Noon (11-13h),Call Back Later,0,AGT-013,True
CALL-92289,CUST-91899,165,Afternoon (13-17h),Success,660000,AGT-007,False
CALL-90087,CUST-25424,101,Afternoon (13-17h),Success,504000,AGT-019,True
CALL-73028,CUST-25424,328,Afternoon (13-17h),Not Interested,0,AGT-003,False
CALL-49681,CUST-25424,72,Evening (17-20h),Not Interested,0,AGT-014,False
CALL-48779,CUST-25424,163,Afternoon (13-17h),Success,1380000,AGT-010,False
CALL-96822,CUST-25424,34,Morning (8-11h),Not Interested,0,AGT-017,False
CALL-79456,CUST-25424,35,Morning (8-11h),Call Back Later,0,AGT-002,True
CALL-57072,CUST-25424,153,Afternoon (13-17h),Success,782000,AGT-003,False
CALL-26449,CUST-25424,46,Afternoon (13-17h),Success,1055000,AGT-003,False
CALL-51646,CUST-25424,152,Morning (8-11h),Call Back Later,0,AGT-009,True
CALL-94541,CUST-25424,158,Afternoon (13-17h),Success,779000,AGT-005,False
CALL-64756,CUST-25424,352,Evening (17-20h),Success,2500000,AGT-001,False
CALL-75546,CUST-25424,32,Morning (8-11h),No Answer,0,AGT-003,False
CALL-74893,CUST-25424,26,Noon (11-13h),Not Interested,0,AGT-013,False
CALL-65893,CUST-25424,121,Afternoon (13-17h),Success,2131000,AGT-007,False
CALL-77363,CUST-26892,263,Evening (17-20h),Success,2441000,AGT-008,False
CALL-83102,CUST-26892,116,Morning (8-11h),Success,538000,AGT-001,True
CALL-71942,CUST-51979,600,Afternoon (13-17h),Success,583000,AGT-004,False
CALL-55687,CUST-51979,149,Noon (11-13h),Success,1412000,AGT-015,False
CALL-84464,CUST-51979,141,Morning (8-11h),Success,1233000,AGT-016,False
CALL-47271,CUST-51979,86,Morning (8-11h),Call Back Later,0,AGT-017,True
CALL-81330,CUST-11835,168,Evening (17-20h),Call Back Later,0,AGT-015,True
CALL-24121,CUST-11835,257,Morning (8-11h),No Answer,0,AGT-002,False
CALL-41400,CUST-11835,129,Morning (8-11h),Success,835000,AGT-003,False
CALL-14948,CUST-11835,239,Afternoon (13-17h),Success,1236000,AGT-009,False
CALL-74077,CUST-11835,128,Evening (17-20h),Success,1234000,AGT-002,False
CALL-23605,CUST-11835,29,Morning (8-11h),Not Interested,0,AGT-011,False
CALL-60781,CUST-11835,22,Evening (17-20h),No Answer,0,AGT-008,False
CALL-38212,CUST-11835,194,Evening (17-20h),Success,2500000,AGT-006,False
CALL-42966,CUST-42134,132,Morning (8-11h),Success,1197000,AGT-019,True
CALL-98154,CUST-45383,251,Morning (8-11h),Success,709000,AGT-009,False
CALL-39277,CUST-45383,199,Noon (11-13h),Call Back Later,0,AGT-001,True
CALL-84811,CUST-45383,22,Afternoon (13-17h),Not Interested,0,AGT-001,False
CALL-67138,CUST-45383,75,Morning (8-11h),No Answer,0,AGT-013,False
CALL-22887,CUST-95486,47,Afternoon (13-17h),Not Interested,0,AGT-002,False
CALL-95117,CUST-95486,112,Evening (17-20h),No Answer,0,AGT-002,False
CALL-34126,CUST-95486,103,Afternoon (13-17h),Success,2253000,AGT-006,False
CALL-57573,CUST-95486,20,Morning (8-11h),No Answer,0,AGT-008,False
CALL-41912,CUST-36529,68,Morning (8-11h),Success,1683000,AGT-006,False
CALL-61321,CUST-36529,69,Afternoon (13-17h),Call Back Later,0,AGT-009,True
CALL-53603,CUST-36529,159,Afternoon (13-17h),Success,1529000,AGT-004,False
CALL-84020,CUST-36529,107,Morning (8-11h),Success,1062000,AGT-015,False
CALL-48531,CUST-36529,59,Afternoon (13-17h),Success,350000,AGT-008,False
CALL-24158,CUST-36529,51,Noon (11-13h),Not Interested,0,AGT-005,False
CALL-51174,CUST-47673,19,Morning (8-11h),Not Interested,0,AGT-012,False
CALL-85490,CUST-47673,194,Afternoon (13-17h),Call Back Later,0,AGT-001,True
CALL-80680,CUST-47673,197,Afternoon (13-17h),Call Back Later,0,AGT-019,True
CALL-27902,CUST-61607,268,Morning (8-11h),Success,800000,AGT-002,False
CALL-82440,CUST-61607,65,Afternoon (13-17h),Success,470000,AGT-001,False
CALL-45173,CUST-61607,327,Morning (8-11h),Success,700000,AGT-003,False
CALL-57621,CUST-61607,196,Morning (8-11h),No Answer,0,AGT-009,False
CALL-42339,CUST-61607,215,Noon (11-13h),Success,652000,AGT-001,False
CALL-35595,CUST-97179,82,Afternoon (13-17h),Success,939000,AGT-002,False
CALL-49587,CUST-97179,77,Afternoon (13-17h),Success,350000,AGT-002,False
CALL-60926,CUST-97179,178,Noon (11-13h),Success,1295000,AGT-001,False
CALL-24681,CUST-97179,275,Morning (8-11h),Success,1980000,AGT-001,False
CALL-11104,CUST-97179,328,Evening (17-20h),Success,350000,AGT-005,True
CALL-52082,CUST-97179,296,Morning (8-11h),Success,1615000,AGT-001,False
CALL-40857,CUST-97179,156,Morning (8-11h),Success,1290000,AGT-015,False
CALL-90645,CUST-97179,34,Afternoon (13-17h),No Answer,0,AGT-001,False
CALL-49534,CUST-97179,208,Morning (8-11h),Call Back Later,0,AGT-001,True
CALL-42536,CUST-56542,50,Afternoon (13-17h),Call Back Later,0,AGT-002,True
CALL-11686,CUST-56542,408,Afternoon (13-17h),Success,1449000,AGT-007,False
CALL-39529,CUST-56542,289,Afternoon (13-17h),Success,1015000,AGT-010,False
CALL-49854,CUST-83577,115,Noon (11-13h),Success,2500000,AGT-001,False
CALL-54095,CUST-83577,126,Afternoon (13-17h),Success,635000,AGT-001,True
CALL-26110,CUST-83577,181,Afternoon (13-17h),Success,2225000,AGT-002,False
CALL-19324,CUST-83577,122,Morning (8-11h),Success,839000,AGT-015,False
CALL-45512,CUST-83577,190,Morning (8-11h),Success,724000,AGT-004,False
CALL-98631,CUST-83577,113,Morning (8-11h),Success,1567000,AGT-012,False
CALL-18372,CUST-83577,76,Afternoon (13-17h),Success,760000,AGT-014,False
CALL-93175,CUST-83577,51,Afternoon (13-17h),Not Interested,0,AGT-008,False
CALL-46211,CUST-50085,80,Afternoon (13-17h),Not Interested,0,AGT-004,False
CALL-72246,CUST-52064,135,Morning (8-11h),Success,1809000,AGT-017,False
CALL-60544,CUST-52064,47,Evening (17-20h),Call Back Later,0,AGT-001,True
CALL-26755,CUST-52064,230,Afternoon (13-17h),Success,822000,AGT-001,False
CALL-55604,CUST-46708,136,Morning (8-11h),Call Back Later,0,AGT-005,True
CALL-91535,CUST-95577,94,Morning (8-11h),Call Back Later,0,AGT-002,True
CALL-31302,CUST-61120,45,Evening (17-20h),Not Interested,0,AGT-012,False
CALL-51293,CUST-61120,246,Morning (8-11h),No Answer,0,AGT-002,False
CALL-77515,CUST-61120,318,Morning (8-11h),Success,923000,AGT-015,False
CALL-13243,CUST-61120,6,Afternoon (13-17h),No Answer,0,AGT-011,False
CALL-97819,CUST-61120,127,Evening (17-20h),Success,979000,AGT-010,False
CALL-82163,CUST-61120,279,Noon (11-13h),Success,492000,AGT-006,False
CALL-86035,CUST-61120,182,Morning (8-11h),No Answer,0,AGT-018,False
CALL-23405,CUST-61120,23,Afternoon (13-17h),Not Interested,0,AGT-015,False
CALL-65797,CUST-61120,89,Morning (8-11h),Success,350000,AGT-002,False
CALL-98857,CUST-61120,39,Evening (17-20h),No Answer,0,AGT-001,False
CALL-70397,CUST-61120,46,Evening (17-20h),No Answer,0,AGT-014,False
CALL-79634,CUST-61120,118,Evening (17-20h),Call Back Later,0,AGT-001,True
CALL-51477,CUST-61120,166,Morning (8-11h),No Answer,0,AGT-007,False
CALL-68268,CUST-61120,68,Evening (17-20h),Success,1047000,AGT-013,True
CALL-76222,CUST-61120,109,Afternoon (13-17h),Call Back Later,0,AGT-001,True
CALL-48015,CUST-61120,166,Morning (8-11h),Call Back Later,0,AGT-002,True
CALL-48500,CUST-61120,23,Afternoon (13-17h),No Answer,0,AGT-012,False
CALL-84674,CUST-61120,45,Evening (17-20h),No Answer,0,AGT-009,False
CALL-10324,CUST-61120,54,Noon (11-13h),Not Interested,0,AGT-002,False
CALL-53947,CUST-30444,81,Afternoon (13-17h),No Answer,0,AGT-002,False
CALL-61161,CUST-30444,91,Noon (11-13h),Not Interested,0,AGT-018,False
CALL-40361,CUST-30444,120,Afternoon (13-17h),Success,414000,AGT-001,False
CALL-66973,CUST-30444,68,Afternoon (13-17h),Call Back Later,0,AGT-004,True
CALL-78628,CUST-53213,175,Morning (8-11h),No Answer,0,AGT-003,False
CALL-87867,CUST-91044,73,Morning (8-11h),Call Back Later,0,AGT-005,True
CALL-10202,CUST-91044,34,Afternoon (13-17h),No Answer,0,AGT-004,False
CALL-25539,CUST-91044,61,Morning (8-11h),Not Interested,0,AGT-001,False
CALL-36326,CUST-91044,39,Noon (11-13h),Not Interested,0,AGT-012,False
CALL-55997,CUST-77047,9,Evening (17-20h),Not Interested,0,AGT-006,False
CALL-10863,CUST-77047,378,Afternoon (13-17h),Success,475000,AGT-006,False
CALL-28517,CUST-77047,9,Afternoon (13-17h),No Answer,0,AGT-018,False
CALL-51644,CUST-77047,77,Morning (8-11h),No Answer,0,AGT-008,False
CALL-29169,CUST-77047,107,Morning (8-11h),Success,446000,AGT-004,False
CALL-45701,CUST-77047,104,Morning (8-11h),No Answer,0,AGT-013,False
CALL-22018,CUST-77047,7,Evening (17-20h),No Answer,0,AGT-016,False
CALL-45337,CUST-75651,117,Afternoon (13-17h),Success,700000,AGT-001,True
CALL-90634,CUST-59158,246,Noon (11-13h),Success,1101000,AGT-003,False
CALL-72082,CUST-59158,23,Evening (17-20h),No Answer,0,AGT-010,False
CALL-53618,CUST-59158,115,Afternoon (13-17h),Success,1264000,AGT-009,False
CALL-63232,CUST-59158,117,Noon (11-13h),Call Back Later,0,AGT-001,True
CALL-10702,CUST-59158,95,Morning (8-11h),Call Back Later,0,AGT-004,True
CALL-65289,CUST-59158,416,Morning (8-11h),Call Back Later,0,AGT-004,True
CALL-38923,CUST-59158,93,Afternoon (13-17h),No Answer,0,AGT-002,False
CALL-41565,CUST-59158,63,Morning (8-11h),Success,603000,AGT-002,False
CALL-35719,CUST-34603,16,Morning (8-11h),No Answer,0,AGT-008,False
CALL-29353,CUST-34603,273,Evening (17-20h),Success,579000,AGT-013,False
CALL-59890,CUST-34603,39,Afternoon (13-17h),No Answer,0,AGT-015,False
CALL-53033,CUST-99943,130,Evening (17-20h),Success,500000,AGT-001,False
CALL-22457,CUST-55105,295,Morning (8-11h),Success,736000,AGT-002,False
CALL-85721,CUST-55105,155,Evening (17-20h),Success,1678000,AGT-010,False
CALL-80476,CUST-55105,21,Afternoon (13-17h),No Answer,0,AGT-006,False
CALL-24405,CUST-55105,183,Noon (11-13h),Success,1497000,AGT-015,False
CALL-53018,CUST-55105,59,Evening (17-20h),Call Back Later,0,AGT-017,True
CALL-75009,CUST-75829,172,Morning (8-11h),Success,1579000,AGT-001,False
CALL-17381,CUST-33040,376,Evening (17-20h),Success,826000,AGT-001,False
CALL-40483,CUST-33040,160,Afternoon (13-17h),Success,1036000,AGT-006,True
CALL-50531,CUST-14206,102,Afternoon (13-17h),Success,1336000,AGT-004,True
CALL-53908,CUST-49801,52,Evening (17-20h),Call Back Later,0,AGT-002,True
CALL-33778,CUST-49801,36,Morning (8-11h),No Answer,0,AGT-002,False
CALL-35123,CUST-17242,158,Afternoon (13-17h),Success,1307000,AGT-007,False
CALL-79087,CUST-17242,282,Afternoon (13-17h),Success,601000,AGT-002,False
CALL-82254,CUST-17242,146,Morning (8-11h),Success,1282000,AGT-001,False
CALL-44618,CUST-41765,116,Morning (8-11h),Success,596000,AGT-016,False
CALL-86070,CUST-41765,114,Morning (8-11h),Call Back Later,0,AGT-008,True
CALL-74169,CUST-41765,99,Morning (8-11h),Success,718000,AGT-014,False
CALL-94178,CUST-41765,259,Afternoon (13-17h),Success,442000,AGT-001,False
CALL-52073,CUST-41765,192,Evening (17-20h),Success,417000,AGT-001,False
CALL-49107,CUST-41765,316,Afternoon (13-17h),Success,2500000,AGT-010,False
CALL-17349,CUST-41765,294,Afternoon (13-17h),Success,505000,AGT-004,False
CALL-46277,CUST-41765,463,Afternoon (13-17h),Success,1515000,AGT-017,False
CALL-40820,CUST-41765,220,Morning (8-11h),Success,1305000,AGT-013,False
CALL-66448,CUST-41765,196,Afternoon (13-17h),Success,1494000,AGT-002,False
CALL-68677,CUST-13367,104,Evening (17-20h),No Answer,0,AGT-014,False
CALL-93688,CUST-13367,119,Noon (11-13h),No Answer,0,AGT-001,False
CALL-85751,CUST-13367,238,Morning (8-11h),Success,527000,AGT-001,False
CALL-97680,CUST-13367,83,Afternoon (13-17h),Call Back Later,0,AGT-003,True
CALL-28004,CUST-13367,267,Afternoon (13-17h),No Answer,0,AGT-019,False
CALL-55265,CUST-13367,103,Morning (8-11h),Success,877000,AGT-007,False
CALL-12464,CUST-62173,125,Morning (8-11h),Not Interested,0,AGT-007,False
CALL-44988,CUST-51350,357,Noon (11-13h),Success,1038000,AGT-004,False
CALL-89603,CUST-51350,200,Noon (11-13h),Success,802000,AGT-001,False
CALL-31803,CUST-51350,128,Morning (8-11h),Success,949000,AGT-005,False
CALL-57517,CUST-51350,426,Afternoon (13-17h),Success,1173000,AGT-008,False
CALL-26579,CUST-51350,68,Evening (17-20h),Success,399000,AGT-007,False
CALL-41479,CUST-51350,54,Afternoon (13-17h),Success,1038000,AGT-005,False
CALL-27838,CUST-12588,51,Morning (8-11h),Not Interested,0,AGT-004,False
CALL-76973,CUST-12588,141,Morning (8-11h),Success,777000,AGT-012,False
CALL-19987,CUST-12588,122,Evening (17-20h),Success,835000,AGT-004,False
CALL-38449,CUST-12588,161,Morning (8-11h),Success,1538000,AGT-010,False
CALL-79218,CUST-12588,18,Evening (17-20h),Not Interested,0,AGT-005,False
CALL-41268,CUST-12588,20,Afternoon (13-17h),Success,481000,AGT-015,False
CALL-98790,CUST-12588,54,Morning (8-11h),Success,934000,AGT-001,False
CALL-41246,CUST-12588,142,Morning (8-11h),Not Interested,0,AGT-009,False
CALL-40169,CUST-12588,81,Afternoon (13-17h),Call Back Later,0,AGT-001,True
CALL-59832,CUST-12588,37,Morning (8-11h),Not Interested,0,AGT-017,False
CALL-63144,CUST-12588,47,Evening (17-20h),Not Interested,0,AGT-014,False
CALL-50789,CUST-12588,205,Morning (8-11h),Success,417000,AGT-003,False
CALL-97704,CUST-56853,316,Noon (11-13h),Success,425000,AGT-011,False
CALL-29211,CUST-56853,88,Noon (11-13h),Call Back Later,0,AGT-001,True
CALL-93006,CUST-56853,39,Afternoon (13-17h),No Answer,0,AGT-008,False
CALL-54669,CUST-78193,148,Evening (17-20h),Success,529000,AGT-016,False
CALL-77186,CUST-78193,391,Evening (17-20h),Success,350000,AGT-001,False
CALL-47996,CUST-66146,129,Noon (11-13h),Success,1027000,AGT-003,False
CALL-66071,CUST-29129,138,Afternoon (13-17h),Call Back Later,0,AGT-002,True
CALL-56564,CUST-29129,105,Evening (17-20h),Success,1075000,AGT-004,False
CALL-26182,CUST-29129,171,Afternoon (13-17h),No Answer,0,AGT-011,False
CALL-62145,CUST-67873,139,Morning (8-11h),No Answer,0,AGT-003,False
CALL-46897,CUST-34652,168,Evening (17-20h),Call Back Later,0,AGT-003,True
CALL-76291,CUST-10582,131,Noon (11-13h),Success,908000,AGT-004,True
CALL-25704,CUST-10582,42,Noon (11-13h),Not Interested,0,AGT-002,False
CALL-31519,CUST-10582,64,Morning (8-11h),Success,1026000,AGT-013,False
CALL-78690,CUST-10582,25,Evening (17-20h),Not Interested,0,AGT-001,False
CALL-78449,CUST-96378,188,Evening (17-20h),Success,1319000,AGT-010,False
CALL-31999,CUST-96378,226,Evening (17-20h),Not Interested,0,AGT-001,False
CALL-33163,CUST-96378,148,Morning (8-11h),Call Back Later,0,AGT-005,True
CALL-26470,CUST-96378,84,Morning (8-11h),No Answer,0,AGT-014,True
CALL-80791,CUST-46999,119,Morning (8-11h),Not Interested,0,AGT-004,False
CALL-53133,CUST-56398,145,Morning (8-11h),Success,824000,AGT-001,True
CALL-95818,CUST-56398,143,Noon (11-13h),Success,2396000,AGT-001,False
CALL-80396,CUST-56398,203,Afternoon (13-17h),Success,1278000,AGT-006,False
CALL-52761,CUST-56398,67,Evening (17-20h),Call Back Later,0,AGT-005,True
CALL-35481,CUST-56398,130,Noon (11-13h),Success,612000,AGT-016,False
CALL-68402,CUST-56398,53,Morning (8-11h),No Answer,0,AGT-016,False
CALL-20814,CUST-56398,188,Morning (8-11h),Success,2032000,AGT-008,False
CALL-53256,CUST-29376,58,Afternoon (13-17h),Call Back Later,0,AGT-001,True
CALL-65273,CUST-29376,426,Afternoon (13-17h),Success,760000,AGT-005,False
CALL-48261,CUST-29376,121,Afternoon (13-17h),Success,586000,AGT-001,True
CALL-94579,CUST-29376,83,Afternoon (13-17h),Success,1301000,AGT-001,False
CALL-97510,CUST-54752,70,Morning (8-11h),Call Back Later,0,AGT-014,True
CALL-57097,CUST-54752,120,Afternoon (13-17h),No Answer,0,AGT-001,False
CALL-89830,CUST-54752,360,Afternoon (13-17h),Not Interested,0,AGT-012,False
CALL-81432,CUST-91137,44,Evening (17-20h),No Answer,0,AGT-002,False
CALL-51973,CUST-91137,191,Morning (8-11h),Not Interested,0,AGT-001,False
CALL-35763,CUST-34849,55,Noon (11-13h),No Answer,0,AGT-004,False
CALL-32775,CUST-68169,37,Afternoon (13-17h),No Answer,0,AGT-001,False
CALL-97613,CUST-68169,162,Afternoon (13-17h),Success,2500000,AGT-011,False
CALL-23199,CUST-16748,86,Morning (8-11h),Success,638000,AGT-019,False
CALL-35518,CUST-16748,113,Afternoon (13-17h),Success,1822000,AGT-006,False
CALL-53838,CUST-16748,152,Morning (8-11h),Success,1818000,AGT-002,False
CALL-25364,CUST-25721,360,Noon (11-13h),Success,1618000,AGT-013,False
CALL-29459,CUST-83882,186,Evening (17-20h),Success,982000,AGT-002,False
CALL-64315,CUST-83882,86,Morning (8-11h),Success,544000,AGT-003,False
CALL-37241,CUST-83882,203,Morning (8-11h),Success,767000,AGT-003,False
CALL-75919,CUST-19920,32,Morning (8-11h),Not Interested,0,AGT-016,False
CALL-69809,CUST-96615,98,Afternoon (13-17h),Success,393000,AGT-001,False
CALL-41507,CUST-91035,75,Afternoon (13-17h),No Answer,0,AGT-001,True
CALL-10721,CUST-91035,480,Morning (8-11h),Success,567000,AGT-002,False
CALL-24028,CUST-77837,54,Noon (11-13h),No Answer,0,AGT-008,False
CALL-33465,CUST-88886,185,Morning (8-11h),Call Back Later,0,AGT-001,True
CALL-60946,CUST-88886,71,Afternoon (13-17h),Success,1408000,AGT-005,False
CALL-62395,CUST-88886,50,Morning (8-11h),No Answer,0,AGT-017,False
CALL-28284,CUST-88886,60,Afternoon (13-17h),Not Interested,0,AGT-006,False
CALL-43138,CUST-88886,129,Noon (11-13h),Success,647000,AGT-004,False
CALL-77905,CUST-88886,109,Afternoon (13-17h),Not Interested,0,AGT-009,False
CALL-50769,CUST-88886,85,Afternoon (13-17h),Success,1482000,AGT-012,False
CALL-73919,CUST-88886,233,Afternoon (13-17h),No Answer,0,AGT-008,False
CALL-86628,CUST-79653,93,Noon (11-13h),Not Interested,0,AGT-003,False
CALL-40692,CUST-79653,220,Noon (11-13h),Success,822000,AGT-001,False
CALL-44878,CUST-79653,115,Afternoon (13-17h),Success,1122000,AGT-003,False
CALL-18685,CUST-48444,43,Morning (8-11h),No Answer,0,AGT-005,False
CALL-38761,CUST-74421,125,Morning (8-11h),Not Interested,0,AGT-007,False
CALL-93635,CUST-63708,124,Afternoon (13-17h),Success,350000,AGT-004,False
CALL-36831,CUST-63708,549,Morning (8-11h),Success,561000,AGT-016,True
CALL-37887,CUST-17555,293,Afternoon (13-17h),Call Back Later,0,AGT-019,True
CALL-47060,CUST-17555,332,Morning (8-11h),No Answer,0,AGT-004,False
CALL-54685,CUST-17555,108,Afternoon (13-17h),Success,844000,AGT-001,False
CALL-37292,CUST-17555,70,Morning (8-11h),Success,567000,AGT-001,False
CALL-87667,CUST-17555,95,Afternoon (13-17h),Call Back Later,0,AGT-006,True
CALL-60742,CUST-17555,90,Afternoon (13-17h),Call Back Later,0,AGT-001,True
CALL-77194,CUST-17555,225,Noon (11-13h),Success,706000,AGT-001,True
CALL-87688,CUST-69249,74,Afternoon (13-17h),Success,653000,AGT-011,False
CALL-87731,CUST-69249,205,Noon (11-13h),Success,721000,AGT-001,False
CALL-80595,CUST-54207,250,Afternoon (13-17h),Call Back Later,0,AGT-001,True
CALL-61954,CUST-54207,171,Evening (17-20h),Success,816000,AGT-020,False
CALL-87091,CUST-84973,35,Morning (8-11h),Not Interested,0,AGT-008,False
CALL-30977,CUST-48103,163,Morning (8-11h),Success,590000,AGT-011,False
CALL-33963,CUST-48103,31,Evening (17-20h),Call Back Later,0,AGT-006,True
CALL-78214,CUST-48103,122,Morning (8-11h),Success,725000,AGT-006,False
CALL-68616,CUST-48103,97,Morning (8-11h),Success,1227000,AGT-004,False
CALL-25560,CUST-48103,178,Morning (8-11h),Success,2132000,AGT-001,False
CALL-77754,CUST-64067,81,Morning (8-11h),Not Interested,0,AGT-018,False
CALL-32209,CUST-64067,72,Afternoon (13-17h),Not Interested,0,AGT-015,False
CALL-82408,CUST-64067,82,Morning (8-11h),Call Back Later,0,AGT-001,True
CALL-41744,CUST-64067,87,Evening (17-20h),Success,787000,AGT-010,False
CALL-96229,CUST-64067,30,Afternoon (13-17h),Success,2500000,AGT-002,False
CALL-60073,CUST-64067,258,Afternoon (13-17h),Success,1247000,AGT-011,False
CALL-44208,CUST-64067,92,Morning (8-11h),No Answer,0,AGT-010,False
CALL-79877,CUST-64067,205,Afternoon (13-17h),Not Interested,0,AGT-008,False
CALL-51794,CUST-64067,159,Morning (8-11h),Success,483000,AGT-010,False
CALL-88327,CUST-12637,96,Evening (17-20h),Not Interested,0,AGT-012,False
CALL-56743,CUST-72595,77,Afternoon (13-17h),Call Back Later,0,AGT-005,True
CALL-62786,CUST-36815,27,Morning (8-11h),Call Back Later,0,AGT-001,True
CALL-60934,CUST-36815,66,Noon (11-13h),Success,796000,AGT-005,False
CALL-59656,CUST-36815,36,Noon (11-13h),Not Interested,0,AGT-010,False
CALL-93802,CUST-94737,47,Afternoon (13-17h),No Answer,0,AGT-003,False
CALL-61430,CUST-94737,201,Afternoon (13-17h),Success,1845000,AGT-017,False
CALL-11931,CUST-94737,78,Evening (17-20h),Not Interested,0,AGT-004,False
CALL-83686,CUST-94737,58,Afternoon (13-17h),Not Interested,0,AGT-002,False
CALL-16471,CUST-94737,81,Afternoon (13-17h),Success,1019000,AGT-016,False
CALL-70173,CUST-94737,35,Morning (8-11h),No Answer,0,AGT-004,False
CALL-19116,CUST-94737,41,Morning (8-11h),No Answer,0,AGT-001,False
CALL-11657,CUST-94737,221,Morning (8-11h),Success,1444000,AGT-002,False
CALL-53982,CUST-94737,311,Morning (8-11h),Success,566000,AGT-001,False
CALL-18929,CUST-39498,110,Afternoon (13-17h),Not Interested,0,AGT-015,False
CALL-99680,CUST-39498,17,Morning (8-11h),No Answer,0,AGT-002,False
CALL-16630,CUST-39498,297,Afternoon (13-17h),Success,2500000,AGT-004,False
CALL-69235,CUST-39498,404,Morning (8-11h),Success,1308000,AGT-003,False
CALL-54957,CUST-39498,141,Afternoon (13-17h),Success,1325000,AGT-004,False
CALL-15197,CUST-39498,62,Afternoon (13-17h),Success,727000,AGT-005,False
CALL-73931,CUST-39498,205,Noon (11-13h),Success,905000,AGT-003,False
CALL-76490,CUST-39498,105,Afternoon (13-17h),Success,2500000,AGT-001,False
CALL-18796,CUST-39498,188,Afternoon (13-17h),Success,493000,AGT-011,False
CALL-74863,CUST-39498,23,Afternoon (13-17h),Success,660000,AGT-003,False
CALL-13996,CUST-39498,74,Afternoon (13-17h),Success,750000,AGT-012,True
CALL-32137,CUST-58576,34,Morning (8-11h),Success,989000,AGT-004,False
CALL-94142,CUST-92217,47,Afternoon (13-17h),No Answer,0,AGT-020,False
CALL-86783,CUST-38867,22,Afternoon (13-17h),Not Interested,0,AGT-019,False
CALL-44281,CUST-85005,48,Afternoon (13-17h),Not Interested,0,AGT-016,False
CALL-60985,CUST-85005,255,Morning (8-11h),Success,1375000,AGT-005,False
CALL-75654,CUST-85005,54,Morning (8-11h),Not Interested,0,AGT-001,False
CALL-58004,CUST-85005,21,Morning (8-11h),No Answer,0,AGT-005,False
CALL-43097,CUST-38398,53,Afternoon (13-17h),Call Back Later,0,AGT-003,True
CALL-78464,CUST-38398,23,Morning (8-11h),Call Back Later,0,AGT-001,True
CALL-77929,CUST-38398,114,Afternoon (13-17h),Call Back Later,0,AGT-004,True
CALL-39629,CUST-38398,55,Morning (8-11h),Call Back Later,0,AGT-010,True
CALL-16782,CUST-38398,89,Morning (8-11h),Success,910000,AGT-007,True
CALL-58152,CUST-38398,63,Morning (8-11h),No Answer,0,AGT-012,False
CALL-92616,CUST-38398,88,Afternoon (13-17h),Not Interested,0,AGT-017,False
CALL-59411,CUST-59688,20,Morning (8-11h),Not Interested,0,AGT-011,False
CALL-94789,CUST-59688,50,Morning (8-11h),Not Interested,0,AGT-006,False
CALL-88832,CUST-55021,162,Morning (8-11h),Success,810000,AGT-008,False
CALL-10978,CUST-55021,174,Afternoon (13-17h),Success,787000,AGT-006,False
CALL-47978,CUST-50621,93,Morning (8-11h),Call Back Later,0,AGT-002,True
CALL-27631,CUST-50621,99,Morning (8-11h),Success,558000,AGT-001,False
CALL-68472,CUST-50621,14,Morning (8-11h),No Answer,0,AGT-007,False
CALL-79209,CUST-50621,139,Morning (8-11h),Success,1761000,AGT-020,False
CALL-85214,CUST-67020,253,Morning (8-11h),Success,492000,AGT-002,False
CALL-16542,CUST-66127,23,Noon (11-13h),Not Interested,0,AGT-012,False
CALL-30531,CUST-95013,194,Afternoon (13-17h),Success,1659000,AGT-004,False
CALL-94031,CUST-10390,22,Afternoon (13-17h),No Answer,0,AGT-007,False
CALL-44259,CUST-10390,112,Noon (11-13h),Success,978000,AGT-004,False
CALL-47314,CUST-10390,19,Afternoon (13-17h),No Answer,0,AGT-002,False
CALL-82787,CUST-10390,27,Noon (11-13h),Call Back Later,0,AGT-016,True
CALL-64228,CUST-12137,46,Afternoon (13-17h),Not Interested,0,AGT-003,False
CALL-38041,CUST-12137,39,Afternoon (13-17h),Not Interested,0,AGT-001,False
CALL-42313,CUST-12137,234,Afternoon (13-17h),Success,367000,AGT-003,False
CALL-73089,CUST-63014,118,Noon (11-13h),Call Back Later,0,AGT-008,True
CALL-59004,CUST-63014,41,Morning (8-11h),Not Interested,0,AGT-004,False
CALL-22800,CUST-63014,163,Afternoon (13-17h),Not Interested,0,AGT-002,False
CALL-82033,CUST-63014,185,Noon (11-13h),Success,761000,AGT-018,False
CALL-73104,CUST-63014,144,Afternoon (13-17h),Success,1354000,AGT-006,False
CALL-74407,CUST-63014,129,Noon (11-13h),Success,1767000,AGT-018,False
CALL-92223,CUST-63014,130,Afternoon (13-17h),Success,1198000,AGT-008,False
CALL-29627,CUST-19402,39,Evening (17-20h),No Answer,0,AGT-001,False
CALL-18031,CUST-86918,111,Evening (17-20h),No Answer,0,AGT-009,False
CALL-68734,CUST-60253,235,Morning (8-11h),Success,638000,AGT-003,True
CALL-86277,CUST-60253,344,Afternoon (13-17h),Success,397000,AGT-006,False
CALL-77891,CUST-60253,99,Noon (11-13h),Not Interested,0,AGT-007,False
CALL-81780,CUST-60253,59,Morning (8-11h),Success,840000,AGT-015,False
CALL-89967,CUST-11737,45,Afternoon (13-17h),Success,1839000,AGT-001,False
CALL-91586,CUST-11737,222,Afternoon (13-17h),Call Back Later,0,AGT-006,True
CALL-65052,CUST-11737,46,Afternoon (13-17h),Call Back Later,0,AGT-001,True
CALL-99024,CUST-11737,86,Evening (17-20h),No Answer,0,AGT-001,False
CALL-98212,CUST-11737,84,Afternoon (13-17h),No Answer,0,AGT-004,False
CALL-24921,CUST-11737,180,Evening (17-20h),Success,665000,AGT-011,False
CALL-41976,CUST-81554,137,Afternoon (13-17h),Success,865000,AGT-001,False
CALL-75559,CUST-68971,402,Morning (8-11h),Not Interested,0,AGT-001,False
CALL-24617,CUST-68971,134,Morning (8-11h),Call Back Later,0,AGT-004,True
CALL-31801,CUST-43280,228,Evening (17-20h),Success,454000,AGT-001,False
CALL-50237,CUST-56849,69,Afternoon (13-17h),Call Back Later,0,AGT-004,True
CALL-98153,CUST-56849,135,Noon (11-13h),Success,642000,AGT-001,False
CALL-63276,CUST-56849,238,Afternoon (13-17h),Call Back Later,0,AGT-014,True
CALL-87303,CUST-56849,216,Noon (11-13h),Success,1165000,AGT-002,False
CALL-63817,CUST-44425,28,Morning (8-11h),No Answer,0,AGT-003,True
CALL-84072,CUST-44425,40,Noon (11-13h),Success,1531000,AGT-002,True
CALL-33919,CUST-57373,138,Afternoon (13-17h),Call Back Later,0,AGT-008,True
CALL-42651,CUST-57373,87,Afternoon (13-17h),Call Back Later,0,AGT-001,True
CALL-28741,CUST-57373,106,Evening (17-20h),Call Back Later,0,AGT-002,True
CALL-45440,CUST-57373,84,Afternoon (13-17h),Success,1276000,AGT-002,False
CALL-44925,CUST-57373,203,Afternoon (13-17h),Success,1159000,AGT-020,True
CALL-31467,CUST-57373,123,Afternoon (13-17h),Success,1253000,AGT-013,False
CALL-20489,CUST-83526,93,Morning (8-11h),Not Interested,0,AGT-002,False
CALL-21599,CUST-83526,498,Evening (17-20h),Success,1699000,AGT-008,False
CALL-55030,CUST-83526,235,Evening (17-20h),No Answer,0,AGT-014,False
CALL-51648,CUST-83526,274,Morning (8-11h),Success,1946000,AGT-010,False
CALL-20294,CUST-83526,36,Afternoon (13-17h),Not Interested,0,AGT-010,False
CALL-98127,CUST-83526,524,Noon (11-13h),Success,2405000,AGT-020,False
CALL-60730,CUST-40318,479,Afternoon (13-17h),Not Interested,0,AGT-012,False
CALL-45523,CUST-40318,200,Morning (8-11h),Success,2320000,AGT-001,False
CALL-80107,CUST-40318,120,Evening (17-20h),Call Back Later,0,AGT-004,True
CALL-98475,CUST-40318,56,Evening (17-20h),Success,1142000,AGT-007,False
CALL-52653,CUST-40318,217,Afternoon (13-17h),Success,707000,AGT-020,False
CALL-63145,CUST-40318,413,Morning (8-11h),Call Back Later,0,AGT-005,True
CALL-31259,CUST-40318,124,Morning (8-11h),Success,715000,AGT-017,False
CALL-23286,CUST-40318,40,Afternoon (13-17h),No Answer,0,AGT-001,False
CALL-68224,CUST-40318,109,Evening (17-20h),Success,1130000,AGT-003,False
CALL-18940,CUST-40318,72,Morning (8-11h),Success,1815000,AGT-002,False
CALL-35466,CUST-40318,47,Morning (8-11h),Call Back Later,0,AGT-009,True
CALL-34432,CUST-40318,21,Afternoon (13-17h),Not Interested,0,AGT-011,False
CALL-13584,CUST-40318,379,Evening (17-20h),Success,2302000,AGT-002,False
CALL-52558,CUST-40251,291,Evening (17-20h),Not Interested,0,AGT-007,False
CALL-60214,CUST-40251,81,Evening (17-20h),Success,533000,AGT-009,False
CALL-73390,CUST-58743,7,Afternoon (13-17h),Not Interested,0,AGT-020,False
CALL-76046,CUST-58743,158,Evening (17-20h),Success,2500000,AGT-001,False
CALL-46236,CUST-58743,310,Evening (17-20h),Success,870000,AGT-007,False
CALL-76372,CUST-58743,408,Evening (17-20h),Success,944000,AGT-009,False
CALL-97192,CUST-58743,156,Noon (11-13h),Success,661000,AGT-003,True
CALL-12990,CUST-58743,57,Morning (8-11h),Call Back Later,0,AGT-002,True
CALL-29778,CUST-58743,138,Afternoon (13-17h),Success,2500000,AGT-001,False
CALL-67126,CUST-58743,97,Morning (8-11h),Not Interested,0,AGT-013,False
CALL-86279,CUST-58743,85,Noon (11-13h),Not Interested,0,AGT-001,False
CALL-18993,CUST-22586,263,Afternoon (13-17h),Success,766000,AGT-002,False
CALL-74394,CUST-22586,162,Evening (17-20h),Call Back Later,0,AGT-009,True
CALL-12604,CUST-22586,30,Afternoon (13-17h),Success,663000,AGT-010,False
CALL-50574,CUST-22586,265,Morning (8-11h),Success,1335000,AGT-001,False
CALL-60462,CUST-66206,380,Afternoon (13-17h),Success,1690000,AGT-012,False
CALL-24537,CUST-46806,53,Morning (8-11h),No Answer,0,AGT-007,False
CALL-88500,CUST-84437,158,Morning (8-11h),Call Back Later,0,AGT-001,True
CALL-91867,CUST-84437,94,Morning (8-11h),Success,551000,AGT-014,True
CALL-74261,CUST-84437,18,Afternoon (13-17h),No Answer,0,AGT-008,False
CALL-97929,CUST-84437,138,Morning (8-11h),Success,791000,AGT-009,False
CALL-83487,CUST-84437,208,Afternoon (13-17h),Success,746000,AGT-019,False
CALL-89780,CUST-84437,139,Afternoon (13-17h),Success,1561000,AGT-002,False
CALL-29678,CUST-84437,299,Afternoon (13-17h),Success,417000,AGT-012,False
CALL-54383,CUST-84437,131,Morning (8-11h),Call Back Later,0,AGT-018,True
CALL-12008,CUST-84437,19,Morning (8-11h),Not Interested,0,AGT-002,False
CALL-37412,CUST-84437,62,Afternoon (13-17h),No Answer,0,AGT-008,False
CALL-69533,CUST-87268,243,Morning (8-11h),Success,2420000,AGT-004,False
CALL-66507,CUST-87268,5,Afternoon (13-17h),Not Interested,0,AGT-008,False
CALL-57562,CUST-87268,66,Afternoon (13-17h),Success,361000,AGT-007,False
CALL-44284,CUST-87268,135,Afternoon (13-17h),Success,1567000,AGT-004,False
CALL-76146,CUST-87268,246,Afternoon (13-17h),Success,1276000,AGT-005,False
CALL-24222,CUST-87268,323,Evening (17-20h),Success,456000,AGT-001,False
CALL-40445,CUST-87268,92,Afternoon (13-17h),Success,884000,AGT-016,False
CALL-51424,CUST-86994,114,Morning (8-11h),Not Interested,0,AGT-003,False
CALL-18377,CUST-86994,70,Morning (8-11h),Success,350000,AGT-005,True
CALL-15842,CUST-86994,121,Evening (17-20h),Success,1417000,AGT-006,False
CALL-57866,CUST-86994,35,Evening (17-20h),Call Back Later,0,AGT-003,True
CALL-58003,CUST-86994,166,Afternoon (13-17h),Success,835000,AGT-001,False
CALL-98737,CUST-86994,5,Evening (17-20h),No Answer,0,AGT-001,False
CALL-97068,CUST-86994,153,Afternoon (13-17h),Success,605000,AGT-004,False
CALL-67021,CUST-86994,96,Morning (8-11h),Not Interested,0,AGT-009,False
CALL-49069,CUST-47255,251,Afternoon (13-17h),Success,1359000,AGT-001,False
CALL-51340,CUST-47255,205,Noon (11-13h),Success,973000,AGT-019,False
CALL-18565,CUST-47255,82,Afternoon (13-17h),Success,720000,AGT-007,False
CALL-31785,CUST-47255,195,Evening (17-20h),Success,435000,AGT-014,False
CALL-87695,CUST-47255,38,Afternoon (13-17h),Success,735000,AGT-010,False
CALL-65485,CUST-56427,22,Afternoon (13-17h),Not Interested,0,AGT-003,False
CALL-37247,CUST-56427,150,Afternoon (13-17h),Success,797000,AGT-008,False
CALL-82864,CUST-56427,20,Afternoon (13-17h),No Answer,0,AGT-020,False
CALL-88530,CUST-56427,344,Afternoon (13-17h),Success,620000,AGT-001,False
CALL-77521,CUST-56427,14,Morning (8-11h),Not Interested,0,AGT-020,False
CALL-75477,CUST-56427,236,Evening (17-20h),Success,865000,AGT-018,False
CALL-37269,CUST-56427,95,Afternoon (13-17h),Success,812000,AGT-003,False
CALL-29402,CUST-56427,171,Afternoon (13-17h),Call Back Later,0,AGT-004,True
CALL-86723,CUST-56427,124,Afternoon (13-17h),Success,544000,AGT-003,False
CALL-59559,CUST-56427,66,Noon (11-13h),Success,773000,AGT-004,False
CALL-82463,CUST-56427,56,Morning (8-11h),Call Back Later,0,AGT-001,True
CALL-56468,CUST-56427,180,Morning (8-11h),Success,568000,AGT-009,True
CALL-81168,CUST-13983,254,Evening (17-20h),Success,996000,AGT-002,False
CALL-10151,CUST-30404,138,Afternoon (13-17h),Success,995000,AGT-001,False
CALL-27270,CUST-30404,166,Afternoon (13-17h),Call Back Later,0,AGT-001,True
CALL-18052,CUST-30404,130,Afternoon (13-17h),Success,1765000,AGT-001,False
CALL-43492,CUST-30404,30,Evening (17-20h),Not Interested,0,AGT-011,False
CALL-91635,CUST-30404,33,Afternoon (13-17h),Not Interested,0,AGT-006,False
CALL-54292,CUST-30404,322,Evening (17-20h),Success,636000,AGT-001,False
CALL-80289,CUST-30404,96,Evening (17-20h),Success,429000,AGT-018,False
CALL-21513,CUST-46460,230,Afternoon (13-17h),Success,350000,AGT-003,False
CALL-80042,CUST-46460,77,Afternoon (13-17h),Success,1618000,AGT-016,False
CALL-52768,CUST-46460,50,Evening (17-20h),Not Interested,0,AGT-006,False
CALL-34872,CUST-46460,76,Evening (17-20h),Not Interested,0,AGT-010,False
CALL-41490,CUST-46460,190,Afternoon (13-17h),Success,1284000,AGT-017,False
CALL-19021,CUST-92986,55,Morning (8-11h),No Answer,0,AGT-016,False
CALL-93153,CUST-46325,131,Morning (8-11h),Success,516000,AGT-004,False
CALL-14135,CUST-53324,167,Morning (8-11h),Success,786000,AGT-001,False
CALL-22881,CUST-53324,113,Morning (8-11h),Call Back Later,0,AGT-019,True
CALL-30196,CUST-27582,129,Afternoon (13-17h),Success,1552000,AGT-003,False
CALL-19305,CUST-27582,131,Afternoon (13-17h),Success,350000,AGT-003,False
CALL-23562,CUST-27582,54,Afternoon (13-17h),Call Back Later,0,AGT-008,True
CALL-55531,CUST-27582,88,Morning (8-11h),Success,2500000,AGT-010,True
CALL-13307,CUST-27582,51,Afternoon (13-17h),No Answer,0,AGT-006,False
CALL-83017,CUST-27582,84,Morning (8-11h),Success,659000,AGT-011,False
CALL-97724,CUST-27582,202,Afternoon (13-17h),Success,758000,AGT-001,False
CALL-87405,CUST-27582,201,Evening (17-20h),Call Back Later,0,AGT-014,True
CALL-75729,CUST-27582,133,Evening (17-20h),Success,1349000,AGT-005,False
CALL-60697,CUST-27582,109,Morning (8-11h),Call Back Later,0,AGT-002,True
CALL-33873,CUST-27582,159,Afternoon (13-17h),Success,2149000,AGT-001,True
CALL-86873,CUST-27582,128,Morning (8-11h),Success,732000,AGT-006,False
CALL-72045,CUST-27582,83,Afternoon (13-17h),Call Back Later,0,AGT-010,True
CALL-18732,CUST-27582,105,Afternoon (13-17h),Not Interested,0,AGT-011,False
CALL-70766,CUST-93533,39,Morning (8-11h),Call Back Later,0,AGT-004,True
CALL-64635,CUST-93533,34,Afternoon (13-17h),Call Back Later,0,AGT-001,True
CALL-26639,CUST-93533,291,Afternoon (13-17h),Success,551000,AGT-004,False
CALL-21569,CUST-93533,189,Afternoon (13-17h),Success,437000,AGT-004,False
CALL-43797,CUST-44765,69,Morning (8-11h),Call Back Later,0,AGT-001,True
CALL-86221,CUST-44765,105,Morning (8-11h),Success,610000,AGT-005,False
CALL-18245,CUST-44765,79,Afternoon (13-17h),Call Back Later,0,AGT-006,True
CALL-56339,CUST-44765,103,Afternoon (13-17h),Success,1307000,AGT-008,False
CALL-29476,CUST-44765,192,Afternoon (13-17h),Success,1587000,AGT-001,False
CALL-53878,CUST-44765,5,Afternoon (13-17h),Not Interested,0,AGT-002,True
CALL-21154,CUST-42345,153,Evening (17-20h),Call Back Later,0,AGT-006,True
CALL-30835,CUST-42345,30,Noon (11-13h),No Answer,0,AGT-012,False
CALL-81358,CUST-42345,600,Noon (11-13h),Success,484000,AGT-001,False
CALL-88633,CUST-42345,225,Afternoon (13-17h),Success,1050000,AGT-003,False
CALL-13060,CUST-44579,25,Afternoon (13-17h),Success,604000,AGT-005,False
CALL-32906,CUST-44579,26,Afternoon (13-17h),Not Interested,0,AGT-005,False
CALL-86810,CUST-44579,60,Afternoon (13-17h),Call Back Later,0,AGT-007,True
CALL-75925,CUST-44579,103,Morning (8-11h),Success,350000,AGT-004,False
CALL-62267,CUST-44579,56,Morning (8-11h),Call Back Later,0,AGT-005,True
CALL-22447,CUST-23671,64,Morning (8-11h),Success,683000,AGT-002,False
CALL-86009,CUST-23671,7,Morning (8-11h),Not Interested,0,AGT-001,False
CALL-62386,CUST-23671,498,Morning (8-11h),Not Interested,0,AGT-013,False
CALL-39287,CUST-23671,101,Evening (17-20h),Success,962000,AGT-003,False
CALL-96692,CUST-23671,357,Afternoon (13-17h),Success,959000,AGT-002,False
CALL-17835,CUST-23671,63,Afternoon (13-17h),Call Back Later,0,AGT-016,True
CALL-52500,CUST-11078,454,Morning (8-11h),Success,1332000,AGT-003,False
CALL-12952,CUST-47525,166,Afternoon (13-17h),Success,1334000,AGT-007,False
CALL-84741,CUST-47525,111,Evening (17-20h),Call Back Later,0,AGT-001,True
CALL-38137,CUST-90730,316,Noon (11-13h),Success,1062000,AGT-004,False
CALL-76943,CUST-90730,26,Noon (11-13h),Not Interested,0,AGT-001,False
CALL-26002,CUST-90730,106,Evening (17-20h),No Answer,0,AGT-020,False
CALL-82538,CUST-90730,88,Noon (11-13h),Success,436000,AGT-011,False
CALL-13494,CUST-90730,227,Evening (17-20h),Not Interested,0,AGT-002,False
CALL-28709,CUST-90730,13,Morning (8-11h),Not Interested,0,AGT-017,False
CALL-99753,CUST-90730,72,Evening (17-20h),Success,1324000,AGT-018,False
CALL-47919,CUST-90730,7,Morning (8-11h),No Answer,0,AGT-003,False
CALL-69348,CUST-90730,76,Afternoon (13-17h),Call Back Later,0,AGT-006,True
CALL-79269,CUST-90730,276,Noon (11-13h),Not Interested,0,AGT-004,False
CALL-26684,CUST-87457,76,Afternoon (13-17h),Success,1966000,AGT-013,True
CALL-10818,CUST-87457,49,Morning (8-11h),Not Interested,0,AGT-001,False
CALL-70072,CUST-87457,187,Afternoon (13-17h),Call Back Later,0,AGT-001,True
CALL-52221,CUST-87457,53,Afternoon (13-17h),Success,1130000,AGT-019,False
CALL-65739,CUST-87457,250,Morning (8-11h),No Answer,0,AGT-006,True
CALL-89099,CUST-87457,346,Afternoon (13-17h),Call Back Later,0,AGT-003,True
CALL-96862,CUST-91223,117,Evening (17-20h),Not Interested,0,AGT-004,False
CALL-10939,CUST-91223,162,Afternoon (13-17h),Success,911000,AGT-012,False
CALL-92256,CUST-91223,267,Morning (8-11h),Not Interested,0,AGT-001,False
CALL-89442,CUST-91223,114,Evening (17-20h),Success,1270000,AGT-004,False
CALL-37394,CUST-81720,20,Afternoon (13-17h),Not Interested,0,AGT-012,False
CALL-13249,CUST-81720,287,Morning (8-11h),Call Back Later,0,AGT-004,True
CALL-37792,CUST-81720,165,Evening (17-20h),Success,1117000,AGT-012,False
CALL-33251,CUST-81720,83,Afternoon (13-17h),Success,1158000,AGT-008,False
CALL-22144,CUST-81720,30,Afternoon (13-17h),Not Interested,0,AGT-003,False
CALL-41851,CUST-81720,76,Morning (8-11h),No Answer,0,AGT-018,False
CALL-70249,CUST-81720,141,Evening (17-20h),Success,2500000,AGT-006,False
CALL-32221,CUST-81720,155,Noon (11-13h),Success,631000,AGT-007,False
CALL-78833,CUST-81720,204,Afternoon (13-17h),Success,1115000,AGT-001,False
CALL-55996,CUST-81720,301,Afternoon (13-17h),Success,1358000,AGT-003,False
CALL-17817,CUST-81720,196,Afternoon (13-17h),No Answer,0,AGT-003,False
CALL-68656,CUST-75846,112,Morning (8-11h),Success,848000,AGT-001,True
CALL-78094,CUST-75846,64,Afternoon (13-17h),Success,587000,AGT-002,False
CALL-19706,CUST-75846,46,Morning (8-11h),Not Interested,0,AGT-006,False
CALL-28746,CUST-10403,217,Morning (8-11h),Success,1837000,AGT-014,False
CALL-93289,CUST-10403,106,Afternoon (13-17h),Call Back Later,0,AGT-019,True
CALL-76956,CUST-10403,37,Afternoon (13-17h),Not Interested,0,AGT-015,False
CALL-25715,CUST-10403,156,Afternoon (13-17h),Success,909000,AGT-003,False
CALL-23076,CUST-10403,150,Noon (11-13h),Success,350000,AGT-013,False
CALL-11345,CUST-10403,486,Noon (11-13h),Success,603000,AGT-014,False
CALL-21006,CUST-10403,8,Morning (8-11h),Not Interested,0,AGT-019,False
CALL-18014,CUST-10403,22,Afternoon (13-17h),Not Interested,0,AGT-015,False
CALL-97162,CUST-21542,10,Evening (17-20h),No Answer,0,AGT-001,False
CALL-94388,CUST-31928,49,Afternoon (13-17h),No Answer,0,AGT-015,False
CALL-50120,CUST-31928,104,Morning (8-11h),Success,1001000,AGT-001,False
CALL-20812,CUST-31928,82,Noon (11-13h),No Answer,0,AGT-005,False
CALL-16728,CUST-60044,323,Morning (8-11h),Call Back Later,0,AGT-009,True
CALL-92405,CUST-86013,85,Noon (11-13h),Not Interested,0,AGT-006,False
CALL-13831,CUST-86013,12,Morning (8-11h),No Answer,0,AGT-004,False
CALL-95013,CUST-86013,431,Morning (8-11h),Not Interested,0,AGT-013,False
CALL-99121,CUST-86013,218,Evening (17-20h),Success,560000,AGT-005,False
CALL-17281,CUST-49807,209,Afternoon (13-17h),No Answer,0,AGT-012,False
CALL-24450,CUST-49807,30,Morning (8-11h),Call Back Later,0,AGT-001,True
CALL-98623,CUST-49807,122,Morning (8-11h),Success,1327000,AGT-001,False
CALL-54687,CUST-49807,281,Evening (17-20h),Success,1480000,AGT-007,False
CALL-34144,CUST-49807,243,Afternoon (13-17h),Call Back Later,0,AGT-006,True
CALL-69617,CUST-49807,54,Morning (8-11h),Not Interested,0,AGT-001,False
CALL-79644,CUST-49807,104,Noon (11-13h),Success,742000,AGT-015,False
CALL-12409,CUST-49807,243,Afternoon (13-17h),Not Interested,0,AGT-001,False
CALL-21426,CUST-28654,122,Afternoon (13-17h),Success,642000,AGT-001,False
CALL-72624,CUST-28654,81,Afternoon (13-17h),Not Interested,0,AGT-011,False
CALL-74929,CUST-28654,36,Noon (11-13h),Not Interested,0,AGT-003,False
CALL-33546,CUST-28654,104,Afternoon (13-17h),Not Interested,0,AGT-003,False
CALL-73216,CUST-28654,305,Afternoon (13-17h),Success,479000,AGT-020,False
CALL-52523,CUST-84455,276,Afternoon (13-17h),Success,559000,AGT-004,False
CALL-72539,CUST-84455,147,Morning (8-11h),Not Interested,0,AGT-001,False
CALL-91246,CUST-84455,133,Noon (11-13h),Success,1029000,AGT-017,False
CALL-21334,CUST-84455,200,Noon (11-13h),Success,1157000,AGT-006,False
CALL-51702,CUST-84455,137,Noon (11-13h),Success,668000,AGT-002,False
CALL-90846,CUST-84455,137,Morning (8-11h),Success,350000,AGT-001,False
CALL-72826,CUST-84455,39,Afternoon (13-17h),Call Back Later,0,AGT-004,True
CALL-87163,CUST-35478,181,Afternoon (13-17h),Success,625000,AGT-017,False
CALL-26996,CUST-35478,126,Afternoon (13-17h),Success,635000,AGT-005,False
CALL-10519,CUST-35478,113,Afternoon (13-17h),Success,890000,AGT-004,False
CALL-67307,CUST-35478,80,Evening (17-20h),No Answer,0,AGT-004,False
CALL-14763,CUST-35478,303,Morning (8-11h),Success,905000,AGT-002,False
CALL-73780,CUST-35478,185,Afternoon (13-17h),Success,1127000,AGT-004,False
CALL-31749,CUST-35478,159,Afternoon (13-17h),Success,1474000,AGT-001,False
CALL-52364,CUST-35478,36,Noon (11-13h),Call Back Later,0,AGT-014,True
CALL-34796,CUST-27388,159,Noon (11-13h),Success,535000,AGT-002,False
CALL-37584,CUST-27388,565,Afternoon (13-17h),Success,1118000,AGT-002,False
CALL-27218,CUST-27388,15,Afternoon (13-17h),Not Interested,0,AGT-007,False
CALL-39323,CUST-27388,217,Evening (17-20h),Success,1027000,AGT-004,True
CALL-60676,CUST-27388,113,Afternoon (13-17h),Call Back Later,0,AGT-014,True
CALL-76595,CUST-65656,111,Afternoon (13-17h),No Answer,0,AGT-001,False
CALL-25306,CUST-67689,258,Evening (17-20h),Not Interested,0,AGT-002,False
CALL-27109,CUST-66849,53,Afternoon (13-17h),No Answer,0,AGT-004,False
CALL-51495,CUST-70819,79,Noon (11-13h),No Answer,0,AGT-004,False
CALL-59906,CUST-70819,94,Morning (8-11h),No Answer,0,AGT-020,False
CALL-72770,CUST-70819,49,Morning (8-11h),No Answer,0,AGT-002,False
CALL-13385,CUST-70819,90,Noon (11-13h),Success,510000,AGT-014,False
CALL-53688,CUST-70819,55,Morning (8-11h),Not Interested,0,AGT-001,False
CALL-18065,CUST-70819,116,Afternoon (13-17h),Success,841000,AGT-009,False
CALL-20470,CUST-26063,222,Evening (17-20h),Success,415000,AGT-011,False
CALL-10971,CUST-26063,47,Afternoon (13-17h),Not Interested,0,AGT-001,False
CALL-47400,CUST-18494,129,Evening (17-20h),Not Interested,0,AGT-001,False
CALL-62646,CUST-18494,108,Evening (17-20h),No Answer,0,AGT-006,False
CALL-33910,CUST-18494,104,Afternoon (13-17h),Not Interested,0,AGT-008,False
CALL-10005,CUST-18494,44,Morning (8-11h),Not Interested,0,AGT-016,False
CALL-65489,CUST-18494,261,Morning (8-11h),Success,860000,AGT-007,False
CALL-34382,CUST-18494,261,Noon (11-13h),Call Back Later,0,AGT-003,True
CALL-34846,CUST-51503,102,Morning (8-11h),No Answer,0,AGT-016,False
CALL-71035,CUST-51503,206,Noon (11-13h),Success,444000,AGT-004,False
CALL-96268,CUST-73132,63,Evening (17-20h),Success,1828000,AGT-001,False
CALL-27074,CUST-73132,224,Evening (17-20h),Success,2500000,AGT-019,False
CALL-74193,CUST-22273,46,Afternoon (13-17h),No Answer,0,AGT-004,False
CALL-98852,CUST-22273,38,Afternoon (13-17h),Call Back Later,0,AGT-003,True
CALL-43433,CUST-22273,121,Evening (17-20h),Success,689000,AGT-014,False
CALL-65183,CUST-22273,387,Evening (17-20h),Success,356000,AGT-019,False
CALL-80865,CUST-64905,35,Afternoon (13-17h),Not Interested,0,AGT-002,False
CALL-69083,CUST-64905,16,Afternoon (13-17h),No Answer,0,AGT-002,False
CALL-52395,CUST-70237,222,Afternoon (13-17h),Call Back Later,0,AGT-007,True
CALL-45564,CUST-70237,127,Noon (11-13h),Success,350000,AGT-006,False
CALL-74504,CUST-70237,138,Noon (11-13h),No Answer,0,AGT-012,False
CALL-46708,CUST-90704,82,Morning (8-11h),Call Back Later,0,AGT-018,True
CALL-30958,CUST-90704,172,Morning (8-11h),Success,636000,AGT-001,False
CALL-97445,CUST-90704,207,Afternoon (13-17h),Not Interested,0,AGT-002,False
CALL-81627,CUST-90704,27,Afternoon (13-17h),Not Interested,0,AGT-001,False
CALL-42628,CUST-90704,21,Noon (11-13h),Success,1007000,AGT-002,True
CALL-98576,CUST-90704,40,Afternoon (13-17h),Call Back Later,0,AGT-002,True
CALL-70311,CUST-88006,61,Noon (11-13h),Not Interested,0,AGT-009,False
CALL-74127,CUST-88006,95,Morning (8-11h),Not Interested,0,AGT-013,False
CALL-35897,CUST-88006,124,Morning (8-11h),No Answer,0,AGT-008,False
CALL-10761,CUST-88006,185,Afternoon (13-17h),Call Back Later,0,AGT-008,True
CALL-96066,CUST-88006,60,Afternoon (13-17h),Call Back Later,0,AGT-011,True
CALL-63656,CUST-88006,214,Morning (8-11h),Success,983000,AGT-004,False
CALL-13893,CUST-88006,126,Morning (8-11h),Success,716000,AGT-001,False
CALL-73759,CUST-88006,144,Morning (8-11h),Success,1276000,AGT-004,False
CALL-49283,CUST-65087,27,Afternoon (13-17h),No Answer,0,AGT-002,False
CALL-41671,CUST-65087,49,Afternoon (13-17h),Call Back Later,0,AGT-001,True
CALL-61633,CUST-65087,77,Noon (11-13h),Success,522000,AGT-010,False
CALL-31141,CUST-65087,600,Evening (17-20h),Success,593000,AGT-006,False
CALL-66707,CUST-44881,210,Afternoon (13-17h),Call Back Later,0,AGT-006,True
CALL-43814,CUST-44881,100,Afternoon (13-17h),Not Interested,0,AGT-004,False
CALL-44264,CUST-44881,65,Afternoon (13-17h),Success,861000,AGT-007,False
CALL-76086,CUST-44881,401,Evening (17-20h),Call Back Later,0,AGT-007,True
CALL-50672,CUST-44881,132,Morning (8-11h),Success,608000,AGT-002,False
CALL-42274,CUST-44881,50,Morning (8-11h),No Answer,0,AGT-001,False
CALL-38431,CUST-44881,39,Afternoon (13-17h),No Answer,0,AGT-004,False
CALL-72876,CUST-44881,164,Afternoon (13-17h),Success,2394000,AGT-009,False
CALL-86228,CUST-44881,99,Afternoon (13-17h),Success,884000,AGT-007,False
CALL-27734,CUST-44881,247,Afternoon (13-17h),Success,1037000,AGT-008,False
CALL-57165,CUST-44881,34,Morning (8-11h),No Answer,0,AGT-005,False
CALL-25866,CUST-81904,216,Noon (11-13h),Success,630000,AGT-003,False
CALL-24025,CUST-81904,230,Afternoon (13-17h),Success,865000,AGT-001,False
CALL-43514,CUST-81904,287,Morning (8-11h),Not Interested,0,AGT-014,False
CALL-58126,CUST-81904,56,Evening (17-20h),Not Interested,0,AGT-001,False
CALL-25840,CUST-81904,217,Morning (8-11h),Call Back Later,0,AGT-002,True
CALL-67264,CUST-81904,80,Noon (11-13h),Call Back Later,0,AGT-001,True
CALL-17643,CUST-81904,44,Afternoon (13-17h),Not Interested,0,AGT-006,False
CALL-96571,CUST-92965,101,Noon (11-13h),No Answer,0,AGT-020,False
CALL-14216,CUST-92965,10,Afternoon (13-17h),Not Interested,0,AGT-002,False
CALL-73461,CUST-92965,143,Evening (17-20h),Success,991000,AGT-005,False
CALL-98916,CUST-92965,105,Morning (8-11h),Not Interested,0,AGT-017,False
CALL-64993,CUST-92965,24,Morning (8-11h),Not Interested,0,AGT-007,False
CALL-17872,CUST-15516,146,Afternoon (13-17h),Success,998000,AGT-001,False
CALL-83889,CUST-15516,207,Evening (17-20h),Success,350000,AGT-016,False
CALL-10317,CUST-15516,94,Afternoon (13-17h),Success,592000,AGT-003,False
CALL-43846,CUST-47005,72,Afternoon (13-17h),No Answer,0,AGT-018,False
CALL-20660,CUST-47005,168,Morning (8-11h),Success,1498000,AGT-001,False
CALL-31558,CUST-47005,315,Noon (11-13h),Success,1137000,AGT-016,False
CALL-26759,CUST-47005,90,Morning (8-11h),No Answer,0,AGT-017,False
CALL-83717,CUST-90165,431,Afternoon (13-17h),Not Interested,0,AGT-009,False
CALL-63243,CUST-90165,260,Afternoon (13-17h),Success,1700000,AGT-009,False
CALL-13845,CUST-49499,75,Afternoon (13-17h),Success,707000,AGT-017,False
CALL-98874,CUST-49499,52,Noon (11-13h),Not Interested,0,AGT-003,False
CALL-14897,CUST-49499,173,Noon (11-13h),Success,679000,AGT-014,False
CALL-61300,CUST-49499,35,Afternoon (13-17h),Not Interested,0,AGT-008,False
CALL-48211,CUST-12769,35,Evening (17-20h),Call Back Later,0,AGT-002,True
CALL-19064,CUST-12769,79,Afternoon (13-17h),Call Back Later,0,AGT-001,True
CALL-78861,CUST-12769,75,Afternoon (13-17h),Success,2053000,AGT-011,False
CALL-43808,CUST-66873,374,Evening (17-20h),Success,537000,AGT-004,False
CALL-24219,CUST-11604,227,Evening (17-20h),Success,619000,AGT-012,False
CALL-87725,CUST-11604,234,Afternoon (13-17h),Call Back Later,0,AGT-004,True
CALL-13869,CUST-78751,168,Evening (17-20h),Success,455000,AGT-001,False
CALL-51203,CUST-78751,79,Evening (17-20h),Not Interested,0,AGT-006,False
CALL-86149,CUST-78751,93,Afternoon (13-17h),Success,768000,AGT-007,False
CALL-83494,CUST-78751,156,Morning (8-11h),Success,350000,AGT-004,False
CALL-99645,CUST-32881,43,Afternoon (13-17h),Not Interested,0,AGT-001,False
CALL-20479,CUST-32881,43,Morning (8-11h),Success,2490000,AGT-001,False
CALL-80771,CUST-32881,210,Noon (11-13h),Success,1689000,AGT-002,False
CALL-57173,CUST-32881,182,Noon (11-13h),Success,968000,AGT-009,False
CALL-16347,CUST-40765,40,Afternoon (13-17h),No Answer,0,AGT-004,False
CALL-74433,CUST-56230,39,Noon (11-13h),No Answer,0,AGT-005,False
CALL-39166,CUST-56230,41,Afternoon (13-17h),Call Back Later,0,AGT-003,True
CALL-77352,CUST-56230,206,Evening (17-20h),Success,906000,AGT-010,False
CALL-24413,CUST-56230,252,Morning (8-11h),Success,379000,AGT-016,False
CALL-98053,CUST-56230,45,Afternoon (13-17h),Call Back Later,0,AGT-005,True
CALL-32589,CUST-56230,129,Afternoon (13-17h),Success,350000,AGT-018,False
CALL-87631,CUST-56230,43,Afternoon (13-17h),Not Interested,0,AGT-002,False
CALL-23097,CUST-56230,295,Evening (17-20h),Success,1132000,AGT-009,False
CALL-76454,CUST-20725,18,Afternoon (13-17h),No Answer,0,AGT-017,False
CALL-75218,CUST-20725,143,Morning (8-11h),Success,1033000,AGT-018,False
CALL-12973,CUST-20725,78,Afternoon (13-17h),Success,848000,AGT-001,False
CALL-96485,CUST-20725,44,Noon (11-13h),Call Back Later,0,AGT-006,True
CALL-17983,CUST-20725,26,Evening (17-20h),Success,1093000,AGT-001,False
CALL-52188,CUST-20725,35,Afternoon (13-17h),Success,562000,AGT-002,False
CALL-48047,CUST-20725,92,Morning (8-11h),Call Back Later,0,AGT-007,True
CALL-28386,CUST-20725,61,Noon (11-13h),No Answer,0,AGT-020,False
CALL-38919,CUST-20725,125,Morning (8-11h),Not Interested,0,AGT-015,False
CALL-37256,CUST-20725,387,Evening (17-20h),Not Interested,0,AGT-003,False
CALL-21998,CUST-20725,221,Morning (8-11h),Success,1339000,AGT-002,False
CALL-26361,CUST-20725,208,Noon (11-13h),Success,693000,AGT-006,False
CALL-56803,CUST-20725,204,Morning (8-11h),Not Interested,0,AGT-001,False
CALL-46313,CUST-20725,163,Afternoon (13-17h),Success,431000,AGT-009,False
CALL-23222,CUST-20725,250,Afternoon (13-17h),Call Back Later,0,AGT-001,True
CALL-28582,CUST-20725,69,Morning (8-11h),Success,1129000,AGT-001,False
CALL-97481,CUST-20725,163,Morning (8-11h),Success,709000,AGT-002,False
CALL-86786,CUST-20725,17,Afternoon (13-17h),No Answer,0,AGT-002,False
CALL-87992,CUST-43092,206,Morning (8-11h),No Answer,0,AGT-010,False
CALL-86845,CUST-43092,122,Noon (11-13h),Success,1146000,AGT-009,True
CALL-42311,CUST-43092,107,Morning (8-11h),Call Back Later,0,AGT-001,True
CALL-53284,CUST-43092,40,Afternoon (13-17h),Not Interested,0,AGT-003,False
CALL-81886,CUST-43092,29,Evening (17-20h),Call Back Later,0,AGT-008,True
CALL-72691,CUST-43092,75,Noon (11-13h),Success,530000,AGT-001,False
CALL-21989,CUST-43092,122,Evening (17-20h),Success,449000,AGT-006,False
CALL-47600,CUST-79306,224,Morning (8-11h),Success,1741000,AGT-004,False
CALL-26611,CUST-79306,250,Evening (17-20h),Call Back Later,0,AGT-006,True
CALL-64102,CUST-79306,229,Noon (11-13h),Not Interested,0,AGT-018,False
CALL-25278,CUST-40503,172,Morning (8-11h),Success,2500000,AGT-006,False
CALL-73087,CUST-40503,28,Afternoon (13-17h),Not Interested,0,AGT-018,False
CALL-35116,CUST-40503,107,Morning (8-11h),Success,958000,AGT-001,False
CALL-17890,CUST-62688,318,Morning (8-11h),Success,955000,AGT-014,False
CALL-38385,CUST-62688,388,Afternoon (13-17h),Success,924000,AGT-002,False
CALL-66482,CUST-62688,27,Morning (8-11h),No Answer,0,AGT-003,False
CALL-18830,CUST-40148,78,Afternoon (13-17h),Call Back Later,0,AGT-001,True
CALL-85296,CUST-17211,332,Evening (17-20h),Call Back Later,0,AGT-003,True
CALL-58630,CUST-17211,255,Morning (8-11h),Success,2265000,AGT-005,False
CALL-75443,CUST-77157,116,Noon (11-13h),Call Back Later,0,AGT-008,True
CALL-44648,CUST-77157,145,Afternoon (13-17h),Success,469000,AGT-004,False
CALL-69460,CUST-77157,165,Afternoon (13-17h),Call Back Later,0,AGT-019,True
CALL-58864,CUST-77157,261,Afternoon (13-17h),Success,1200000,AGT-007,False
CALL-18791,CUST-77157,256,Morning (8-11h),Success,880000,AGT-002,False
CALL-58323,CUST-77157,86,Afternoon (13-17h),Call Back Later,0,AGT-008,True
CALL-68199,CUST-77157,317,Afternoon (13-17h),Not Interested,0,AGT-010,False
CALL-90204,CUST-77157,344,Afternoon (13-17h),Success,1406000,AGT-001,False
CALL-87205,CUST-27428,98,Morning (8-11h),Success,647000,AGT-010,False
CALL-88434,CUST-38539,331,Morning (8-11h),Not Interested,0,AGT-001,False
CALL-40932,CUST-38539,96,Afternoon (13-17h),No Answer,0,AGT-005,False
CALL-26447,CUST-10413,200,Morning (8-11h),Success,775000,AGT-001,False
CALL-34823,CUST-10413,367,Noon (11-13h),Success,388000,AGT-001,False
CALL-48786,CUST-10413,284,Noon (11-13h),Call Back Later,0,AGT-007,True
CALL-68057,CUST-10413,61,Noon (11-13h),Not Interested,0,AGT-003,False
CALL-88460,CUST-10413,163,Morning (8-11h),Success,2500000,AGT-002,False
CALL-32206,CUST-10413,185,Afternoon (13-17h),Success,739000,AGT-001,False
CALL-17108,CUST-10413,142,Noon (11-13h),Success,669000,AGT-015,False
CALL-93284,CUST-10413,67,Morning (8-11h),Not Interested,0,AGT-006,False
CALL-84395,CUST-10413,63,Afternoon (13-17h),Success,1972000,AGT-012,False
CALL-95242,CUST-10413,101,Afternoon (13-17h),Call Back Later,0,AGT-007,True
CALL-71408,CUST-73201,29,Evening (17-20h),Not Interested,0,AGT-001,False
CALL-76464,CUST-73201,180,Evening (17-20h),Not Interested,0,AGT-007,False
CALL-69133,CUST-73201,411,Afternoon (13-17h),Call Back Later,0,AGT-002,True
CALL-83299,CUST-73201,113,Morning (8-11h),Call Back Later,0,AGT-008,True
CALL-84644,CUST-32787,63,Afternoon (13-17h),Success,634000,AGT-005,False
CALL-80963,CUST-32787,36,Noon (11-13h),Call Back Later,0,AGT-019,True
CALL-64522,CUST-32787,269,Morning (8-11h),Call Back Later,0,AGT-004,True
CALL-55234,CUST-16255,164,Noon (11-13h),Success,1506000,AGT-014,False
CALL-15168,CUST-16255,142,Morning (8-11h),Success,1197000,AGT-001,False
CALL-78413,CUST-16255,165,Noon (11-13h),Success,1225000,AGT-001,True
CALL-70146,CUST-16255,168,Afternoon (13-17h),Success,1100000,AGT-001,False
CALL-29748,CUST-16255,181,Morning (8-11h),Success,390000,AGT-015,False
CALL-13218,CUST-44294,156,Morning (8-11h),Success,1224000,AGT-001,False
CALL-20054,CUST-44294,204,Morning (8-11h),Not Interested,0,AGT-018,False
CALL-14200,CUST-44294,172,Morning (8-11h),Not Interested,0,AGT-011,False
CALL-40040,CUST-44294,16,Afternoon (13-17h),No Answer,0,AGT-003,False
CALL-88603,CUST-44294,58,Morning (8-11h),No Answer,0,AGT-010,False
CALL-10843,CUST-44294,58,Noon (11-13h),Not Interested,0,AGT-004,False
CALL-16472,CUST-44294,63,Afternoon (13-17h),Success,640000,AGT-003,False
CALL-64415,CUST-44294,41,Morning (8-11h),No Answer,0,AGT-015,False
CALL-60733,CUST-26232,152,Morning (8-11h),Success,694000,AGT-001,False
CALL-54027,CUST-36740,211,Evening (17-20h),Success,1660000,AGT-001,False
CALL-73284,CUST-36740,22,Morning (8-11h),Not Interested,0,AGT-002,False
CALL-48850,CUST-36740,46,Evening (17-20h),Success,1563000,AGT-008,False
CALL-97064,CUST-36740,27,Evening (17-20h),Not Interested,0,AGT-003,False
CALL-74687,CUST-36740,11,Evening (17-20h),No Answer,0,AGT-011,False
CALL-84933,CUST-18050,123,Afternoon (13-17h),Call Back Later,0,AGT-001,True
CALL-88323,CUST-18050,15,Afternoon (13-17h),No Answer,0,AGT-009,False
CALL-60223,CUST-18050,118,Morning (8-11h),Success,579000,AGT-019,False
CALL-58843,CUST-18050,143,Morning (8-11h),Success,1192000,AGT-018,False
CALL-79841,CUST-37706,113,Afternoon (13-17h),Success,1618000,AGT-012,False
CALL-67175,CUST-37706,115,Morning (8-11h),Call Back Later,0,AGT-004,True
CALL-50452,CUST-37706,102,Afternoon (13-17h),Success,350000,AGT-001,False
CALL-99292,CUST-37706,224,Afternoon (13-17h),Success,949000,AGT-008,False
CALL-50450,CUST-16865,347,Morning (8-11h),Success,2500000,AGT-001,False
CALL-17816,CUST-16865,151,Afternoon (13-17h),Success,875000,AGT-011,False
CALL-32413,CUST-16865,60,Afternoon (13-17h),No Answer,0,AGT-002,False
CALL-74252,CUST-38443,46,Afternoon (13-17h),No Answer,0,AGT-015,False
CALL-49355,CUST-38443,14,Afternoon (13-17h),No Answer,0,AGT-002,False
CALL-63164,CUST-84336,298,Afternoon (13-17h),Success,1235000,AGT-006,False
CALL-84765,CUST-84336,92,Morning (8-11h),Success,2500000,AGT-001,False
CALL-62695,CUST-84336,97,Morning (8-11h),Success,462000,AGT-015,False
CALL-20634,CUST-84336,121,Morning (8-11h),Not Interested,0,AGT-012,False
CALL-98018,CUST-84336,75,Noon (11-13h),Success,891000,AGT-006,False
CALL-74369,CUST-84336,140,Afternoon (13-17h),Success,1134000,AGT-001,False
CALL-16690,CUST-84336,146,Afternoon (13-17h),Success,622000,AGT-008,False
CALL-43943,CUST-84336,162,Morning (8-11h),Success,418000,AGT-012,False
CALL-60226,CUST-72933,27,Afternoon (13-17h),No Answer,0,AGT-014,False
CALL-43702,CUST-72933,8,Morning (8-11h),No Answer,0,AGT-007,False
CALL-30423,CUST-72933,217,Morning (8-11h),Success,2500000,AGT-002,True
CALL-91504,CUST-25162,95,Evening (17-20h),Call Back Later,0,AGT-019,True
CALL-82193,CUST-25162,53,Noon (11-13h),Success,830000,AGT-005,False
CALL-54679,CUST-25162,237,Noon (11-13h),Success,1765000,AGT-001,False
CALL-43924,CUST-25162,55,Morning (8-11h),No Answer,0,AGT-018,False
CALL-28632,CUST-26364,50,Morning (8-11h),Not Interested,0,AGT-017,False
CALL-82543,CUST-26364,70,Morning (8-11h),Not Interested,0,AGT-002,False
CALL-15631,CUST-43297,59,Afternoon (13-17h),Call Back Later,0,AGT-001,True
CALL-97352,CUST-43297,61,Afternoon (13-17h),Success,350000,AGT-001,False
CALL-59888,CUST-43297,200,Noon (11-13h),Success,2500000,AGT-006,False
CALL-20756,CUST-92789,313,Afternoon (13-17h),Success,764000,AGT-001,True
CALL-85696,CUST-92789,42,Morning (8-11h),Not Interested,0,AGT-019,False
CALL-31535,CUST-92789,117,Noon (11-13h),Not Interested,0,AGT-001,False
CALL-33988,CUST-83474,62,Evening (17-20h),Success,1027000,AGT-018,False
CALL-44049,CUST-83474,254,Morning (8-11h),Success,929000,AGT-010,False
CALL-25126,CUST-85884,151,Evening (17-20h),Not Interested,0,AGT-020,False
CALL-83616,CUST-85884,119,Morning (8-11h),Success,647000,AGT-001,True
CALL-84500,CUST-85884,193,Evening (17-20h),Call Back Later,0,AGT-001,True
CALL-81540,CUST-85884,235,Morning (8-11h),No Answer,0,AGT-018,False
CALL-17998,CUST-72587,190,Morning (8-11h),Success,892000,AGT-001,False
CALL-32593,CUST-72587,184,Afternoon (13-17h),Success,350000,AGT-001,False
CALL-77163,CUST-72587,341,Morning (8-11h),Not Interested,0,AGT-001,False
CALL-36673,CUST-90210,159,Morning (8-11h),Success,700000,AGT-005,False
CALL-38794,CUST-90210,51,Noon (11-13h),Call Back Later,0,AGT-013,True
CALL-27849,CUST-90210,130,Noon (11-13h),Success,570000,AGT-009,False
CALL-42139,CUST-66281,78,Morning (8-11h),Not Interested,0,AGT-002,False
CALL-98178,CUST-55446,325,Afternoon (13-17h),Success,848000,AGT-005,False
CALL-36115,CUST-55446,85,Morning (8-11h),Call Back Later,0,AGT-012,True
CALL-48078,CUST-55446,87,Morning (8-11h),No Answer,0,AGT-001,False
CALL-29633,CUST-32425,100,Afternoon (13-17h),Success,919000,AGT-001,True
CALL-84942,CUST-10478,141,Evening (17-20h),Success,403000,AGT-002,False
CALL-71571,CUST-10478,65,Afternoon (13-17h),Call Back Later,0,AGT-005,True
CALL-39070,CUST-10478,65,Noon (11-13h),Call Back Later,0,AGT-019,True
CALL-62716,CUST-10478,51,Afternoon (13-17h),Call Back Later,0,AGT-019,True
CALL-53448,CUST-91372,302,Morning (8-11h),Not Interested,0,AGT-013,False
CALL-52445,CUST-91372,177,Noon (11-13h),Success,522000,AGT-002,False
CALL-93489,CUST-91372,94,Afternoon (13-17h),Not Interested,0,AGT-020,False
CALL-66313,CUST-91372,73,Evening (17-20h),Not Interested,0,AGT-009,True
CALL-21709,CUST-91372,48,Noon (11-13h),No Answer,0,AGT-020,False
CALL-22004,CUST-91372,83,Morning (8-11h),Success,619000,AGT-019,False
CALL-26196,CUST-91372,95,Morning (8-11h),Call Back Later,0,AGT-003,True
CALL-60780,CUST-46545,258,Evening (17-20h),Success,1377000,AGT-001,False
CALL-59475,CUST-46545,46,Afternoon (13-17h),Not Interested,0,AGT-007,False
CALL-51633,CUST-46545,137,Afternoon (13-17h),Not Interested,0,AGT-018,False
CALL-42878,CUST-46545,172,Afternoon (13-17h),Call Back Later,0,AGT-001,True
CALL-18655,CUST-96253,59,Afternoon (13-17h),Call Back Later,0,AGT-006,True
CALL-30004,CUST-96253,20,Evening (17-20h),Not Interested,0,AGT-001,False
CALL-37687,CUST-96253,133,Noon (11-13h),Success,718000,AGT-003,False
CALL-39047,CUST-36750,48,Afternoon (13-17h),No Answer,0,AGT-009,False
CALL-24603,CUST-84562,148,Evening (17-20h),Success,564000,AGT-001,False
CALL-43776,CUST-84562,135,Morning (8-11h),Success,2417000,AGT-019,False
CALL-63195,CUST-84562,219,Noon (11-13h),Success,445000,AGT-001,False
CALL-45539,CUST-84562,233,Afternoon (13-17h),Success,527000,AGT-003,False
CALL-65575,CUST-99914,24,Morning (8-11h),No Answer,0,AGT-004,False
CALL-34726,CUST-99914,172,Noon (11-13h),Success,1216000,AGT-001,True
CALL-96204,CUST-32116,147,Noon (11-13h),Success,732000,AGT-001,False
CALL-58845,CUST-32116,143,Evening (17-20h),Not Interested,0,AGT-001,True
CALL-87129,CUST-59714,237,Afternoon (13-17h),Success,1187000,AGT-010,False
CALL-77009,CUST-59714,50,Afternoon (13-17h),Not Interested,0,AGT-001,False
CALL-76523,CUST-59714,234,Noon (11-13h),Success,581000,AGT-010,False
CALL-48497,CUST-59714,171,Afternoon (13-17h),No Answer,0,AGT-003,False
CALL-99712,CUST-59714,20,Evening (17-20h),Success,1325000,AGT-018,False
CALL-79177,CUST-59714,70,Morning (8-11h),Success,1215000,AGT-008,False
CALL-10808,CUST-59714,116,Afternoon (13-17h),Success,638000,AGT-002,False
CALL-93215,CUST-67640,23,Morning (8-11h),No Answer,0,AGT-007,False
CALL-84892,CUST-67640,168,Afternoon (13-17h),Success,1962000,AGT-001,False
CALL-88680,CUST-54698,235,Afternoon (13-17h),Call Back Later,0,AGT-002,True
CALL-72117,CUST-54698,205,Afternoon (13-17h),Success,1185000,AGT-001,False
CALL-25700,CUST-54698,189,Morning (8-11h),Success,1481000,AGT-007,False
CALL-64512,CUST-54698,77,Evening (17-20h),Call Back Later,0,AGT-001,True
CALL-31664,CUST-54698,167,Noon (11-13h),No Answer,0,AGT-005,False
CALL-67115,CUST-91838,331,Evening (17-20h),Success,521000,AGT-007,False
CALL-33430,CUST-91838,36,Morning (8-11h),Not Interested,0,AGT-012,False
CALL-40825,CUST-20241,31,Noon (11-13h),Call Back Later,0,AGT-001,True
CALL-71787,CUST-20241,49,Morning (8-11h),Not Interested,0,AGT-019,True
CALL-42677,CUST-33451,109,Morning (8-11h),No Answer,0,AGT-006,False
CALL-94168,CUST-80089,46,Noon (11-13h),Not Interested,0,AGT-002,False
CALL-32168,CUST-80089,194,Afternoon (13-17h),Call Back Later,0,AGT-001,True
CALL-10906,CUST-80089,118,Afternoon (13-17h),No Answer,0,AGT-007,False
CALL-64129,CUST-80089,115,Afternoon (13-17h),Call Back Later,0,AGT-008,True
CALL-55001,CUST-74040,236,Morning (8-11h),Call Back Later,0,AGT-001,True
CALL-28001,CUST-74040,25,Afternoon (13-17h),Call Back Later,0,AGT-002,True
CALL-14592,CUST-74040,145,Noon (11-13h),Success,1049000,AGT-001,False
CALL-25351,CUST-21241,151,Afternoon (13-17h),Success,433000,AGT-014,False
CALL-55196,CUST-25295,293,Afternoon (13-17h),Success,1189000,AGT-002,False
CALL-85520,CUST-18220,460,Morning (8-11h),Success,458000,AGT-004,False
CALL-57000,CUST-18220,34,Noon (11-13h),Not Interested,0,AGT-007,False
CALL-78190,CUST-18220,73,Evening (17-20h),Call Back Later,0,AGT-001,True
CALL-36277,CUST-18220,14,Morning (8-11h),Not Interested,0,AGT-009,False
CALL-39501,CUST-18220,43,Noon (11-13h),Call Back Later,0,AGT-005,True
CALL-95442,CUST-18220,308,Evening (17-20h),Not Interested,0,AGT-009,False
CALL-52390,CUST-18220,203,Morning (8-11h),Success,350000,AGT-010,False
CALL-70115,CUST-18220,93,Afternoon (13-17h),Success,365000,AGT-002,False
CALL-22624,CUST-18220,107,Afternoon (13-17h),No Answer,0,AGT-001,False
CALL-18075,CUST-18220,33,Morning (8-11h),No Answer,0,AGT-001,False
CALL-60388,CUST-15461,38,Morning (8-11h),Not Interested,0,AGT-006,False
CALL-93857,CUST-15461,112,Afternoon (13-17h),No Answer,0,AGT-005,False
CALL-59714,CUST-15461,67,Morning (8-11h),Success,817000,AGT-013,False
CALL-97002,CUST-15416,196,Afternoon (13-17h),Success,1030000,AGT-001,False
CALL-90965,CUST-15416,225,Evening (17-20h),Success,1518000,AGT-001,False
CALL-12904,CUST-43259,73,Morning (8-11h),Call Back Later,0,AGT-007,True
CALL-96696,CUST-43259,151,Morning (8-11h),Success,373000,AGT-007,False
CALL-50693,CUST-43259,107,Afternoon (13-17h),Success,841000,AGT-012,False
CALL-29911,CUST-43259,104,Afternoon (13-17h),Call Back Later,0,AGT-002,True
CALL-76988,CUST-85802,300,Afternoon (13-17h),Call Back Later,0,AGT-001,True
CALL-22711,CUST-45409,28,Afternoon (13-17h),No Answer,0,AGT-016,False
CALL-51077,CUST-45409,293,Evening (17-20h),Call Back Later,0,AGT-003,True
CALL-87291,CUST-45409,209,Afternoon (13-17h),Call Back Later,0,AGT-005,True
CALL-35309,CUST-45409,145,Afternoon (13-17h),Success,617000,AGT-001,False
CALL-22860,CUST-45409,192,Noon (11-13h),Success,1682000,AGT-002,False
CALL-45153,CUST-45409,101,Morning (8-11h),Not Interested,0,AGT-020,False
CALL-58932,CUST-45409,70,Afternoon (13-17h),No Answer,0,AGT-001,False
CALL-16216,CUST-45409,49,Morning (8-11h),Not Interested,0,AGT-013,False
CALL-72372,CUST-31474,213,Morning (8-11h),Success,564000,AGT-009,False
CALL-85558,CUST-31474,134,Morning (8-11h),Success,1044000,AGT-011,False
CALL-30745,CUST-31474,367,Evening (17-20h),Success,634000,AGT-001,False
CALL-73815,CUST-31474,199,Afternoon (13-17h),Success,557000,AGT-006,False
CALL-73383,CUST-31474,145,Afternoon (13-17h),Success,798000,AGT-001,False
CALL-83244,CUST-44572,67,Morning (8-11h),Not Interested,0,AGT-007,False
CALL-82610,CUST-44572,78,Afternoon (13-17h),Call Back Later,0,AGT-001,True
CALL-65495,CUST-44572,62,Afternoon (13-17h),Call Back Later,0,AGT-001,True
CALL-14039,CUST-16585,161,Evening (17-20h),Not Interested,0,AGT-020,False
CALL-98772,CUST-16585,99,Afternoon (13-17h),Success,680000,AGT-001,False
CALL-19632,CUST-16585,70,Morning (8-11h),Success,429000,AGT-002,False
CALL-28745,CUST-11682,388,Afternoon (13-17h),Success,1159000,AGT-003,False
CALL-96828,CUST-11682,254,Noon (11-13h),Success,628000,AGT-004,False
CALL-93041,CUST-11682,115,Morning (8-11h),Not Interested,0,AGT-003,False
CALL-45762,CUST-11682,123,Afternoon (13-17h),Not Interested,0,AGT-011,True
CALL-66601,CUST-11682,206,Afternoon (13-17h),Success,850000,AGT-002,False
CALL-14562,CUST-84605,101,Afternoon (13-17h),Success,539000,AGT-001,False
CALL-55529,CUST-70235,34,Afternoon (13-17h),No Answer,0,AGT-005,True
CALL-23571,CUST-70235,64,Evening (17-20h),Success,570000,AGT-004,False
CALL-98495,CUST-70235,125,Afternoon (13-17h),Success,556000,AGT-002,False
CALL-70849,CUST-80166,124,Afternoon (13-17h),Success,706000,AGT-002,True
CALL-95106,CUST-80166,21,Noon (11-13h),Not Interested,0,AGT-008,False
CALL-48190,CUST-80166,205,Evening (17-20h),Success,481000,AGT-018,False
CALL-27932,CUST-80166,23,Afternoon (13-17h),Not Interested,0,AGT-001,False
CALL-31939,CUST-80166,45,Evening (17-20h),Not Interested,0,AGT-001,False
CALL-68460,CUST-55371,218,Evening (17-20h),Success,1027000,AGT-015,False
CALL-52466,CUST-55371,96,Noon (11-13h),Success,1286000,AGT-002,False
CALL-75137,CUST-91345,271,Evening (17-20h),Success,350000,AGT-003,False
CALL-11655,CUST-91345,238,Afternoon (13-17h),Success,729000,AGT-006,False
CALL-27649,CUST-91345,34,Afternoon (13-17h),Success,1978000,AGT-001,False
CALL-75253,CUST-91345,83,Afternoon (13-17h),No Answer,0,AGT-001,False
CALL-42323,CUST-91345,68,Evening (17-20h),No Answer,0,AGT-001,False
CALL-33544,CUST-91345,75,Afternoon (13-17h),Success,530000,AGT-013,False
CALL-41293,CUST-91345,65,Afternoon (13-17h),Success,350000,AGT-001,False
CALL-92005,CUST-91345,43,Evening (17-20h),Not Interested,0,AGT-008,False
CALL-23931,CUST-85673,253,Evening (17-20h),Not Interested,0,AGT-003,False
CALL-99564,CUST-85673,47,Afternoon (13-17h),Not Interested,0,AGT-001,False
CALL-92519,CUST-85673,93,Afternoon (13-17h),Success,418000,AGT-002,False
CALL-67002,CUST-30630,44,Morning (8-11h),Not Interested,0,AGT-003,False
CALL-61271,CUST-84637,129,Afternoon (13-17h),Success,639000,AGT-006,True
CALL-60669,CUST-84637,90,Evening (17-20h),Not Interested,0,AGT-011,False
CALL-30493,CUST-84637,71,Morning (8-11h),Success,610000,AGT-005,False
CALL-67859,CUST-61260,252,Evening (17-20h),Success,1357000,AGT-002,False
CALL-63687,CUST-61260,101,Afternoon (13-17h),Not Interested,0,AGT-002,False
CALL-58314,CUST-61260,109,Morning (8-11h),No Answer,0,AGT-011,True
CALL-65426,CUST-61260,21,Evening (17-20h),Not Interested,0,AGT-001,False
CALL-79268,CUST-61260,124,Noon (11-13h),Success,802000,AGT-001,True
CALL-22691,CUST-61260,197,Afternoon (13-17h),Success,788000,AGT-006,False
CALL-54613,CUST-61260,55,Afternoon (13-17h),Call Back Later,0,AGT-007,True
CALL-39877,CUST-79952,89,Morning (8-11h),No Answer,0,AGT-008,False
CALL-72116,CUST-79952,288,Afternoon (13-17h),Not Interested,0,AGT-001,False
CALL-80966,CUST-79952,70,Afternoon (13-17h),Not Interested,0,AGT-020,False
CALL-68558,CUST-79952,175,Evening (17-20h),Success,1048000,AGT-016,False
CALL-85481,CUST-79952,94,Afternoon (13-17h),Call Back Later,0,AGT-008,True
CALL-62794,CUST-26765,255,Noon (11-13h),Success,1241000,AGT-002,False
CALL-82305,CUST-26765,142,Evening (17-20h),Success,2195000,AGT-012,False
CALL-12323,CUST-93740,61,Evening (17-20h),Success,1143000,AGT-005,False
CALL-77555,CUST-37103,32,Afternoon (13-17h),Not Interested,0,AGT-011,False
CALL-60138,CUST-37103,332,Evening (17-20h),Success,2264000,AGT-003,False
CALL-23485,CUST-37103,162,Afternoon (13-17h),Success,1090000,AGT-005,False
CALL-95609,CUST-92654,140,Morning (8-11h),Not Interested,0,AGT-001,False
CALL-35057,CUST-92654,79,Afternoon (13-17h),Success,504000,AGT-005,True
CALL-48727,CUST-92654,26,Afternoon (13-17h),No Answer,0,AGT-001,False
CALL-69676,CUST-92654,148,Afternoon (13-17h),Success,1332000,AGT-002,False
CALL-82405,CUST-92654,143,Morning (8-11h),Success,350000,AGT-014,False
CALL-74260,CUST-90634,174,Morning (8-11h),Success,2443000,AGT-012,False
CALL-62513,CUST-76937,272,Noon (11-13h),Success,1744000,AGT-003,False
CALL-71417,CUST-95523,133,Afternoon (13-17h),Success,592000,AGT-003,False
CALL-85458,CUST-95523,22,Morning (8-11h),Success,1698000,AGT-001,False
CALL-51686,CUST-95523,183,Morning (8-11h),Call Back Later,0,AGT-013,True
CALL-40809,CUST-95523,340,Morning (8-11h),Success,763000,AGT-001,False
CALL-96250,CUST-59749,105,Noon (11-13h),Success,509000,AGT-001,False
CALL-84103,CUST-59749,101,Morning (8-11h),Not Interested,0,AGT-008,False
CALL-32057,CUST-59749,93,Noon (11-13h),Success,1272000,AGT-016,False
CALL-81787,CUST-76072,119,Afternoon (13-17h),No Answer,0,AGT-015,False
CALL-85102,CUST-76072,147,Afternoon (13-17h),Success,464000,AGT-017,False
CALL-95711,CUST-24572,172,Afternoon (13-17h),Call Back Later,0,AGT-001,True
CALL-31970,CUST-24572,69,Afternoon (13-17h),Not Interested,0,AGT-018,False
CALL-12874,CUST-24572,72,Afternoon (13-17h),Call Back Later,0,AGT-001,True
CALL-31282,CUST-24572,5,Afternoon (13-17h),Not Interested,0,AGT-011,False
CALL-47437,CUST-24572,22,Afternoon (13-17h),Not Interested,0,AGT-008,False
CALL-37662,CUST-75818,85,Morning (8-11h),Call Back Later,0,AGT-003,True
CALL-34841,CUST-75818,149,Morning (8-11h),Success,931000,AGT-010,False
CALL-49802,CUST-75818,81,Afternoon (13-17h),Not Interested,0,AGT-002,False
CALL-35453,CUST-75818,195,Morning (8-11h),Not Interested,0,AGT-001,False
CALL-48874,CUST-75818,64,Noon (11-13h),No Answer,0,AGT-002,False
CALL-92055,CUST-75818,67,Afternoon (13-17h),Call Back Later,0,AGT-013,True
CALL-98433,CUST-75818,240,Afternoon (13-17h),Not Interested,0,AGT-002,False
CALL-76885,CUST-75818,146,Morning (8-11h),Success,1314000,AGT-002,False
CALL-55806,CUST-15249,217,Morning (8-11h),Call Back Later,0,AGT-004,True
CALL-12362,CUST-15249,151,Evening (17-20h),Success,1032000,AGT-005,False
CALL-61224,CUST-94189,123,Noon (11-13h),Call Back Later,0,AGT-001,True
CALL-49491,CUST-94189,148,Morning (8-11h),Success,1621000,AGT-014,True
CALL-60857,CUST-94189,39,Afternoon (13-17h),No Answer,0,AGT-001,False
CALL-46580,CUST-94189,12,Evening (17-20h),No Answer,0,AGT-002,False
CALL-22153,CUST-94189,35,Afternoon (13-17h),Call Back Later,0,AGT-003,True
CALL-84775,CUST-94189,21,Afternoon (13-17h),Not Interested,0,AGT-001,False
CALL-93442,CUST-35758,143,Evening (17-20h),Success,1692000,AGT-012,False
CALL-27194,CUST-35758,243,Morning (8-11h),Success,2060000,AGT-005,False
CALL-53313,CUST-73429,38,Afternoon (13-17h),Not Interested,0,AGT-007,False
CALL-54046,CUST-73429,137,Morning (8-11h),Not Interested,0,AGT-003,False
CALL-97084,CUST-72257,308,Afternoon (13-17h),Success,802000,AGT-012,False
CALL-85442,CUST-36563,208,Afternoon (13-17h),Not Interested,0,AGT-004,False
CALL-94137,CUST-22620,155,Evening (17-20h),Call Back Later,0,AGT-019,True
CALL-58669,CUST-22620,115,Afternoon (13-17h),No Answer,0,AGT-016,True
CALL-61312,CUST-22620,146,Afternoon (13-17h),Success,887000,AGT-005,False
CALL-45838,CUST-22620,128,Afternoon (13-17h),Success,476000,AGT-012,True
CALL-16223,CUST-22620,101,Morning (8-11h),Success,430000,AGT-001,False
CALL-67111,CUST-22620,45,Afternoon (13-17h),No Answer,0,AGT-012,False
CALL-63930,CUST-22620,67,Morning (8-11h),Success,765000,AGT-001,False
CALL-36143,CUST-22620,138,Afternoon (13-17h),Success,793000,AGT-002,False
CALL-93605,CUST-83071,229,Morning (8-11h),Success,833000,AGT-003,False
CALL-72907,CUST-11097,39,Morning (8-11h),Call Back Later,0,AGT-001,True
CALL-90321,CUST-78932,412,Afternoon (13-17h),Success,834000,AGT-003,False
CALL-20521,CUST-78932,20,Noon (11-13h),Not Interested,0,AGT-004,False
CALL-10606,CUST-78932,52,Afternoon (13-17h),Call Back Later,0,AGT-011,True
CALL-82539,CUST-78932,142,Afternoon (13-17h),Call Back Later,0,AGT-002,True
CALL-31312,CUST-78932,183,Afternoon (13-17h),Success,350000,AGT-001,False
CALL-69262,CUST-78932,68,Morning (8-11h),Call Back Later,0,AGT-011,True
CALL-66289,CUST-78932,117,Afternoon (13-17h),Success,644000,AGT-001,False
CALL-29546,CUST-78932,100,Noon (11-13h),Call Back Later,0,AGT-007,True
CALL-95376,CUST-95473,86,Morning (8-11h),Success,977000,AGT-004,False
CALL-90985,CUST-69945,51,Afternoon (13-17h),Not Interested,0,AGT-006,False
CALL-19872,CUST-69945,140,Afternoon (13-17h),No Answer,0,AGT-014,False
CALL-80505,CUST-69945,146,Afternoon (13-17h),Success,643000,AGT-010,False
CALL-27096,CUST-69945,114,Afternoon (13-17h),Not Interested,0,AGT-002,False
CALL-45318,CUST-79851,196,Morning (8-11h),Success,684000,AGT-011,False
CALL-45677,CUST-79851,140,Afternoon (13-17h),Success,1211000,AGT-002,False
CALL-77157,CUST-79851,60,Morning (8-11h),Not Interested,0,AGT-001,False
CALL-21005,CUST-79851,310,Noon (11-13h),Success,677000,AGT-002,False
CALL-69367,CUST-79851,167,Morning (8-11h),Success,1111000,AGT-001,False
CALL-65429,CUST-59072,89,Morning (8-11h),Not Interested,0,AGT-016,False
CALL-13523,CUST-59072,78,Afternoon (13-17h),Not Interested,0,AGT-001,False
CALL-60866,CUST-59072,77,Afternoon (13-17h),Success,1155000,AGT-001,False
CALL-58686,CUST-59072,42,Afternoon (13-17h),Not Interested,0,AGT-009,False
CALL-92784,CUST-57309,65,Morning (8-11h),Not Interested,0,AGT-009,False
CALL-86495,CUST-57309,128,Afternoon (13-17h),Call Back Later,0,AGT-014,True
CALL-67792,CUST-57309,171,Afternoon (13-17h),Success,725000,AGT-014,True
CALL-78969,CUST-57309,284,Noon (11-13h),Call Back Later,0,AGT-010,True
CALL-40712,CUST-57309,90,Morning (8-11h),Success,891000,AGT-002,False
CALL-64867,CUST-31871,137,Morning (8-11h),Call Back Later,0,AGT-007,True
CALL-88069,CUST-56735,135,Morning (8-11h),Success,773000,AGT-008,False
CALL-28161,CUST-56735,64,Afternoon (13-17h),Success,791000,AGT-006,False
CALL-15542,CUST-56735,160,Morning (8-11h),Call Back Later,0,AGT-003,True
CALL-78146,CUST-56735,31,Evening (17-20h),Not Interested,0,AGT-001,False
CALL-88248,CUST-56735,105,Afternoon (13-17h),Not Interested,0,AGT-001,False
CALL-13960,CUST-56735,89,Morning (8-11h),Success,1475000,AGT-018,True
CALL-80635,CUST-56735,69,Morning (8-11h),Success,514000,AGT-006,False
CALL-39661,CUST-56735,145,Morning (8-11h),Success,1634000,AGT-003,False
CALL-49860,CUST-66824,285,Evening (17-20h),Success,563000,AGT-003,False
CALL-73779,CUST-66824,213,Morning (8-11h),Success,1288000,AGT-002,False
CALL-81315,CUST-12767,132,Evening (17-20h),Not Interested,0,AGT-003,False
CALL-91510,CUST-94311,202,Evening (17-20h),Success,948000,AGT-013,False
CALL-30427,CUST-94311,345,Morning (8-11h),Success,621000,AGT-008,False
CALL-71685,CUST-94311,61,Evening (17-20h),No Answer,0,AGT-001,False
CALL-16860,CUST-52496,105,Noon (11-13h),No Answer,0,AGT-009,False
CALL-25169,CUST-52496,157,Noon (11-13h),Success,1222000,AGT-006,False
CALL-43364,CUST-52496,166,Evening (17-20h),No Answer,0,AGT-005,False
CALL-52149,CUST-52496,91,Afternoon (13-17h),Success,1153000,AGT-003,True
CALL-75098,CUST-52496,134,Afternoon (13-17h),Success,977000,AGT-020,False
CALL-67078,CUST-52496,95,Noon (11-13h),Call Back Later,0,AGT-002,True
CALL-19210,CUST-52496,110,Afternoon (13-17h),No Answer,0,AGT-016,False
CALL-11369,CUST-52496,22,Afternoon (13-17h),Success,803000,AGT-001,False
CALL-24254,CUST-52496,285,Morning (8-11h),Success,350000,AGT-001,False
CALL-93685,CUST-21814,17,Evening (17-20h),No Answer,0,AGT-005,False
CALL-34970,CUST-30026,73,Afternoon (13-17h),Success,530000,AGT-001,False
CALL-41960,CUST-50071,171,Morning (8-11h),Success,841000,AGT-015,False
CALL-65700,CUST-50071,232,Afternoon (13-17h),Success,577000,AGT-006,False
CALL-92095,CUST-50071,94,Morning (8-11h),Success,787000,AGT-008,False
CALL-49633,CUST-50071,186,Afternoon (13-17h),Success,931000,AGT-007,False
CALL-84206,CUST-50071,106,Afternoon (13-17h),Not Interested,0,AGT-006,False
CALL-66156,CUST-50071,144,Morning (8-11h),Success,1020000,AGT-006,False
CALL-70865,CUST-43903,77,Noon (11-13h),Not Interested,0,AGT-018,False
CALL-14230,CUST-43903,173,Afternoon (13-17h),Call Back Later,0,AGT-006,True
CALL-43845,CUST-43903,38,Afternoon (13-17h),Call Back Later,0,AGT-005,True
CALL-18286,CUST-22186,403,Morning (8-11h),Success,969000,AGT-001,False
CALL-99758,CUST-22186,65,Noon (11-13h),Call Back Later,0,AGT-005,True
CALL-72307,CUST-22186,42,Afternoon (13-17h),Call Back Later,0,AGT-006,True
CALL-42175,CUST-22186,112,Afternoon (13-17h),No Answer,0,AGT-003,False
CALL-62625,CUST-89439,86,Noon (11-13h),Success,1775000,AGT-006,False
CALL-66106,CUST-89439,282,Noon (11-13h),No Answer,0,AGT-012,True
CALL-54299,CUST-15089,358,Morning (8-11h),Success,610000,AGT-010,False
CALL-87768,CUST-15089,67,Evening (17-20h),Not Interested,0,AGT-015,False
CALL-39515,CUST-16698,156,Morning (8-11h),Success,1129000,AGT-007,False
CALL-60980,CUST-16698,144,Afternoon (13-17h),Not Interested,0,AGT-001,False
CALL-36921,CUST-16698,153,Morning (8-11h),Success,937000,AGT-006,True
CALL-52809,CUST-16698,51,Morning (8-11h),Call Back Later,0,AGT-001,True
CALL-87448,CUST-16698,50,Afternoon (13-17h),Call Back Later,0,AGT-004,True
CALL-69878,CUST-16698,121,Morning (8-11h),Not Interested,0,AGT-016,False
CALL-82692,CUST-16698,147,Afternoon (13-17h),Success,655000,AGT-001,False
CALL-14429,CUST-14594,34,Afternoon (13-17h),Not Interested,0,AGT-011,False
CALL-39845,CUST-14594,74,Evening (17-20h),Not Interested,0,AGT-003,False
CALL-48004,CUST-30591,102,Noon (11-13h),Success,538000,AGT-010,True
CALL-56951,CUST-30591,240,Morning (8-11h),No Answer,0,AGT-001,False
CALL-66867,CUST-30591,197,Afternoon (13-17h),Call Back Later,0,AGT-001,True
CALL-29967,CUST-30591,277,Morning (8-11h),Call Back Later,0,AGT-011,True
CALL-81545,CUST-30591,112,Afternoon (13-17h),Success,574000,AGT-007,False
CALL-44060,CUST-61878,81,Afternoon (13-17h),Success,475000,AGT-018,False
CALL-84238,CUST-69753,266,Afternoon (13-17h),Call Back Later,0,AGT-003,True
CALL-19716,CUST-69753,109,Afternoon (13-17h),Success,1319000,AGT-004,False
CALL-97168,CUST-69753,173,Noon (11-13h),Not Interested,0,AGT-008,False
CALL-92338,CUST-69753,16,Afternoon (13-17h),Not Interested,0,AGT-001,False
CALL-91047,CUST-89480,105,Afternoon (13-17h),Success,2500000,AGT-001,False
CALL-81994,CUST-89480,110,Noon (11-13h),Call Back Later,0,AGT-012,True
CALL-14320,CUST-23079,108,Noon (11-13h),Call Back Later,0,AGT-004,True
CALL-57138,CUST-23079,119,Morning (8-11h),Success,937000,AGT-018,False
CALL-60870,CUST-23079,260,Afternoon (13-17h),No Answer,0,AGT-001,False
CALL-23225,CUST-23079,76,Afternoon (13-17h),Success,546000,AGT-001,False
CALL-35214,CUST-23079,196,Morning (8-11h),Success,1721000,AGT-001,False
CALL-41580,CUST-35457,29,Morning (8-11h),No Answer,0,AGT-018,False
CALL-87987,CUST-66767,33,Afternoon (13-17h),Call Back Later,0,AGT-013,True
CALL-98082,CUST-66767,53,Morning (8-11h),Call Back Later,0,AGT-019,True
CALL-54444,CUST-66767,65,Afternoon (13-17h),Success,1358000,AGT-017,False
CALL-40364,CUST-75495,195,Morning (8-11h),Call Back Later,0,AGT-001,True
CALL-12303,CUST-75495,121,Afternoon (13-17h),Success,942000,AGT-015,False
CALL-44463,CUST-75495,23,Morning (8-11h),Not Interested,0,AGT-010,False
CALL-35185,CUST-75495,130,Morning (8-11h),Success,908000,AGT-002,False
CALL-42092,CUST-75495,130,Afternoon (13-17h),Success,1665000,AGT-005,False
CALL-25330,CUST-75495,277,Evening (17-20h),Success,1167000,AGT-005,True
CALL-49868,CUST-75495,58,Afternoon (13-17h),Not Interested,0,AGT-002,False
CALL-29432,CUST-75495,194,Morning (8-11h),Success,1776000,AGT-002,False
CALL-17606,CUST-75495,164,Afternoon (13-17h),Success,628000,AGT-012,True
CALL-97494,CUST-75495,41,Morning (8-11h),No Answer,0,AGT-003,False
CALL-23407,CUST-75495,242,Afternoon (13-17h),Success,775000,AGT-003,False
CALL-20623,CUST-75495,147,Morning (8-11h),Success,710000,AGT-018,False
CALL-16524,CUST-75495,241,Afternoon (13-17h),Success,742000,AGT-014,False
CALL-68215,CUST-53777,327,Evening (17-20h),Success,1489000,AGT-001,False
CALL-79119,CUST-53777,51,Afternoon (13-17h),No Answer,0,AGT-001,False
CALL-32108,CUST-53777,139,Noon (11-13h),Success,2258000,AGT-002,False
CALL-52436,CUST-53777,30,Afternoon (13-17h),Not Interested,0,AGT-009,False
CALL-11708,CUST-53777,240,Noon (11-13h),Not Interested,0,AGT-003,False
CALL-81250,CUST-53777,22,Noon (11-13h),Not Interested,0,AGT-004,False
CALL-94602,CUST-53777,38,Morning (8-11h),No Answer,0,AGT-001,False
CALL-24335,CUST-53777,71,Evening (17-20h),Call Back Later,0,AGT-004,True
CALL-35007,CUST-86177,109,Morning (8-11h),Success,570000,AGT-002,True
CALL-56829,CUST-22148,200,Evening (17-20h),Success,647000,AGT-003,False
CALL-98630,CUST-22148,24,Afternoon (13-17h),No Answer,0,AGT-001,False
CALL-84772,CUST-12085,137,Afternoon (13-17h),Call Back Later,0,AGT-005,True
CALL-94325,CUST-12085,68,Afternoon (13-17h),Call Back Later,0,AGT-007,True
CALL-36630,CUST-12085,106,Morning (8-11h),Call Back Later,0,AGT-003,True
CALL-87190,CUST-20157,271,Afternoon (13-17h),Not Interested,0,AGT-001,False
CALL-25805,CUST-20157,119,Afternoon (13-17h),Success,549000,AGT-003,False
CALL-92794,CUST-20157,163,Afternoon (13-17h),Success,716000,AGT-002,False
CALL-69040,CUST-20157,15,Morning (8-11h),Not Interested,0,AGT-003,False
CALL-64738,CUST-20157,58,Afternoon (13-17h),No Answer,0,AGT-011,False
CALL-29276,CUST-20157,110,Morning (8-11h),Not Interested,0,AGT-018,False
CALL-63564,CUST-86312,31,Afternoon (13-17h),No Answer,0,AGT-007,False
CALL-23786,CUST-66785,20,Afternoon (13-17h),No Answer,0,AGT-003,False
CALL-51889,CUST-58897,59,Morning (8-11h),Not Interested,0,AGT-005,False
CALL-22730,CUST-19544,109,Morning (8-11h),Success,1006000,AGT-014,False
CALL-41953,CUST-19544,191,Afternoon (13-17h),Success,1075000,AGT-014,False
CALL-77887,CUST-19544,192,Morning (8-11h),Call Back Later,0,AGT-014,True
CALL-98636,CUST-19544,99,Afternoon (13-17h),Not Interested,0,AGT-017,False
CALL-22756,CUST-19544,121,Afternoon (13-17h),Success,421000,AGT-015,False
CALL-62576,CUST-19544,27,Afternoon (13-17h),Not Interested,0,AGT-003,False
CALL-33766,CUST-19544,379,Morning (8-11h),Success,442000,AGT-006,False
CALL-84621,CUST-48785,294,Afternoon (13-17h),Success,2249000,AGT-004,False
CALL-96610,CUST-48785,144,Afternoon (13-17h),Call Back Later,0,AGT-005,True
CALL-54593,CUST-48785,87,Afternoon (13-17h),Success,1635000,AGT-006,False
CALL-10509,CUST-48785,234,Noon (11-13h),Not Interested,0,AGT-013,False
CALL-22828,CUST-85613,384,Morning (8-11h),Success,833000,AGT-013,False
CALL-59103,CUST-85613,159,Afternoon (13-17h),Success,783000,AGT-004,False
CALL-14232,CUST-82358,194,Afternoon (13-17h),No Answer,0,AGT-005,True
CALL-88463,CUST-82358,70,Afternoon (13-17h),Success,2334000,AGT-005,False
CALL-46562,CUST-82358,33,Afternoon (13-17h),Not Interested,0,AGT-009,False
CALL-16218,CUST-65871,101,Noon (11-13h),Success,1927000,AGT-005,False
CALL-35273,CUST-65871,174,Afternoon (13-17h),Success,1014000,AGT-011,False
CALL-20238,CUST-65871,26,Afternoon (13-17h),Not Interested,0,AGT-003,False
CALL-89506,CUST-65871,362,Morning (8-11h),Success,941000,AGT-007,False
CALL-54622,CUST-65871,165,Morning (8-11h),Success,771000,AGT-018,False
CALL-29297,CUST-65871,193,Afternoon (13-17h),Success,398000,AGT-003,False
CALL-20691,CUST-65871,15,Afternoon (13-17h),No Answer,0,AGT-001,False
CALL-31035,CUST-65871,75,Afternoon (13-17h),No Answer,0,AGT-010,False
CALL-63103,CUST-65871,121,Noon (11-13h),Success,1546000,AGT-010,False
CALL-49715,CUST-65871,40,Afternoon (13-17h),Not Interested,0,AGT-005,False
CALL-69727,CUST-65871,467,Morning (8-11h),Success,1388000,AGT-001,False
CALL-78892,CUST-65871,280,Afternoon (13-17h),Success,500000,AGT-003,False
CALL-84973,CUST-65871,126,Noon (11-13h),No Answer,0,AGT-013,False
CALL-23736,CUST-65871,212,Noon (11-13h),Success,612000,AGT-010,False
CALL-47076,CUST-65871,87,Noon (11-13h),Success,617000,AGT-002,False
CALL-30050,CUST-65871,248,Morning (8-11h),Success,1240000,AGT-002,False
CALL-37579,CUST-65871,102,Noon (11-13h),Not Interested,0,AGT-001,False
CALL-66154,CUST-65871,346,Afternoon (13-17h),Success,716000,AGT-003,False
CALL-76031,CUST-65871,66,Morning (8-11h),Not Interested,0,AGT-002,False
CALL-41748,CUST-65871,31,Noon (11-13h),Not Interested,0,AGT-004,False
CALL-30883,CUST-65871,111,Evening (17-20h),Success,1708000,AGT-001,False
CALL-14062,CUST-76085,61,Afternoon (13-17h),Not Interested,0,AGT-004,False
CALL-83061,CUST-76085,160,Noon (11-13h),Success,905000,AGT-006,False
CALL-59795,CUST-76085,51,Afternoon (13-17h),Call Back Later,0,AGT-001,True
CALL-81396,CUST-76085,468,Noon (11-13h),Not Interested,0,AGT-003,False
CALL-10579,CUST-56695,166,Morning (8-11h),Success,805000,AGT-013,False
CALL-88043,CUST-56695,86,Afternoon (13-17h),Success,357000,AGT-002,False
CALL-66868,CUST-56695,312,Afternoon (13-17h),Success,1373000,AGT-015,False
CALL-36295,CUST-22872,90,Afternoon (13-17h),Call Back Later,0,AGT-001,True
CALL-71902,CUST-22872,89,Morning (8-11h),Success,2344000,AGT-008,False
CALL-74598,CUST-22872,83,Afternoon (13-17h),Not Interested,0,AGT-004,False
CALL-36466,CUST-22872,170,Afternoon (13-17h),Success,803000,AGT-010,False
CALL-11043,CUST-22872,82,Afternoon (13-17h),Success,371000,AGT-005,False
CALL-98482,CUST-22872,72,Afternoon (13-17h),Success,951000,AGT-001,False
CALL-90455,CUST-22872,29,Noon (11-13h),Not Interested,0,AGT-013,False
CALL-98116,CUST-82665,55,Afternoon (13-17h),Not Interested,0,AGT-015,False
CALL-34403,CUST-52207,207,Afternoon (13-17h),Call Back Later,0,AGT-010,True
CALL-92966,CUST-52207,61,Afternoon (13-17h),Success,680000,AGT-003,True
CALL-76648,CUST-52207,131,Afternoon (13-17h),Success,945000,AGT-001,False
CALL-43573,CUST-47225,17,Afternoon (13-17h),No Answer,0,AGT-001,False
CALL-80265,CUST-47225,200,Afternoon (13-17h),Success,350000,AGT-011,False
CALL-89730,CUST-47225,538,Afternoon (13-17h),Success,1212000,AGT-002,False
CALL-94818,CUST-47225,38,Morning (8-11h),Not Interested,0,AGT-007,False
CALL-24611,CUST-47225,49,Afternoon (13-17h),Call Back Later,0,AGT-013,True
CALL-27366,CUST-47225,92,Evening (17-20h),Not Interested,0,AGT-004,False
CALL-89610,CUST-47225,21,Morning (8-11h),No Answer,0,AGT-007,False
CALL-69047,CUST-47225,43,Noon (11-13h),Call Back Later,0,AGT-002,True
CALL-49558,CUST-47225,191,Afternoon (13-17h),Success,1288000,AGT-003,False
CALL-63369,CUST-47225,114,Morning (8-11h),Success,712000,AGT-004,False
CALL-46787,CUST-47225,114,Morning (8-11h),Call Back Later,0,AGT-006,True
CALL-53934,CUST-88037,17,Evening (17-20h),Not Interested,0,AGT-006,False
CALL-69357,CUST-88037,29,Morning (8-11h),No Answer,0,AGT-004,False
CALL-34096,CUST-88037,76,Morning (8-11h),Call Back Later,0,AGT-001,True
CALL-89853,CUST-88037,279,Afternoon (13-17h),Success,550000,AGT-005,False
CALL-67067,CUST-88037,72,Afternoon (13-17h),Success,350000,AGT-004,True
CALL-35010,CUST-88037,135,Morning (8-11h),Call Back Later,0,AGT-008,True
CALL-91626,CUST-88037,61,Noon (11-13h),Success,822000,AGT-001,False
CALL-90868,CUST-88037,113,Afternoon (13-17h),Call Back Later,0,AGT-020,True
CALL-35526,CUST-19039,376,Morning (8-11h),Success,1092000,AGT-017,False
CALL-77903,CUST-34325,152,Morning (8-11h),Not Interested,0,AGT-010,False
CALL-44803,CUST-34325,91,Morning (8-11h),Call Back Later,0,AGT-003,True
CALL-73800,CUST-34325,182,Evening (17-20h),Success,639000,AGT-006,False
CALL-82296,CUST-34325,179,Afternoon (13-17h),Success,1009000,AGT-005,False
CALL-60607,CUST-34325,165,Afternoon (13-17h),Success,677000,AGT-010,False
CALL-27524,CUST-34325,74,Evening (17-20h),Call Back Later,0,AGT-004,True
CALL-72004,CUST-34325,24,Morning (8-11h),No Answer,0,AGT-004,False
CALL-79485,CUST-34325,101,Morning (8-11h),Not Interested,0,AGT-010,False
CALL-30256,CUST-43916,43,Afternoon (13-17h),No Answer,0,AGT-004,False
CALL-66201,CUST-43916,38,Afternoon (13-17h),Call Back Later,0,AGT-011,True
CALL-69207,CUST-43916,133,Morning (8-11h),Success,489000,AGT-008,False
CALL-23306,CUST-43916,110,Noon (11-13h),Success,1346000,AGT-006,False
CALL-24848,CUST-43916,182,Morning (8-11h),Success,2500000,AGT-003,False
CALL-82473,CUST-43916,163,Afternoon (13-17h),Success,1257000,AGT-010,False
CALL-63454,CUST-34429,179,Morning (8-11h),Success,851000,AGT-008,True
CALL-85618,CUST-34429,488,Afternoon (13-17h),Success,387000,AGT-012,False
CALL-90435,CUST-34429,74,Morning (8-11h),No Answer,0,AGT-003,False
CALL-42314,CUST-10135,156,Noon (11-13h),Call Back Later,0,AGT-002,True
CALL-56342,CUST-18064,130,Morning (8-11h),Success,1284000,AGT-001,False
CALL-93760,CUST-18064,16,Evening (17-20h),Not Interested,0,AGT-005,False
CALL-70014,CUST-18064,99,Afternoon (13-17h),Not Interested,0,AGT-011,False
CALL-39534,CUST-18064,39,Afternoon (13-17h),Call Back Later,0,AGT-008,True
CALL-19689,CUST-18064,206,Noon (11-13h),Success,1448000,AGT-009,False
CALL-99571,CUST-85261,70,Morning (8-11h),Success,1257000,AGT-002,False
CALL-78975,CUST-42244,54,Noon (11-13h),No Answer,0,AGT-019,False
CALL-80785,CUST-42244,271,Morning (8-11h),Success,687000,AGT-001,False
CALL-43414,CUST-42244,142,Afternoon (13-17h),Success,1342000,AGT-001,True
CALL-34040,CUST-42244,168,Morning (8-11h),Call Back Later,0,AGT-011,True
CALL-48481,CUST-42244,134,Afternoon (13-17h),Success,1120000,AGT-002,False
CALL-24382,CUST-42244,43,Afternoon (13-17h),No Answer,0,AGT-001,False
CALL-68843,CUST-42244,28,Noon (11-13h),Not Interested,0,AGT-003,False
CALL-70090,CUST-79195,167,Morning (8-11h),Success,1077000,AGT-001,False
CALL-63533,CUST-79195,251,Afternoon (13-17h),Not Interested,0,AGT-006,False
CALL-87671,CUST-79195,90,Evening (17-20h),Success,490000,AGT-004,False
CALL-74886,CUST-79195,257,Evening (17-20h),Success,1232000,AGT-001,False
CALL-27740,CUST-79195,91,Noon (11-13h),Success,1197000,AGT-011,False
CALL-49462,CUST-39950,77,Noon (11-13h),Not Interested,0,AGT-010,False
CALL-50760,CUST-39950,125,Morning (8-11h),Success,1041000,AGT-008,False
CALL-82475,CUST-39950,51,Evening (17-20h),Not Interested,0,AGT-017,False
CALL-24253,CUST-39950,190,Morning (8-11h),Call Back Later,0,AGT-002,True
CALL-39979,CUST-39950,267,Afternoon (13-17h),Success,553000,AGT-002,False
CALL-61037,CUST-39950,43,Afternoon (13-17h),Not Interested,0,AGT-011,False
CALL-69024,CUST-39950,73,Morning (8-11h),Success,1810000,AGT-001,False
CALL-65281,CUST-39950,267,Afternoon (13-17h),Call Back Later,0,AGT-018,True
CALL-10819,CUST-50114,60,Afternoon (13-17h),Not Interested,0,AGT-002,False
CALL-31802,CUST-80810,58,Morning (8-11h),Not Interested,0,AGT-001,False
CALL-85639,CUST-80810,338,Morning (8-11h),Success,1507000,AGT-004,False
CALL-93680,CUST-80810,387,Noon (11-13h),No Answer,0,AGT-001,False
CALL-67908,CUST-32323,136,Evening (17-20h),Success,841000,AGT-008,False
CALL-28217,CUST-32323,127,Evening (17-20h),Call Back Later,0,AGT-011,True
CALL-36068,CUST-32323,396,Noon (11-13h),Success,1543000,AGT-003,False
CALL-98747,CUST-32323,277,Afternoon (13-17h),Call Back Later,0,AGT-002,True
CALL-97085,CUST-32323,405,Afternoon (13-17h),Success,1494000,AGT-008,True
CALL-69107,CUST-32323,69,Evening (17-20h),Call Back Later,0,AGT-005,True
CALL-39553,CUST-32323,85,Afternoon (13-17h),No Answer,0,AGT-004,False
CALL-54089,CUST-32323,14,Morning (8-11h),No Answer,0,AGT-004,False
CALL-20109,CUST-35921,17,Evening (17-20h),No Answer,0,AGT-014,False
CALL-25501,CUST-35921,21,Noon (11-13h),Not Interested,0,AGT-001,False
CALL-32040,CUST-35921,87,Morning (8-11h),Not Interested,0,AGT-006,False
CALL-93123,CUST-35921,51,Afternoon (13-17h),Not Interested,0,AGT-004,False
CALL-24136,CUST-35921,133,Evening (17-20h),Success,579000,AGT-002,False
CALL-60631,CUST-98671,64,Afternoon (13-17h),Call Back Later,0,AGT-002,True
CALL-37560,CUST-98671,311,Afternoon (13-17h),Success,945000,AGT-004,False
CALL-59051,CUST-98671,47,Noon (11-13h),No Answer,0,AGT-001,False
CALL-27544,CUST-98671,12,Afternoon (13-17h),No Answer,0,AGT-004,False
CALL-74681,CUST-98671,28,Morning (8-11h),No Answer,0,AGT-015,False
CALL-72014,CUST-97342,282,Morning (8-11h),Success,911000,AGT-011,True
CALL-58560,CUST-97342,48,Evening (17-20h),Not Interested,0,AGT-002,False
CALL-71554,CUST-97342,200,Afternoon (13-17h),Success,1464000,AGT-001,True
CALL-61490,CUST-97342,131,Evening (17-20h),Success,1226000,AGT-003,False
CALL-59997,CUST-43911,252,Morning (8-11h),Success,668000,AGT-002,False
CALL-65935,CUST-43911,336,Afternoon (13-17h),Success,1112000,AGT-001,False
CALL-92064,CUST-43911,140,Morning (8-11h),Success,1155000,AGT-002,False
CALL-12715,CUST-43911,143,Morning (8-11h),Success,927000,AGT-019,False
CALL-16835,CUST-43911,6,Morning (8-11h),Not Interested,0,AGT-019,False
CALL-92733,CUST-41125,122,Morning (8-11h),Success,1237000,AGT-002,False
CALL-11741,CUST-41125,75,Evening (17-20h),Success,2500000,AGT-002,True
CALL-32881,CUST-41125,181,Afternoon (13-17h),Not Interested,0,AGT-014,False
CALL-80131,CUST-41125,201,Evening (17-20h),Call Back Later,0,AGT-011,True
CALL-87162,CUST-41125,32,Morning (8-11h),Not Interested,0,AGT-011,False
CALL-15200,CUST-66237,100,Afternoon (13-17h),Success,2500000,AGT-005,False
CALL-35687,CUST-66237,297,Morning (8-11h),Success,1100000,AGT-004,False
CALL-67266,CUST-66237,201,Morning (8-11h),Success,2482000,AGT-001,False
CALL-98191,CUST-66237,154,Evening (17-20h),Not Interested,0,AGT-017,False
CALL-75710,CUST-98051,172,Morning (8-11h),Success,540000,AGT-015,False
CALL-69451,CUST-10720,5,Afternoon (13-17h),Not Interested,0,AGT-003,False
CALL-66122,CUST-20616,115,Evening (17-20h),Not Interested,0,AGT-001,False
CALL-44206,CUST-94824,62,Morning (8-11h),Not Interested,0,AGT-004,False
CALL-81494,CUST-94824,334,Evening (17-20h),Success,1934000,AGT-020,False
CALL-42773,CUST-86889,486,Afternoon (13-17h),No Answer,0,AGT-004,False
CALL-82241,CUST-86889,63,Afternoon (13-17h),No Answer,0,AGT-014,False
CALL-93535,CUST-86889,367,Afternoon (13-17h),Success,1075000,AGT-006,False
CALL-47206,CUST-86889,191,Afternoon (13-17h),Not Interested,0,AGT-005,False
CALL-38625,CUST-86889,5,Evening (17-20h),Not Interested,0,AGT-009,False
CALL-94562,CUST-86889,302,Evening (17-20h),Success,350000,AGT-018,False
CALL-77165,CUST-86889,250,Morning (8-11h),Success,813000,AGT-011,False
CALL-52216,CUST-57062,116,Afternoon (13-17h),Not Interested,0,AGT-018,False
CALL-99612,CUST-43889,191,Noon (11-13h),Not Interested,0,AGT-003,False
CALL-31291,CUST-86265,209,Morning (8-11h),No Answer,0,AGT-001,False
CALL-73782,CUST-86265,333,Noon (11-13h),Success,872000,AGT-001,False
CALL-89848,CUST-86265,338,Morning (8-11h),No Answer,0,AGT-001,False
CALL-53184,CUST-86265,80,Afternoon (13-17h),Success,2133000,AGT-011,False
CALL-26246,CUST-86265,56,Morning (8-11h),Success,1147000,AGT-002,True
CALL-33404,CUST-86265,62,Morning (8-11h),Success,793000,AGT-002,False
CALL-50967,CUST-79304,55,Evening (17-20h),No Answer,0,AGT-015,False
CALL-61411,CUST-79304,84,Evening (17-20h),Success,878000,AGT-015,False
CALL-27498,CUST-79304,87,Afternoon (13-17h),No Answer,0,AGT-001,False
CALL-20133,CUST-79304,50,Evening (17-20h),Call Back Later,0,AGT-007,True
CALL-17856,CUST-79304,100,Afternoon (13-17h),No Answer,0,AGT-003,False
CALL-36713,CUST-23877,300,Afternoon (13-17h),Success,350000,AGT-002,False
CALL-80144,CUST-23877,122,Noon (11-13h),Call Back Later,0,AGT-003,True
CALL-85949,CUST-23877,32,Morning (8-11h),Not Interested,0,AGT-006,False
CALL-61691,CUST-26660,66,Noon (11-13h),Call Back Later,0,AGT-014,True
CALL-33795,CUST-93331,399,Afternoon (13-17h),Success,990000,AGT-006,False
CALL-57679,CUST-93331,288,Afternoon (13-17h),Success,1005000,AGT-013,False
CALL-39236,CUST-85443,51,Afternoon (13-17h),Call Back Later,0,AGT-001,True
CALL-42351,CUST-18138,335,Noon (11-13h),Success,686000,AGT-002,False
CALL-84242,CUST-18138,213,Afternoon (13-17h),Success,416000,AGT-013,False
CALL-20012,CUST-18138,374,Evening (17-20h),Success,734000,AGT-003,True
CALL-44647,CUST-13139,20,Afternoon (13-17h),Call Back Later,0,AGT-001,True
CALL-48706,CUST-13139,69,Noon (11-13h),Success,662000,AGT-014,False
CALL-31091,CUST-13139,224,Morning (8-11h),Success,1395000,AGT-001,False
CALL-24950,CUST-13139,167,Evening (17-20h),Success,499000,AGT-008,False
CALL-41395,CUST-13139,350,Morning (8-11h),Success,427000,AGT-003,True
CALL-47959,CUST-13139,255,Morning (8-11h),Success,711000,AGT-002,False
CALL-22343,CUST-13139,17,Morning (8-11h),Not Interested,0,AGT-019,False
CALL-18541,CUST-13139,187,Afternoon (13-17h),Success,401000,AGT-006,False
CALL-23583,CUST-61495,267,Morning (8-11h),Success,2388000,AGT-015,False
CALL-16244,CUST-61495,42,Morning (8-11h),Success,2500000,AGT-004,False
CALL-22934,CUST-61495,134,Morning (8-11h),Success,1328000,AGT-012,False
CALL-28383,CUST-60807,48,Afternoon (13-17h),Not Interested,0,AGT-002,False
CALL-23135,CUST-60807,160,Afternoon (13-17h),Not Interested,0,AGT-003,False
CALL-90457,CUST-26350,99,Evening (17-20h),No Answer,0,AGT-003,False
CALL-18149,CUST-79924,120,Morning (8-11h),Success,616000,AGT-003,False
CALL-11644,CUST-75988,268,Afternoon (13-17h),Not Interested,0,AGT-005,False
CALL-19128,CUST-75988,79,Morning (8-11h),Call Back Later,0,AGT-001,True
CALL-32642,CUST-75988,90,Afternoon (13-17h),Success,1091000,AGT-007,False
CALL-19751,CUST-75988,95,Morning (8-11h),Not Interested,0,AGT-001,False
CALL-53202,CUST-75988,147,Afternoon (13-17h),Call Back Later,0,AGT-002,True
CALL-21627,CUST-84081,81,Afternoon (13-17h),Not Interested,0,AGT-006,False
CALL-32048,CUST-84081,57,Evening (17-20h),Not Interested,0,AGT-018,False
CALL-94402,CUST-84081,228,Morning (8-11h),Not Interested,0,AGT-012,False
CALL-21905,CUST-97794,89,Afternoon (13-17h),Success,515000,AGT-002,False
CALL-96102,CUST-97794,109,Afternoon (13-17h),No Answer,0,AGT-020,False
CALL-22257,CUST-65331,197,Afternoon (13-17h),Success,485000,AGT-001,False
CALL-20957,CUST-65331,72,Afternoon (13-17h),Success,603000,AGT-001,False
CALL-96848,CUST-65331,31,Noon (11-13h),Not Interested,0,AGT-001,True
CALL-51069,CUST-65331,328,Afternoon (13-17h),Success,361000,AGT-003,False
CALL-65755,CUST-65331,165,Morning (8-11h),Call Back Later,0,AGT-015,True
CALL-13592,CUST-65331,119,Afternoon (13-17h),Call Back Later,0,AGT-013,True
CALL-28808,CUST-65331,129,Noon (11-13h),No Answer,0,AGT-005,False
CALL-84194,CUST-26800,378,Evening (17-20h),Call Back Later,0,AGT-004,True
CALL-81026,CUST-26800,200,Noon (11-13h),Success,350000,AGT-001,True
CALL-54259,CUST-26800,5,Evening (17-20h),Not Interested,0,AGT-002,False
CALL-99524,CUST-26800,117,Morning (8-11h),Success,1089000,AGT-005,False
CALL-48256,CUST-26800,129,Morning (8-11h),Success,1472000,AGT-001,False
CALL-25550,CUST-26800,120,Afternoon (13-17h),Success,719000,AGT-007,False
CALL-43419,CUST-21940,13,Evening (17-20h),No Answer,0,AGT-012,False
CALL-71712,CUST-21940,39,Afternoon (13-17h),Not Interested,0,AGT-001,False
CALL-26080,CUST-21940,19,Morning (8-11h),Not Interested,0,AGT-006,False
CALL-60501,CUST-21940,421,Noon (11-13h),Call Back Later,0,AGT-004,True
CALL-54797,CUST-21940,122,Afternoon (13-17h),Success,1423000,AGT-004,False
CALL-18545,CUST-21940,139,Afternoon (13-17h),Success,922000,AGT-001,False
CALL-11309,CUST-21940,102,Afternoon (13-17h),Not Interested,0,AGT-008,False
CALL-57869,CUST-54722,50,Noon (11-13h),Not Interested,0,AGT-008,False
CALL-15540,CUST-54722,57,Morning (8-11h),Not Interested,0,AGT-002,False
CALL-42865,CUST-54722,422,Afternoon (13-17h),Success,666000,AGT-004,False
CALL-12267,CUST-54722,104,Morning (8-11h),Not Interested,0,AGT-014,False
CALL-29251,CUST-54722,70,Afternoon (13-17h),Success,996000,AGT-004,False
CALL-41504,CUST-90422,257,Evening (17-20h),Success,646000,AGT-019,False
CALL-88846,CUST-90422,90,Morning (8-11h),Not Interested,0,AGT-017,False
CALL-54309,CUST-90422,32,Noon (11-13h),Success,1773000,AGT-018,False
CALL-82830,CUST-62480,49,Morning (8-11h),No Answer,0,AGT-001,False
CALL-48308,CUST-68293,255,Morning (8-11h),Call Back Later,0,AGT-015,True
CALL-37323,CUST-68293,75,Noon (11-13h),Success,996000,AGT-006,False
CALL-87825,CUST-68293,149,Morning (8-11h),Success,350000,AGT-001,False
CALL-47215,CUST-68293,104,Morning (8-11h),Not Interested,0,AGT-006,False
CALL-21638,CUST-68293,210,Afternoon (13-17h),Success,2500000,AGT-011,False
CALL-55206,CUST-68293,91,Morning (8-11h),No Answer,0,AGT-004,False
CALL-23880,CUST-68293,58,Afternoon (13-17h),Not Interested,0,AGT-011,False
CALL-92758,CUST-68293,48,Noon (11-13h),No Answer,0,AGT-014,False
CALL-27663,CUST-18616,225,Noon (11-13h),Success,660000,AGT-004,False
CALL-24452,CUST-18616,71,Afternoon (13-17h),No Answer,0,AGT-006,False
CALL-87382,CUST-18616,142,Noon (11-13h),Success,995000,AGT-010,False
CALL-23787,CUST-18616,286,Morning (8-11h),Not Interested,0,AGT-001,False
CALL-96033,CUST-18616,120,Evening (17-20h),Success,1470000,AGT-012,False
CALL-21672,CUST-18616,162,Morning (8-11h),No Answer,0,AGT-001,False
CALL-67697,CUST-18616,72,Afternoon (13-17h),Success,1079000,AGT-008,False
CALL-21676,CUST-18616,91,Afternoon (13-17h),Success,1598000,AGT-002,False
CALL-58465,CUST-18616,291,Morning (8-11h),Success,773000,AGT-018,False
CALL-42250,CUST-18616,208,Morning (8-11h),Not Interested,0,AGT-020,True
CALL-70328,CUST-18616,100,Evening (17-20h),Call Back Later,0,AGT-001,True
CALL-65568,CUST-18616,121,Morning (8-11h),Call Back Later,0,AGT-006,True
CALL-81616,CUST-18616,96,Noon (11-13h),Success,350000,AGT-001,False
CALL-60487,CUST-18616,190,Morning (8-11h),Success,663000,AGT-018,False
CALL-51544,CUST-18616,68,Noon (11-13h),Call Back Later,0,AGT-019,True
CALL-12891,CUST-49799,190,Morning (8-11h),Not Interested,0,AGT-004,False
CALL-16852,CUST-49799,368,Evening (17-20h),Success,923000,AGT-002,False
CALL-91195,CUST-49799,132,Noon (11-13h),Success,660000,AGT-007,False
CALL-63256,CUST-49799,35,Afternoon (13-17h),Not Interested,0,AGT-011,False
CALL-73734,CUST-11948,107,Noon (11-13h),No Answer,0,AGT-017,False
CALL-23027,CUST-11948,346,Afternoon (13-17h),Call Back Later,0,AGT-003,True
CALL-34684,CUST-11948,121,Afternoon (13-17h),Success,2102000,AGT-003,False
CALL-86239,CUST-11948,44,Afternoon (13-17h),No Answer,0,AGT-005,False
CALL-70202,CUST-11948,103,Evening (17-20h),Success,350000,AGT-001,False
CALL-73679,CUST-11948,307,Noon (11-13h),Success,852000,AGT-001,False
CALL-53691,CUST-11948,69,Afternoon (13-17h),Success,824000,AGT-014,True
CALL-82209,CUST-11948,312,Afternoon (13-17h),Success,2214000,AGT-004,False
CALL-77411,CUST-11948,96,Noon (11-13h),Success,1151000,AGT-009,False
CALL-98967,CUST-11948,548,Morning (8-11h),No Answer,0,AGT-011,False
CALL-27229,CUST-54232,75,Morning (8-11h),Not Interested,0,AGT-003,False
CALL-80931,CUST-54232,54,Noon (11-13h),Success,843000,AGT-003,True
CALL-89146,CUST-54232,5,Morning (8-11h),No Answer,0,AGT-019,False
CALL-55067,CUST-54232,110,Morning (8-11h),Success,683000,AGT-013,False
CALL-75742,CUST-54232,94,Morning (8-11h),Not Interested,0,AGT-010,False
CALL-67709,CUST-66893,344,Morning (8-11h),Success,670000,AGT-001,False
CALL-36648,CUST-85092,230,Evening (17-20h),Success,1287000,AGT-002,False
CALL-38786,CUST-85092,301,Afternoon (13-17h),Success,1122000,AGT-018,False
CALL-84650,CUST-85092,255,Noon (11-13h),Success,935000,AGT-004,False
CALL-45572,CUST-85092,114,Afternoon (13-17h),Call Back Later,0,AGT-001,True
CALL-95036,CUST-85092,600,Afternoon (13-17h),Not Interested,0,AGT-013,False
CALL-64622,CUST-85092,106,Morning (8-11h),Success,457000,AGT-001,False
CALL-45592,CUST-85092,162,Afternoon (13-17h),Success,823000,AGT-003,False
CALL-44035,CUST-85092,424,Evening (17-20h),Success,787000,AGT-003,True
CALL-94462,CUST-85092,235,Morning (8-11h),Success,954000,AGT-002,False
CALL-76530,CUST-85092,132,Evening (17-20h),Success,654000,AGT-011,False
CALL-83100,CUST-85092,184,Noon (11-13h),Success,511000,AGT-001,False
CALL-30398,CUST-86658,68,Afternoon (13-17h),Success,848000,AGT-001,True
CALL-16661,CUST-86658,86,Morning (8-11h),Call Back Later,0,AGT-004,True
CALL-71765,CUST-99452,161,Morning (8-11h),Call Back Later,0,AGT-019,True
CALL-57646,CUST-99452,44,Noon (11-13h),Call Back Later,0,AGT-001,True
CALL-66792,CUST-99452,63,Evening (17-20h),Success,2089000,AGT-012,False
CALL-98328,CUST-99452,15,Afternoon (13-17h),No Answer,0,AGT-019,False
CALL-45511,CUST-99452,118,Evening (17-20h),Success,1552000,AGT-001,False
CALL-47307,CUST-99452,132,Afternoon (13-17h),Success,1633000,AGT-002,False
CALL-60050,CUST-99452,263,Afternoon (13-17h),Success,1782000,AGT-001,False
CALL-47556,CUST-84446,53,Morning (8-11h),Not Interested,0,AGT-005,False
CALL-19453,CUST-58889,86,Evening (17-20h),Success,839000,AGT-018,False
CALL-54008,CUST-58889,215,Afternoon (13-17h),Success,1487000,AGT-013,False
CALL-88511,CUST-58889,244,Afternoon (13-17h),No Answer,0,AGT-007,False
CALL-90889,CUST-58889,236,Afternoon (13-17h),Success,1184000,AGT-018,False
CALL-88866,CUST-58889,58,Afternoon (13-17h),No Answer,0,AGT-004,False
CALL-14267,CUST-58889,20,Morning (8-11h),No Answer,0,AGT-020,False
CALL-75304,CUST-58889,129,Morning (8-11h),Success,681000,AGT-001,True
CALL-52532,CUST-58889,114,Evening (17-20h),No Answer,0,AGT-012,False
CALL-86504,CUST-28836,137,Noon (11-13h),Success,447000,AGT-001,True
CALL-17024,CUST-28836,156,Morning (8-11h),Not Interested,0,AGT-001,False
CALL-68380,CUST-28836,177,Afternoon (13-17h),Success,655000,AGT-005,False
CALL-64999,CUST-22875,179,Noon (11-13h),Success,1246000,AGT-012,False
CALL-94688,CUST-18032,88,Afternoon (13-17h),Success,1133000,AGT-001,False
CALL-59483,CUST-18032,101,Afternoon (13-17h),Not Interested,0,AGT-012,False
CALL-88272,CUST-18032,76,Evening (17-20h),Success,1549000,AGT-017,False
CALL-72003,CUST-18032,219,Afternoon (13-17h),Success,892000,AGT-001,False
CALL-41515,CUST-18032,43,Afternoon (13-17h),No Answer,0,AGT-001,False
CALL-37515,CUST-18032,403,Afternoon (13-17h),Call Back Later,0,AGT-013,True
CALL-22228,CUST-18032,117,Morning (8-11h),Success,417000,AGT-001,False
CALL-19769,CUST-18032,115,Morning (8-11h),Call Back Later,0,AGT-001,True
CALL-72880,CUST-18032,99,Afternoon (13-17h),Success,1321000,AGT-005,False
CALL-27617,CUST-20641,225,Afternoon (13-17h),Success,381000,AGT-007,False
CALL-35301,CUST-20641,126,Morning (8-11h),Success,995000,AGT-002,False
CALL-23843,CUST-20641,80,Afternoon (13-17h),Success,749000,AGT-005,False
CALL-83718,CUST-20641,217,Noon (11-13h),Success,2500000,AGT-001,False
CALL-54653,CUST-20641,67,Afternoon (13-17h),Call Back Later,0,AGT-001,True
CALL-99960,CUST-20641,229,Afternoon (13-17h),Success,1556000,AGT-001,False
CALL-79844,CUST-20641,27,Noon (11-13h),No Answer,0,AGT-003,False
CALL-27323,CUST-20641,303,Afternoon (13-17h),No Answer,0,AGT-001,False
CALL-43371,CUST-20641,65,Noon (11-13h),Not Interested,0,AGT-007,False
CALL-85979,CUST-20641,37,Afternoon (13-17h),Not Interested,0,AGT-005,False
CALL-83965,CUST-20641,93,Afternoon (13-17h),Not Interested,0,AGT-007,False
CALL-31280,CUST-20641,82,Morning (8-11h),Success,695000,AGT-001,False
CALL-52465,CUST-20641,157,Morning (8-11h),Success,517000,AGT-016,False
CALL-89776,CUST-20641,35,Afternoon (13-17h),Not Interested,0,AGT-014,False
CALL-85263,CUST-20641,154,Afternoon (13-17h),Success,586000,AGT-003,False
CALL-73618,CUST-20641,92,Afternoon (13-17h),Call Back Later,0,AGT-004,True
CALL-14975,CUST-20641,125,Morning (8-11h),Not Interested,0,AGT-004,False
CALL-93496,CUST-20641,43,Afternoon (13-17h),No Answer,0,AGT-004,False
CALL-19597,CUST-20641,119,Noon (11-13h),Not Interested,0,AGT-003,False
CALL-29178,CUST-20641,66,Evening (17-20h),Call Back Later,0,AGT-005,True
CALL-40268,CUST-20641,22,Afternoon (13-17h),No Answer,0,AGT-007,False
CALL-98156,CUST-20641,189,Afternoon (13-17h),Success,350000,AGT-004,False
CALL-13400,CUST-20641,55,Noon (11-13h),No Answer,0,AGT-002,False
CALL-82283,CUST-20641,154,Noon (11-13h),Success,800000,AGT-007,False
CALL-80777,CUST-82773,56,Morning (8-11h),No Answer,0,AGT-002,False
CALL-29575,CUST-37121,116,Afternoon (13-17h),Call Back Later,0,AGT-001,True
CALL-57751,CUST-37121,507,Afternoon (13-17h),Success,429000,AGT-003,False
CALL-84550,CUST-72837,256,Morning (8-11h),Success,2500000,AGT-006,False
CALL-45305,CUST-72837,374,Noon (11-13h),Not Interested,0,AGT-002,False
CALL-52137,CUST-72837,267,Afternoon (13-17h),Success,350000,AGT-020,False
CALL-21537,CUST-72837,113,Morning (8-11h),Success,1254000,AGT-015,False
CALL-18588,CUST-72837,225,Afternoon (13-17h),Success,741000,AGT-002,False
CALL-80579,CUST-37133,101,Afternoon (13-17h),Not Interested,0,AGT-016,False
CALL-66314,CUST-37133,34,Morning (8-11h),Not Interested,0,AGT-002,False
CALL-57360,CUST-37133,141,Evening (17-20h),Success,580000,AGT-013,True
CALL-40045,CUST-37133,25,Morning (8-11h),No Answer,0,AGT-001,False
CALL-48334,CUST-37133,98,Morning (8-11h),Not Interested,0,AGT-003,False
CALL-56727,CUST-37133,284,Afternoon (13-17h),Call Back Later,0,AGT-012,True
CALL-56111,CUST-37133,245,Morning (8-11h),Success,841000,AGT-005,True
CALL-48842,CUST-37133,99,Morning (8-11h),Call Back Later,0,AGT-001,True
CALL-94830,CUST-37133,373,Afternoon (13-17h),Success,780000,AGT-016,False
CALL-71253,CUST-37133,171,Morning (8-11h),Success,757000,AGT-004,False
CALL-88011,CUST-86822,197,Evening (17-20h),Success,1978000,AGT-006,False
CALL-34176,CUST-78462,82,Afternoon (13-17h),No Answer,0,AGT-013,False
CALL-76659,CUST-78462,220,Evening (17-20h),Success,350000,AGT-003,False
CALL-58244,CUST-78462,105,Afternoon (13-17h),No Answer,0,AGT-002,True
CALL-22044,CUST-78462,48,Afternoon (13-17h),Call Back Later,0,AGT-018,True
CALL-94438,CUST-78462,172,Afternoon (13-17h),Call Back Later,0,AGT-001,True
CALL-23935,CUST-78462,119,Afternoon (13-17h),Success,778000,AGT-006,False
CALL-16329,CUST-78462,113,Afternoon (13-17h),Success,1344000,AGT-003,False
CALL-41233,CUST-78462,184,Morning (8-11h),Success,382000,AGT-002,False
CALL-64448,CUST-78462,25,Morning (8-11h),Not Interested,0,AGT-001,False
CALL-24792,CUST-78062,70,Afternoon (13-17h),Not Interested,0,AGT-014,False
CALL-55892,CUST-78062,156,Morning (8-11h),Success,1268000,AGT-010,False
CALL-18064,CUST-57245,44,Evening (17-20h),Success,708000,AGT-005,False
CALL-87811,CUST-57245,59,Morning (8-11h),Not Interested,0,AGT-013,False
CALL-26074,CUST-57245,220,Afternoon (13-17h),Success,679000,AGT-004,False
CALL-36794,CUST-57245,35,Afternoon (13-17h),Not Interested,0,AGT-019,False
CALL-72194,CUST-34184,256,Morning (8-11h),Success,1651000,AGT-001,False
CALL-56315,CUST-34184,187,Afternoon (13-17h),Success,350000,AGT-018,False
CALL-30994,CUST-34184,201,Evening (17-20h),No Answer,0,AGT-017,False
CALL-27038,CUST-34184,40,Evening (17-20h),Not Interested,0,AGT-017,False
CALL-39541,CUST-34184,263,Morning (8-11h),Success,700000,AGT-001,False
CALL-97660,CUST-34184,138,Morning (8-11h),Success,1623000,AGT-003,False
CALL-39096,CUST-34184,378,Noon (11-13h),Success,700000,AGT-011,False
CALL-51344,CUST-34184,190,Morning (8-11h),Success,849000,AGT-005,False
CALL-77705,CUST-62427,111,Morning (8-11h),Success,1481000,AGT-012,False
CALL-93104,CUST-62427,28,Noon (11-13h),No Answer,0,AGT-005,False
CALL-15040,CUST-51368,161,Morning (8-11h),Success,512000,AGT-001,False
CALL-41376,CUST-51368,239,Morning (8-11h),Success,1715000,AGT-002,False
CALL-62904,CUST-51368,217,Evening (17-20h),Success,1076000,AGT-016,False
CALL-55548,CUST-51368,46,Afternoon (13-17h),Call Back Later,0,AGT-003,True
CALL-24830,CUST-51368,367,Noon (11-13h),Call Back Later,0,AGT-004,True
CALL-32368,CUST-51368,72,Morning (8-11h),Success,1071000,AGT-012,False
CALL-75740,CUST-51368,252,Afternoon (13-17h),Success,714000,AGT-014,False
CALL-23697,CUST-51368,54,Afternoon (13-17h),Success,363000,AGT-002,False
CALL-61558,CUST-61483,53,Morning (8-11h),No Answer,0,AGT-001,False
CALL-65370,CUST-61483,57,Afternoon (13-17h),Not Interested,0,AGT-001,False
CALL-56266,CUST-61483,58,Afternoon (13-17h),Not Interested,0,AGT-015,False
CALL-69172,CUST-61483,33,Afternoon (13-17h),Not Interested,0,AGT-005,False
CALL-98871,CUST-61483,46,Noon (11-13h),No Answer,0,AGT-003,False
CALL-14953,CUST-45209,9,Afternoon (13-17h),No Answer,0,AGT-003,False
CALL-96314,CUST-64889,16,Morning (8-11h),No Answer,0,AGT-009,False
CALL-41772,CUST-64889,430,Morning (8-11h),Success,872000,AGT-002,False
CALL-60799,CUST-64889,151,Afternoon (13-17h),Success,2038000,AGT-008,False
CALL-45759,CUST-64889,116,Afternoon (13-17h),Call Back Later,0,AGT-004,True
CALL-34065,CUST-64889,149,Afternoon (13-17h),Call Back Later,0,AGT-003,True
CALL-43794,CUST-64889,80,Morning (8-11h),Success,738000,AGT-005,False
CALL-19968,CUST-78491,110,Afternoon (13-17h),Call Back Later,0,AGT-008,True
CALL-87858,CUST-78491,87,Afternoon (13-17h),Success,752000,AGT-005,False
CALL-88317,CUST-78491,174,Morning (8-11h),Success,899000,AGT-010,False
CALL-16572,CUST-78491,231,Morning (8-11h),Not Interested,0,AGT-003,False
CALL-11017,CUST-78491,61,Afternoon (13-17h),Success,882000,AGT-002,False
CALL-39407,CUST-67896,44,Afternoon (13-17h),Call Back Later,0,AGT-005,True
CALL-13113,CUST-67896,73,Evening (17-20h),Not Interested,0,AGT-003,False
CALL-58867,CUST-61639,63,Morning (8-11h),Call Back Later,0,AGT-016,True
CALL-72748,CUST-61639,176,Afternoon (13-17h),Success,2500000,AGT-007,False
CALL-54430,CUST-84963,117,Morning (8-11h),Success,1164000,AGT-004,False
CALL-75894,CUST-84963,50,Afternoon (13-17h),No Answer,0,AGT-014,False
CALL-13059,CUST-84963,15,Morning (8-11h),Not Interested,0,AGT-018,False
CALL-43940,CUST-84963,200,Afternoon (13-17h),Not Interested,0,AGT-004,False
CALL-10485,CUST-98304,61,Morning (8-11h),Not Interested,0,AGT-007,False
CALL-36137,CUST-98304,85,Noon (11-13h),Success,2315000,AGT-003,False
CALL-17787,CUST-98304,159,Afternoon (13-17h),Success,1074000,AGT-004,True
CALL-70554,CUST-98304,162,Afternoon (13-17h),Success,413000,AGT-005,False
CALL-50221,CUST-78715,223,Morning (8-11h),Success,599000,AGT-002,False
CALL-74147,CUST-78715,269,Afternoon (13-17h),Success,635000,AGT-012,False
CALL-95941,CUST-78715,57,Afternoon (13-17h),Not Interested,0,AGT-001,False
CALL-94417,CUST-78715,200,Afternoon (13-17h),Success,988000,AGT-013,False
CALL-25067,CUST-55927,242,Evening (17-20h),Call Back Later,0,AGT-001,True
CALL-11077,CUST-55927,235,Morning (8-11h),Success,868000,AGT-013,False
CALL-51403,CUST-55927,135,Afternoon (13-17h),Success,2500000,AGT-015,False
CALL-92947,CUST-55927,277,Noon (11-13h),Not Interested,0,AGT-002,False
CALL-12294,CUST-55927,493,Morning (8-11h),Success,714000,AGT-013,False
CALL-49260,CUST-55927,113,Afternoon (13-17h),Success,1725000,AGT-002,False
CALL-12784,CUST-95770,60,Afternoon (13-17h),Not Interested,0,AGT-004,False
CALL-36186,CUST-96437,141,Evening (17-20h),Success,1950000,AGT-006,False
CALL-14680,CUST-96437,80,Morning (8-11h),No Answer,0,AGT-020,False
CALL-22538,CUST-96437,72,Morning (8-11h),No Answer,0,AGT-003,False
CALL-18411,CUST-96437,385,Afternoon (13-17h),Success,2411000,AGT-001,False
CALL-59349,CUST-96437,90,Afternoon (13-17h),Not Interested,0,AGT-017,False
CALL-70634,CUST-80209,87,Afternoon (13-17h),No Answer,0,AGT-002,False
CALL-72958,CUST-80209,73,Noon (11-13h),Success,383000,AGT-012,False
CALL-81887,CUST-80209,155,Afternoon (13-17h),Success,1347000,AGT-019,False
CALL-37846,CUST-80209,187,Afternoon (13-17h),Not Interested,0,AGT-014,False
CALL-39135,CUST-36042,306,Afternoon (13-17h),No Answer,0,AGT-002,False
CALL-94049,CUST-36042,44,Afternoon (13-17h),No Answer,0,AGT-001,False
CALL-94113,CUST-36042,300,Evening (17-20h),Call Back Later,0,AGT-016,True
CALL-33256,CUST-36042,53,Morning (8-11h),No Answer,0,AGT-017,False
CALL-43170,CUST-36042,43,Afternoon (13-17h),Call Back Later,0,AGT-002,True
CALL-54006,CUST-36042,102,Afternoon (13-17h),Call Back Later,0,AGT-008,True
CALL-62096,CUST-36042,48,Morning (8-11h),Call Back Later,0,AGT-001,True
CALL-25400,CUST-44638,156,Evening (17-20h),Success,620000,AGT-006,False
CALL-79537,CUST-44638,71,Afternoon (13-17h),Success,525000,AGT-009,False
CALL-75948,CUST-44638,225,Morning (8-11h),Success,1308000,AGT-002,False
CALL-97150,CUST-44638,176,Evening (17-20h),Not Interested,0,AGT-001,False
CALL-69779,CUST-44638,189,Morning (8-11h),Not Interested,0,AGT-003,False
CALL-34174,CUST-44638,146,Morning (8-11h),Call Back Later,0,AGT-019,True
CALL-84511,CUST-44638,141,Morning (8-11h),Success,737000,AGT-001,False
CALL-44469,CUST-44638,65,Morning (8-11h),Call Back Later,0,AGT-002,True
CALL-69342,CUST-10146,73,Morning (8-11h),Not Interested,0,AGT-001,False
CALL-60463,CUST-90535,76,Evening (17-20h),No Answer,0,AGT-005,False
CALL-74269,CUST-84848,212,Evening (17-20h),Not Interested,0,AGT-018,False
CALL-57885,CUST-46158,155,Afternoon (13-17h),Success,984000,AGT-016,False
CALL-76098,CUST-46158,75,Noon (11-13h),No Answer,0,AGT-007,False
CALL-58400,CUST-46158,119,Afternoon (13-17h),Success,663000,AGT-001,True
CALL-73892,CUST-46158,293,Afternoon (13-17h),Success,1832000,AGT-001,False
CALL-22486,CUST-46158,5,Evening (17-20h),Not Interested,0,AGT-002,False
CALL-81607,CUST-46158,108,Morning (8-11h),No Answer,0,AGT-012,False
CALL-48620,CUST-46158,123,Morning (8-11h),Success,415000,AGT-004,False
CALL-48814,CUST-46158,71,Noon (11-13h),Call Back Later,0,AGT-007,True
CALL-54507,CUST-43410,28,Afternoon (13-17h),Success,762000,AGT-014,False
CALL-98749,CUST-43410,66,Afternoon (13-17h),Success,1074000,AGT-001,True
CALL-26715,CUST-43410,55,Noon (11-13h),Success,584000,AGT-003,False
CALL-43690,CUST-43410,125,Morning (8-11h),Call Back Later,0,AGT-005,True
CALL-30862,CUST-66588,59,Afternoon (13-17h),No Answer,0,AGT-015,False
CALL-34147,CUST-66588,120,Afternoon (13-17h),Not Interested,0,AGT-008,False
CALL-87531,CUST-66588,345,Morning (8-11h),No Answer,0,AGT-019,False
CALL-85374,CUST-66588,44,Afternoon (13-17h),No Answer,0,AGT-003,False
CALL-50645,CUST-66588,240,Afternoon (13-17h),No Answer,0,AGT-002,False
CALL-43950,CUST-67677,100,Afternoon (13-17h),Call Back Later,0,AGT-001,True
CALL-37904,CUST-67677,9,Morning (8-11h),Not Interested,0,AGT-003,False
CALL-65155,CUST-67677,227,Afternoon (13-17h),Success,602000,AGT-003,False
CALL-47885,CUST-67677,223,Afternoon (13-17h),Call Back Later,0,AGT-004,True
CALL-95516,CUST-67677,44,Evening (17-20h),No Answer,0,AGT-008,False
CALL-96972,CUST-67677,157,Morning (8-11h),Success,810000,AGT-001,False
CALL-26357,CUST-67677,97,Afternoon (13-17h),Success,1295000,AGT-018,False
CALL-14408,CUST-67677,135,Afternoon (13-17h),Success,1242000,AGT-001,False
CALL-17423,CUST-67677,64,Morning (8-11h),Not Interested,0,AGT-020,False
CALL-32729,CUST-23815,48,Afternoon (13-17h),Not Interested,0,AGT-002,False
CALL-40853,CUST-23815,39,Afternoon (13-17h),Call Back Later,0,AGT-001,True
CALL-89662,CUST-23815,272,Morning (8-11h),Call Back Later,0,AGT-010,True
CALL-16120,CUST-23815,45,Afternoon (13-17h),No Answer,0,AGT-001,False
CALL-51488,CUST-23815,155,Afternoon (13-17h),Success,1147000,AGT-006,False
CALL-52181,CUST-23815,46,Noon (11-13h),Not Interested,0,AGT-012,True
CALL-18896,CUST-23815,498,Morning (8-11h),Success,1619000,AGT-010,False
CALL-71913,CUST-23815,45,Evening (17-20h),Not Interested,0,AGT-014,False
CALL-46294,CUST-93598,43,Evening (17-20h),Not Interested,0,AGT-002,False
CALL-17892,CUST-93598,302,Evening (17-20h),Call Back Later,0,AGT-007,True
CALL-71020,CUST-93598,90,Afternoon (13-17h),No Answer,0,AGT-003,False
CALL-88537,CUST-93598,34,Morning (8-11h),No Answer,0,AGT-003,False
CALL-48573,CUST-93598,106,Afternoon (13-17h),Success,768000,AGT-013,False
CALL-47061,CUST-93598,52,Afternoon (13-17h),Not Interested,0,AGT-003,False
CALL-95338,CUST-93598,558,Evening (17-20h),Success,1515000,AGT-001,False
CALL-19991,CUST-66239,17,Afternoon (13-17h),No Answer,0,AGT-019,False
CALL-91265,CUST-66239,183,Noon (11-13h),Success,873000,AGT-003,False
CALL-58422,CUST-66239,310,Afternoon (13-17h),Success,832000,AGT-016,False
CALL-31890,CUST-66239,201,Afternoon (13-17h),Success,2500000,AGT-004,False
CALL-42302,CUST-24228,62,Afternoon (13-17h),No Answer,0,AGT-004,False
CALL-10225,CUST-24228,248,Evening (17-20h),Success,1037000,AGT-015,False
CALL-78542,CUST-24228,127,Morning (8-11h),Success,609000,AGT-013,False
CALL-71922,CUST-24228,177,Morning (8-11h),Success,934000,AGT-001,False
CALL-68359,CUST-24228,206,Afternoon (13-17h),Success,840000,AGT-002,False
CALL-26027,CUST-15919,42,Afternoon (13-17h),Call Back Later,0,AGT-003,True
CALL-36795,CUST-15919,169,Morning (8-11h),Call Back Later,0,AGT-009,True
CALL-75020,CUST-15919,196,Morning (8-11h),Call Back Later,0,AGT-006,True
CALL-15556,CUST-15919,108,Morning (8-11h),Success,1359000,AGT-006,False
CALL-52225,CUST-94407,61,Noon (11-13h),No Answer,0,AGT-008,False
CALL-64402,CUST-94407,101,Morning (8-11h),Call Back Later,0,AGT-001,True
CALL-94821,CUST-94407,378,Evening (17-20h),No Answer,0,AGT-007,False
CALL-96044,CUST-94407,155,Afternoon (13-17h),Success,828000,AGT-004,False
CALL-37631,CUST-94407,116,Afternoon (13-17h),Success,878000,AGT-019,False
CALL-57787,CUST-94407,44,Noon (11-13h),No Answer,0,AGT-008,False
CALL-90736,CUST-94407,244,Evening (17-20h),Success,905000,AGT-002,False
CALL-26085,CUST-94407,168,Noon (11-13h),No Answer,0,AGT-018,False
CALL-44552,CUST-94407,79,Noon (11-13h),Not Interested,0,AGT-001,False
CALL-78286,CUST-94407,67,Afternoon (13-17h),Call Back Later,0,AGT-006,True
CALL-82187,CUST-92636,37,Afternoon (13-17h),No Answer,0,AGT-010,False
CALL-33841,CUST-92636,173,Noon (11-13h),Success,2367000,AGT-007,True
CALL-92696,CUST-92636,16,Morning (8-11h),Not Interested,0,AGT-015,False
CALL-30578,CUST-92636,178,Morning (8-11h),Success,1052000,AGT-003,False
CALL-58797,CUST-80255,17,Morning (8-11h),Not Interested,0,AGT-013,False
CALL-42562,CUST-80255,95,Morning (8-11h),No Answer,0,AGT-003,False
CALL-46179,CUST-80255,250,Afternoon (13-17h),Success,868000,AGT-011,False
CALL-47312,CUST-24859,12,Noon (11-13h),No Answer,0,AGT-005,False
CALL-18871,CUST-24859,292,Afternoon (13-17h),Success,662000,AGT-001,True
CALL-49781,CUST-24859,65,Afternoon (13-17h),Not Interested,0,AGT-008,False
CALL-88765,CUST-24859,100,Morning (8-11h),Success,1506000,AGT-006,False
CALL-18528,CUST-24859,65,Noon (11-13h),Not Interested,0,AGT-002,False
CALL-75174,CUST-24859,73,Afternoon (13-17h),No Answer,0,AGT-008,False
CALL-57319,CUST-24859,49,Afternoon (13-17h),Not Interested,0,AGT-010,False
CALL-16672,CUST-24859,233,Noon (11-13h),Success,1607000,AGT-001,False
CALL-17262,CUST-30524,191,Noon (11-13h),Not Interested,0,AGT-010,False
CALL-82271,CUST-30524,44,Afternoon (13-17h),No Answer,0,AGT-015,False
CALL-60731,CUST-30524,157,Afternoon (13-17h),Success,1625000,AGT-016,True
CALL-25374,CUST-33172,132,Afternoon (13-17h),Success,1861000,AGT-001,False
CALL-52041,CUST-33172,82,Afternoon (13-17h),Success,1624000,AGT-019,False
CALL-50362,CUST-33172,165,Noon (11-13h),Success,777000,AGT-002,False
CALL-22315,CUST-33172,97,Afternoon (13-17h),Call Back Later,0,AGT-010,True
CALL-45376,CUST-35421,212,Evening (17-20h),Success,2500000,AGT-004,False
CALL-54518,CUST-18828,51,Morning (8-11h),Not Interested,0,AGT-015,False
CALL-53975,CUST-26112,196,Evening (17-20h),Success,2500000,AGT-003,False
CALL-30386,CUST-26112,16,Morning (8-11h),Not Interested,0,AGT-017,False
CALL-21748,CUST-26112,123,Morning (8-11h),Not Interested,0,AGT-005,False
CALL-98823,CUST-26112,111,Afternoon (13-17h),Not Interested,0,AGT-005,False
CALL-61123,CUST-26112,53,Noon (11-13h),No Answer,0,AGT-006,False
CALL-10385,CUST-26112,168,Evening (17-20h),Success,2500000,AGT-003,False
CALL-44550,CUST-26112,180,Noon (11-13h),Success,628000,AGT-015,False
CALL-57712,CUST-26112,64,Afternoon (13-17h),Not Interested,0,AGT-001,False
CALL-83618,CUST-93870,82,Morning (8-11h),Success,1192000,AGT-006,False
CALL-71357,CUST-93870,146,Noon (11-13h),Success,553000,AGT-005,False
CALL-88211,CUST-93870,21,Afternoon (13-17h),Call Back Later,0,AGT-004,True
CALL-10439,CUST-93870,67,Morning (8-11h),Not Interested,0,AGT-006,False
CALL-57940,CUST-93870,72,Afternoon (13-17h),Success,1727000,AGT-003,False
CALL-11456,CUST-93870,87,Evening (17-20h),Success,802000,AGT-003,False
CALL-92244,CUST-91027,203,Morning (8-11h),Success,2044000,AGT-016,False
CALL-65346,CUST-91027,193,Afternoon (13-17h),Success,1109000,AGT-007,False
CALL-48718,CUST-91027,49,Afternoon (13-17h),Not Interested,0,AGT-009,False
CALL-61022,CUST-91027,119,Afternoon (13-17h),Call Back Later,0,AGT-002,True
CALL-77789,CUST-91027,140,Morning (8-11h),Success,2473000,AGT-012,False
CALL-95850,CUST-91027,161,Afternoon (13-17h),No Answer,0,AGT-017,False
CALL-41743,CUST-91027,35,Afternoon (13-17h),No Answer,0,AGT-002,False
CALL-54788,CUST-69446,8,Afternoon (13-17h),Not Interested,0,AGT-001,False
CALL-44205,CUST-69446,415,Afternoon (13-17h),No Answer,0,AGT-001,False
CALL-24861,CUST-69446,58,Afternoon (13-17h),No Answer,0,AGT-006,False
CALL-69835,CUST-69446,104,Afternoon (13-17h),Not Interested,0,AGT-002,False
CALL-55485,CUST-60600,143,Morning (8-11h),Success,1512000,AGT-003,False
CALL-40709,CUST-60600,101,Afternoon (13-17h),Not Interested,0,AGT-014,False
CALL-58377,CUST-60600,107,Afternoon (13-17h),Success,1328000,AGT-001,False
CALL-45454,CUST-14478,138,Morning (8-11h),Success,666000,AGT-002,False
CALL-37542,CUST-14478,54,Noon (11-13h),Not Interested,0,AGT-010,False
CALL-31947,CUST-14478,55,Morning (8-11h),No Answer,0,AGT-001,False
CALL-45555,CUST-14478,58,Noon (11-13h),No Answer,0,AGT-001,False
CALL-13468,CUST-14478,153,Afternoon (13-17h),Success,846000,AGT-006,False
CALL-77265,CUST-14478,182,Afternoon (13-17h),Success,350000,AGT-002,False
CALL-31358,CUST-14478,48,Afternoon (13-17h),Not Interested,0,AGT-002,False
CALL-36279,CUST-14478,53,Morning (8-11h),No Answer,0,AGT-009,False
CALL-54371,CUST-14478,167,Afternoon (13-17h),Success,2034000,AGT-012,False
CALL-23409,CUST-16332,203,Afternoon (13-17h),Success,404000,AGT-017,False
CALL-71862,CUST-16332,222,Morning (8-11h),Success,1854000,AGT-002,False
CALL-72660,CUST-16332,60,Afternoon (13-17h),No Answer,0,AGT-001,False
CALL-22916,CUST-16332,156,Afternoon (13-17h),Success,705000,AGT-001,False
CALL-60702,CUST-40139,344,Afternoon (13-17h),Success,1478000,AGT-004,False
CALL-79023,CUST-40139,73,Afternoon (13-17h),No Answer,0,AGT-002,False
CALL-16393,CUST-40139,191,Morning (8-11h),No Answer,0,AGT-006,False
CALL-54198,CUST-40139,124,Morning (8-11h),Success,1659000,AGT-010,False
CALL-39421,CUST-40139,464,Afternoon (13-17h),Success,1946000,AGT-019,False
CALL-96027,CUST-40139,9,Afternoon (13-17h),No Answer,0,AGT-005,False
CALL-75223,CUST-40139,137,Afternoon (13-17h),Success,1102000,AGT-004,False
CALL-81365,CUST-40139,286,Morning (8-11h),Not Interested,0,AGT-001,False
CALL-94389,CUST-40139,45,Evening (17-20h),No Answer,0,AGT-015,False
CALL-11835,CUST-40139,195,Afternoon (13-17h),Call Back Later,0,AGT-001,True
CALL-62594,CUST-47030,75,Afternoon (13-17h),Call Back Later,0,AGT-001,True
CALL-26191,CUST-47030,17,Morning (8-11h),No Answer,0,AGT-002,False
CALL-64600,CUST-47030,73,Afternoon (13-17h),Success,995000,AGT-011,False
CALL-83824,CUST-47030,49,Afternoon (13-17h),No Answer,0,AGT-010,False
CALL-16372,CUST-47030,240,Evening (17-20h),Success,791000,AGT-001,False
CALL-16718,CUST-47030,469,Noon (11-13h),Success,350000,AGT-001,False
CALL-34195,CUST-47030,78,Afternoon (13-17h),Success,1815000,AGT-014,False
CALL-92919,CUST-47030,74,Noon (11-13h),Success,416000,AGT-009,False
CALL-33500,CUST-47030,12,Noon (11-13h),No Answer,0,AGT-005,False
CALL-17889,CUST-47030,224,Evening (17-20h),Call Back Later,0,AGT-002,True
CALL-30347,CUST-37039,321,Morning (8-11h),Success,773000,AGT-002,False
CALL-73683,CUST-37039,170,Morning (8-11h),No Answer,0,AGT-001,False
CALL-12154,CUST-37039,71,Afternoon (13-17h),Not Interested,0,AGT-014,False
CALL-72221,CUST-37039,143,Afternoon (13-17h),Success,434000,AGT-010,False
CALL-62203,CUST-37039,218,Morning (8-11h),Call Back Later,0,AGT-001,True
CALL-16463,CUST-13734,101,Afternoon (13-17h),Success,1049000,AGT-007,False
CALL-51907,CUST-13734,182,Evening (17-20h),Success,878000,AGT-001,False
CALL-17454,CUST-42739,82,Afternoon (13-17h),Success,1436000,AGT-002,False
CALL-74301,CUST-41891,30,Evening (17-20h),Not Interested,0,AGT-016,False
CALL-80845,CUST-41891,211,Morning (8-11h),Success,623000,AGT-009,False
CALL-72853,CUST-47319,128,Afternoon (13-17h),Success,568000,AGT-001,False
CALL-33288,CUST-35655,144,Evening (17-20h),Success,1219000,AGT-003,False
CALL-98633,CUST-35655,233,Afternoon (13-17h),Success,468000,AGT-012,False
CALL-84368,CUST-35655,50,Afternoon (13-17h),Call Back Later,0,AGT-005,True
CALL-25996,CUST-35655,74,Afternoon (13-17h),No Answer,0,AGT-001,False
CALL-43541,CUST-35655,317,Morning (8-11h),Not Interested,0,AGT-003,False
CALL-15713,CUST-35655,138,Evening (17-20h),Success,1328000,AGT-017,False
CALL-41510,CUST-35655,218,Noon (11-13h),Call Back Later,0,AGT-001,True
CALL-51297,CUST-35655,117,Morning (8-11h),Call Back Later,0,AGT-003,True
CALL-11383,CUST-35655,179,Morning (8-11h),Call Back Later,0,AGT-002,True
CALL-29923,CUST-40002,184,Afternoon (13-17h),Success,598000,AGT-012,False
CALL-98594,CUST-40002,64,Afternoon (13-17h),Call Back Later,0,AGT-011,True
CALL-37598,CUST-40002,493,Afternoon (13-17h),Success,887000,AGT-005,False
CALL-85031,CUST-40002,142,Morning (8-11h),Success,501000,AGT-001,True
CALL-38793,CUST-91437,22,Afternoon (13-17h),Success,822000,AGT-008,False
CALL-67809,CUST-91437,29,Afternoon (13-17h),No Answer,0,AGT-005,False
CALL-92542,CUST-91437,78,Morning (8-11h),Success,1035000,AGT-005,False
CALL-49909,CUST-91437,16,Noon (11-13h),Not Interested,0,AGT-003,False
CALL-19615,CUST-91437,285,Noon (11-13h),Call Back Later,0,AGT-001,True
CALL-55374,CUST-91437,66,Afternoon (13-17h),Call Back Later,0,AGT-001,True
CALL-36254,CUST-91437,38,Noon (11-13h),Call Back Later,0,AGT-005,True
CALL-16166,CUST-91437,150,Afternoon (13-17h),Not Interested,0,AGT-001,False
CALL-34638,CUST-91437,181,Evening (17-20h),Success,504000,AGT-008,False
CALL-88132,CUST-38039,83,Noon (11-13h),Call Back Later,0,AGT-001,True
CALL-24007,CUST-81652,183,Evening (17-20h),Success,746000,AGT-015,False
CALL-32265,CUST-55575,216,Noon (11-13h),Success,2010000,AGT-002,False
CALL-32346,CUST-55575,81,Noon (11-13h),Success,350000,AGT-001,False
CALL-44070,CUST-55575,33,Morning (8-11h),Not Interested,0,AGT-007,False
CALL-29766,CUST-55575,72,Afternoon (13-17h),Call Back Later,0,AGT-009,True
CALL-28637,CUST-56812,95,Afternoon (13-17h),Success,1383000,AGT-001,False
CALL-35416,CUST-56812,119,Morning (8-11h),Success,2500000,AGT-002,False
CALL-91846,CUST-56812,220,Evening (17-20h),No Answer,0,AGT-002,False
CALL-75787,CUST-56812,98,Noon (11-13h),Not Interested,0,AGT-007,False
CALL-15274,CUST-56812,56,Afternoon (13-17h),Call Back Later,0,AGT-002,True
CALL-80221,CUST-41757,70,Evening (17-20h),Success,813000,AGT-001,False
CALL-13833,CUST-41757,135,Afternoon (13-17h),Success,1319000,AGT-019,False
CALL-91151,CUST-41757,145,Evening (17-20h),Not Interested,0,AGT-003,False
CALL-32732,CUST-41757,359,Afternoon (13-17h),Success,1278000,AGT-001,False
CALL-31412,CUST-94603,94,Noon (11-13h),Call Back Later,0,AGT-007,True
CALL-63355,CUST-35021,56,Noon (11-13h),No Answer,0,AGT-002,False
CALL-44383,CUST-35021,10,Afternoon (13-17h),No Answer,0,AGT-002,False
CALL-13534,CUST-35021,18,Evening (17-20h),No Answer,0,AGT-005,False
CALL-26039,CUST-35021,166,Evening (17-20h),Success,1351000,AGT-001,False
CALL-20021,CUST-35021,67,Morning (8-11h),Call Back Later,0,AGT-004,True
CALL-39476,CUST-35021,265,Afternoon (13-17h),Success,865000,AGT-010,False
CALL-69130,CUST-35021,14,Evening (17-20h),Not Interested,0,AGT-008,False
CALL-12998,CUST-35021,76,Morning (8-11h),Call Back Later,0,AGT-013,True
CALL-18509,CUST-63452,212,Afternoon (13-17h),Call Back Later,0,AGT-001,True
CALL-24008,CUST-20474,289,Afternoon (13-17h),Not Interested,0,AGT-004,False
CALL-81147,CUST-69568,177,Afternoon (13-17h),Success,750000,AGT-010,False
CALL-95146,CUST-69568,229,Morning (8-11h),Success,1123000,AGT-003,False
CALL-66251,CUST-69568,54,Morning (8-11h),Call Back Later,0,AGT-002,True
CALL-74813,CUST-69568,88,Afternoon (13-17h),Success,1622000,AGT-001,False
CALL-65184,CUST-69568,302,Evening (17-20h),Success,718000,AGT-001,False
CALL-97343,CUST-69568,50,Morning (8-11h),Success,814000,AGT-001,False
CALL-79857,CUST-69568,115,Afternoon (13-17h),Success,883000,AGT-016,False
CALL-50087,CUST-70211,191,Morning (8-11h),No Answer,0,AGT-006,False
CALL-75972,CUST-70211,275,Afternoon (13-17h),Call Back Later,0,AGT-002,True
CALL-42639,CUST-70211,104,Afternoon (13-17h),Call Back Later,0,AGT-009,True
CALL-21880,CUST-72153,85,Afternoon (13-17h),Not Interested,0,AGT-005,True
CALL-35062,CUST-72153,156,Afternoon (13-17h),Success,677000,AGT-009,False
CALL-60334,CUST-72153,376,Afternoon (13-17h),Not Interested,0,AGT-002,False
CALL-43878,CUST-21064,155,Afternoon (13-17h),Success,1206000,AGT-007,False
CALL-11117,CUST-21064,161,Afternoon (13-17h),Success,1928000,AGT-017,False
CALL-87043,CUST-21064,104,Afternoon (13-17h),Call Back Later,0,AGT-010,True
CALL-83121,CUST-21064,53,Morning (8-11h),Success,547000,AGT-002,False
CALL-19479,CUST-21064,87,Noon (11-13h),Success,2500000,AGT-012,False
CALL-90083,CUST-21064,103,Afternoon (13-17h),No Answer,0,AGT-001,False
CALL-45188,CUST-21064,86,Afternoon (13-17h),No Answer,0,AGT-002,False
CALL-37763,CUST-21064,112,Morning (8-11h),Success,640000,AGT-002,False
CALL-45146,CUST-21064,165,Noon (11-13h),Success,2295000,AGT-018,False
CALL-34313,CUST-21064,68,Noon (11-13h),No Answer,0,AGT-002,False
CALL-66063,CUST-46714,222,Evening (17-20h),Call Back Later,0,AGT-007,True
CALL-53515,CUST-46714,156,Noon (11-13h),Success,1307000,AGT-008,False
CALL-75074,CUST-46714,121,Morning (8-11h),Success,997000,AGT-001,False
CALL-37538,CUST-46714,97,Evening (17-20h),Call Back Later,0,AGT-003,True
CALL-75336,CUST-46637,50,Noon (11-13h),Success,718000,AGT-002,False
CALL-45411,CUST-47368,167,Evening (17-20h),Success,889000,AGT-005,False
CALL-14432,CUST-47368,497,Morning (8-11h),Success,470000,AGT-001,False
CALL-20297,CUST-55381,282,Evening (17-20h),Success,812000,AGT-001,True
CALL-29069,CUST-55381,184,Evening (17-20h),No Answer,0,AGT-001,False
CALL-13610,CUST-55381,308,Morning (8-11h),Success,2418000,AGT-002,False
CALL-51913,CUST-55381,73,Morning (8-11h),No Answer,0,AGT-001,False
CALL-37240,CUST-75469,60,Noon (11-13h),Call Back Later,0,AGT-001,True
CALL-48414,CUST-75469,113,Morning (8-11h),Call Back Later,0,AGT-006,True
CALL-99944,CUST-91539,118,Afternoon (13-17h),Not Interested,0,AGT-002,False
CALL-70827,CUST-91539,262,Morning (8-11h),Call Back Later,0,AGT-001,True
CALL-76184,CUST-91539,217,Morning (8-11h),Success,1030000,AGT-011,False
CALL-65025,CUST-91539,13,Afternoon (13-17h),Not Interested,0,AGT-001,False
CALL-87586,CUST-91539,221,Afternoon (13-17h),Success,1599000,AGT-014,False
CALL-52036,CUST-91539,98,Morning (8-11h),Success,1252000,AGT-002,False
CALL-25834,CUST-91539,149,Morning (8-11h),Success,1261000,AGT-020,False
CALL-55023,CUST-91539,107,Afternoon (13-17h),Success,504000,AGT-004,False
CALL-58699,CUST-91539,67,Morning (8-11h),Not Interested,0,AGT-007,False
CALL-49288,CUST-91539,148,Afternoon (13-17h),Success,411000,AGT-002,False
CALL-36394,CUST-20331,63,Afternoon (13-17h),No Answer,0,AGT-001,False
CALL-71168,CUST-20331,100,Afternoon (13-17h),Success,2186000,AGT-013,False
CALL-48380,CUST-20331,54,Afternoon (13-17h),No Answer,0,AGT-002,False
CALL-36280,CUST-73383,38,Morning (8-11h),No Answer,0,AGT-006,False
CALL-19180,CUST-73383,480,Morning (8-11h),Success,875000,AGT-011,False
CALL-61004,CUST-73383,77,Morning (8-11h),Not Interested,0,AGT-001,False
CALL-79196,CUST-73383,100,Evening (17-20h),Success,976000,AGT-001,True
CALL-48837,CUST-73383,279,Morning (8-11h),Success,935000,AGT-003,False
CALL-42509,CUST-76376,128,Noon (11-13h),Not Interested,0,AGT-004,False
CALL-81820,CUST-76376,51,Morning (8-11h),No Answer,0,AGT-017,False
CALL-28377,CUST-76376,52,Afternoon (13-17h),Call Back Later,0,AGT-003,True
CALL-96359,CUST-76376,48,Morning (8-11h),No Answer,0,AGT-012,False
CALL-66505,CUST-76376,374,Afternoon (13-17h),Success,638000,AGT-002,False
CALL-36674,CUST-76376,11,Morning (8-11h),No Answer,0,AGT-005,False
CALL-54074,CUST-76376,42,Afternoon (13-17h),Success,632000,AGT-003,False
CALL-58972,CUST-87545,79,Evening (17-20h),Success,350000,AGT-015,False
CALL-57500,CUST-59405,78,Noon (11-13h),Call Back Later,0,AGT-003,True
CALL-87195,CUST-59405,71,Morning (8-11h),No Answer,0,AGT-006,False
CALL-91556,CUST-59405,170,Noon (11-13h),Success,885000,AGT-014,False
CALL-80177,CUST-59405,139,Morning (8-11h),Success,682000,AGT-016,False
CALL-92652,CUST-59405,60,Evening (17-20h),Not Interested,0,AGT-008,False
CALL-76677,CUST-53570,74,Evening (17-20h),Success,625000,AGT-003,False
CALL-75791,CUST-53570,578,Morning (8-11h),No Answer,0,AGT-018,False
CALL-83837,CUST-53570,143,Afternoon (13-17h),Success,2500000,AGT-016,False
CALL-61509,CUST-53570,5,Afternoon (13-17h),No Answer,0,AGT-003,False
CALL-55648,CUST-53570,52,Afternoon (13-17h),Call Back Later,0,AGT-006,True
CALL-93083,CUST-53570,72,Morning (8-11h),Success,426000,AGT-002,False
CALL-83642,CUST-53570,471,Afternoon (13-17h),Success,569000,AGT-003,False
CALL-28003,CUST-53570,76,Noon (11-13h),Success,449000,AGT-007,False
CALL-89679,CUST-53570,81,Afternoon (13-17h),Not Interested,0,AGT-004,False
CALL-91932,CUST-53570,19,Noon (11-13h),Not Interested,0,AGT-002,False
CALL-87789,CUST-53570,117,Evening (17-20h),Not Interested,0,AGT-005,False
CALL-81567,CUST-96007,203,Morning (8-11h),Not Interested,0,AGT-002,False
CALL-85153,CUST-96007,111,Morning (8-11h),Success,1070000,AGT-009,False
CALL-16504,CUST-96007,75,Morning (8-11h),Call Back Later,0,AGT-011,True
CALL-80138,CUST-96007,96,Morning (8-11h),Success,675000,AGT-004,False
CALL-24922,CUST-96007,196,Noon (11-13h),Success,1114000,AGT-003,False
CALL-83316,CUST-96007,89,Afternoon (13-17h),Success,543000,AGT-008,False
CALL-34300,CUST-96007,90,Morning (8-11h),Success,1419000,AGT-003,False
CALL-31154,CUST-96007,156,Morning (8-11h),Success,1088000,AGT-020,False
CALL-97439,CUST-96007,64,Afternoon (13-17h),Call Back Later,0,AGT-013,True
CALL-45249,CUST-96007,48,Afternoon (13-17h),No Answer,0,AGT-005,False
CALL-62689,CUST-96007,20,Afternoon (13-17h),Call Back Later,0,AGT-004,True
CALL-34005,CUST-96007,101,Afternoon (13-17h),No Answer,0,AGT-005,False
CALL-92198,CUST-96007,62,Afternoon (13-17h),No Answer,0,AGT-005,False
CALL-70032,CUST-96007,221,Morning (8-11h),Not Interested,0,AGT-001,False
CALL-36708,CUST-96007,90,Morning (8-11h),Success,509000,AGT-003,False
CALL-96051,CUST-87201,202,Evening (17-20h),Success,1500000,AGT-002,False
CALL-74012,CUST-87201,175,Afternoon (13-17h),Success,919000,AGT-003,False
CALL-87149,CUST-87201,17,Evening (17-20h),No Answer,0,AGT-002,False
CALL-25089,CUST-11566,35,Evening (17-20h),Not Interested,0,AGT-016,False
CALL-76038,CUST-76831,396,Morning (8-11h),Success,1018000,AGT-001,False
CALL-53465,CUST-76831,65,Afternoon (13-17h),Success,413000,AGT-014,False
CALL-13760,CUST-76831,147,Afternoon (13-17h),Success,569000,AGT-005,False
CALL-31497,CUST-76831,100,Afternoon (13-17h),Success,357000,AGT-010,False
CALL-50993,CUST-76831,18,Morning (8-11h),No Answer,0,AGT-014,False
CALL-47148,CUST-76831,52,Afternoon (13-17h),Call Back Later,0,AGT-002,True
CALL-56591,CUST-76831,42,Afternoon (13-17h),No Answer,0,AGT-001,False
CALL-88242,CUST-76831,190,Afternoon (13-17h),Success,697000,AGT-016,True
CALL-64096,CUST-76831,51,Afternoon (13-17h),Call Back Later,0,AGT-002,True
CALL-38245,CUST-76831,160,Morning (8-11h),Success,810000,AGT-002,False
CALL-87386,CUST-76831,30,Noon (11-13h),Not Interested,0,AGT-004,False
CALL-26775,CUST-73294,5,Morning (8-11h),No Answer,0,AGT-001,False
CALL-76619,CUST-73294,119,Afternoon (13-17h),Not Interested,0,AGT-003,False
CALL-27567,CUST-73294,153,Morning (8-11h),No Answer,0,AGT-005,False
CALL-86971,CUST-73294,79,Morning (8-11h),Call Back Later,0,AGT-014,True
CALL-68136,CUST-73294,115,Afternoon (13-17h),Not Interested,0,AGT-001,False
CALL-15476,CUST-73294,24,Morning (8-11h),Call Back Later,0,AGT-016,True
CALL-97164,CUST-73294,84,Noon (11-13h),Success,1453000,AGT-004,False
CALL-72061,CUST-73294,221,Afternoon (13-17h),Success,1520000,AGT-013,False
CALL-39972,CUST-73294,405,Afternoon (13-17h),Success,598000,AGT-015,False
CALL-77262,CUST-62124,103,Afternoon (13-17h),Success,1391000,AGT-005,False
CALL-53518,CUST-62124,142,Afternoon (13-17h),Call Back Later,0,AGT-015,True
CALL-93696,CUST-62124,227,Afternoon (13-17h),Success,576000,AGT-001,False
CALL-20698,CUST-62124,123,Afternoon (13-17h),Success,1318000,AGT-015,False
CALL-98586,CUST-62124,149,Afternoon (13-17h),Call Back Later,0,AGT-014,True
CALL-74476,CUST-62124,319,Noon (11-13h),Success,1638000,AGT-006,False
CALL-49631,CUST-16411,144,Morning (8-11h),Success,1600000,AGT-007,False
CALL-14851,CUST-17305,81,Afternoon (13-17h),Call Back Later,0,AGT-010,True
CALL-88465,CUST-17305,315,Afternoon (13-17h),Success,1061000,AGT-020,True
CALL-96494,CUST-17305,133,Afternoon (13-17h),Success,795000,AGT-003,False
CALL-86838,CUST-17305,33,Afternoon (13-17h),No Answer,0,AGT-004,False
CALL-24711,CUST-13219,89,Afternoon (13-17h),Call Back Later,0,AGT-002,True
CALL-22880,CUST-13219,439,Evening (17-20h),Success,1709000,AGT-001,False
CALL-68347,CUST-13219,239,Morning (8-11h),Success,957000,AGT-002,False
CALL-59267,CUST-84721,67,Morning (8-11h),Success,434000,AGT-008,False
CALL-86531,CUST-84721,262,Morning (8-11h),Success,773000,AGT-001,False
CALL-78639,CUST-84721,88,Evening (17-20h),Success,1043000,AGT-009,False
CALL-11609,CUST-84721,53,Morning (8-11h),Not Interested,0,AGT-018,False
CALL-45962,CUST-54514,225,Afternoon (13-17h),Success,1146000,AGT-002,False
CALL-71830,CUST-54514,35,Morning (8-11h),Call Back Later,0,AGT-002,True
CALL-47315,CUST-54514,54,Evening (17-20h),No Answer,0,AGT-016,False
CALL-29237,CUST-54514,121,Morning (8-11h),Success,624000,AGT-018,False
CALL-75663,CUST-54514,138,Morning (8-11h),Success,1566000,AGT-010,False
CALL-57084,CUST-54514,200,Evening (17-20h),Not Interested,0,AGT-002,False
CALL-91795,CUST-54514,43,Evening (17-20h),Success,512000,AGT-005,False
CALL-82423,CUST-51552,123,Afternoon (13-17h),Success,934000,AGT-013,False
CALL-23001,CUST-51552,8,Afternoon (13-17h),Not Interested,0,AGT-006,False
CALL-90784,CUST-51552,11,Morning (8-11h),Not Interested,0,AGT-002,False
CALL-58805,CUST-51552,57,Evening (17-20h),No Answer,0,AGT-001,True
CALL-17293,CUST-51552,200,Afternoon (13-17h),Call Back Later,0,AGT-003,True
CALL-70111,CUST-51552,164,Evening (17-20h),Success,600000,AGT-012,False
CALL-43149,CUST-51552,88,Afternoon (13-17h),Success,1740000,AGT-001,False
CALL-89642,CUST-51552,16,Afternoon (13-17h),Not Interested,0,AGT-003,False
CALL-92449,CUST-87669,137,Noon (11-13h),Success,1235000,AGT-012,False
CALL-21447,CUST-87669,600,Evening (17-20h),Success,909000,AGT-009,False
CALL-71880,CUST-87669,108,Noon (11-13h),Success,1042000,AGT-001,False
CALL-56854,CUST-87669,35,Evening (17-20h),No Answer,0,AGT-008,False
CALL-92743,CUST-26425,101,Morning (8-11h),Not Interested,0,AGT-001,False
CALL-72631,CUST-26425,20,Afternoon (13-17h),Call Back Later,0,AGT-013,True
CALL-48275,CUST-26425,66,Afternoon (13-17h),Success,2345000,AGT-001,False
CALL-48592,CUST-26425,188,Morning (8-11h),No Answer,0,AGT-001,False
CALL-11779,CUST-26425,299,Morning (8-11h),Success,1503000,AGT-004,False
CALL-93061,CUST-26425,83,Afternoon (13-17h),Success,1476000,AGT-001,False
CALL-56493,CUST-26425,29,Noon (11-13h),Not Interested,0,AGT-010,False
CALL-29349,CUST-56177,197,Afternoon (13-17h),Success,1240000,AGT-010,False
CALL-26832,CUST-56177,131,Afternoon (13-17h),Success,965000,AGT-001,False
CALL-53937,CUST-56177,99,Morning (8-11h),Success,1278000,AGT-004,False
CALL-42279,CUST-56177,116,Morning (8-11h),Call Back Later,0,AGT-002,True
CALL-42519,CUST-75289,86,Noon (11-13h),Success,1436000,AGT-007,False
CALL-71185,CUST-75289,108,Morning (8-11h),Call Back Later,0,AGT-001,True
CALL-32686,CUST-75289,125,Morning (8-11h),Success,752000,AGT-015,True
CALL-88711,CUST-90894,135,Morning (8-11h),Success,840000,AGT-007,False
CALL-87796,CUST-90894,114,Afternoon (13-17h),No Answer,0,AGT-020,False
CALL-13838,CUST-90894,48,Morning (8-11h),Not Interested,0,AGT-001,False
CALL-92567,CUST-90894,389,Evening (17-20h),Success,511000,AGT-001,False
CALL-45882,CUST-90894,103,Morning (8-11h),Success,790000,AGT-001,False
CALL-92721,CUST-42194,15,Afternoon (13-17h),Not Interested,0,AGT-019,False
CALL-64098,CUST-42194,90,Morning (8-11h),Success,1300000,AGT-008,False
CALL-67260,CUST-42194,95,Afternoon (13-17h),Not Interested,0,AGT-001,False
CALL-98305,CUST-42194,54,Afternoon (13-17h),Not Interested,0,AGT-015,False
CALL-91230,CUST-42194,38,Morning (8-11h),Not Interested,0,AGT-006,False
CALL-12743,CUST-42194,124,Morning (8-11h),Success,676000,AGT-001,False
CALL-82160,CUST-42194,123,Evening (17-20h),Success,394000,AGT-003,False
CALL-35971,CUST-42194,33,Morning (8-11h),No Answer,0,AGT-010,False
CALL-57741,CUST-15025,126,Morning (8-11h),Success,1033000,AGT-006,False
CALL-71730,CUST-15025,152,Afternoon (13-17h),No Answer,0,AGT-001,False
CALL-26703,CUST-15025,30,Morning (8-11h),Not Interested,0,AGT-001,False
CALL-52683,CUST-15025,87,Afternoon (13-17h),Not Interested,0,AGT-002,False
CALL-83040,CUST-15025,386,Afternoon (13-17h),Call Back Later,0,AGT-008,True
CALL-60680,CUST-15025,178,Noon (11-13h),Not Interested,0,AGT-002,False
CALL-36401,CUST-15025,179,Morning (8-11h),Success,930000,AGT-002,False
CALL-85243,CUST-15025,181,Morning (8-11h),Not Interested,0,AGT-012,True
CALL-58640,CUST-57224,255,Morning (8-11h),Success,922000,AGT-019,False
CALL-46268,CUST-57224,56,Afternoon (13-17h),Success,1722000,AGT-001,False
CALL-28751,CUST-57224,18,Afternoon (13-17h),No Answer,0,AGT-012,False
CALL-44870,CUST-74541,85,Evening (17-20h),Call Back Later,0,AGT-005,True
CALL-45239,CUST-74541,69,Morning (8-11h),Call Back Later,0,AGT-004,True
CALL-80575,CUST-74541,75,Afternoon (13-17h),Not Interested,0,AGT-002,False
CALL-24564,CUST-74541,189,Morning (8-11h),Success,554000,AGT-020,False
CALL-70476,CUST-43472,57,Afternoon (13-17h),Success,742000,AGT-002,False
CALL-67473,CUST-44040,399,Morning (8-11h),No Answer,0,AGT-020,False
CALL-40664,CUST-44040,12,Noon (11-13h),Not Interested,0,AGT-009,False
CALL-93120,CUST-66268,273,Afternoon (13-17h),Success,574000,AGT-013,False
CALL-59651,CUST-66268,23,Afternoon (13-17h),Call Back Later,0,AGT-003,True
CALL-55869,CUST-66268,184,Afternoon (13-17h),Success,1256000,AGT-004,False
CALL-58710,CUST-66268,176,Noon (11-13h),Success,612000,AGT-013,False
CALL-87521,CUST-66268,87,Noon (11-13h),No Answer,0,AGT-016,False
CALL-61142,CUST-61658,199,Afternoon (13-17h),Success,1171000,AGT-002,False
CALL-99161,CUST-61658,51,Afternoon (13-17h),Not Interested,0,AGT-003,False
CALL-19956,CUST-61658,43,Afternoon (13-17h),Call Back Later,0,AGT-001,True
CALL-22732,CUST-61658,187,Evening (17-20h),Success,1189000,AGT-010,False
CALL-42666,CUST-61658,69,Morning (8-11h),Success,1238000,AGT-010,False
CALL-21771,CUST-61658,367,Evening (17-20h),Call Back Later,0,AGT-010,True
CALL-28243,CUST-61658,186,Afternoon (13-17h),Success,1068000,AGT-001,False
CALL-63935,CUST-23584,144,Noon (11-13h),Success,938000,AGT-001,False
CALL-41451,CUST-23584,75,Morning (8-11h),No Answer,0,AGT-009,False
CALL-78825,CUST-23584,34,Afternoon (13-17h),Not Interested,0,AGT-001,False
CALL-14691,CUST-23584,238,Afternoon (13-17h),Success,884000,AGT-005,False
CALL-70138,CUST-23584,236,Evening (17-20h),Call Back Later,0,AGT-003,True
CALL-58584,CUST-23584,57,Noon (11-13h),Call Back Later,0,AGT-004,True
CALL-18080,CUST-23584,29,Afternoon (13-17h),Call Back Later,0,AGT-009,True
CALL-69536,CUST-23584,117,Afternoon (13-17h),No Answer,0,AGT-016,False
CALL-64499,CUST-23584,111,Afternoon (13-17h),Not Interested,0,AGT-006,False
CALL-22033,CUST-23584,210,Evening (17-20h),Success,398000,AGT-010,False
CALL-88716,CUST-23584,87,Afternoon (13-17h),Success,671000,AGT-020,False
CALL-47828,CUST-23584,335,Morning (8-11h),Success,634000,AGT-003,False
CALL-79281,CUST-23584,163,Afternoon (13-17h),Success,724000,AGT-009,False
CALL-48115,CUST-23584,375,Afternoon (13-17h),Not Interested,0,AGT-006,False
CALL-43151,CUST-67245,27,Evening (17-20h),No Answer,0,AGT-001,False
CALL-58624,CUST-62765,127,Afternoon (13-17h),Success,726000,AGT-001,False
CALL-29710,CUST-62765,315,Morning (8-11h),Success,432000,AGT-004,False
CALL-44270,CUST-62765,31,Afternoon (13-17h),Success,909000,AGT-003,False
CALL-59460,CUST-62765,224,Noon (11-13h),Call Back Later,0,AGT-001,True
CALL-46011,CUST-62765,17,Afternoon (13-17h),No Answer,0,AGT-013,False
CALL-54748,CUST-89856,34,Afternoon (13-17h),Not Interested,0,AGT-001,False
CALL-57120,CUST-89856,29,Evening (17-20h),Not Interested,0,AGT-002,False
CALL-13936,CUST-89856,37,Afternoon (13-17h),Call Back Later,0,AGT-005,True
CALL-22051,CUST-89856,201,Morning (8-11h),Success,1000000,AGT-001,False
CALL-71455,CUST-46675,86,Morning (8-11h),Call Back Later,0,AGT-001,True
CALL-87480,CUST-46675,104,Evening (17-20h),Success,876000,AGT-009,True
CALL-73500,CUST-46675,51,Morning (8-11h),No Answer,0,AGT-003,False
CALL-82011,CUST-46675,112,Morning (8-11h),Success,707000,AGT-006,False
CALL-27168,CUST-53940,306,Evening (17-20h),Success,1070000,AGT-004,False
CALL-18537,CUST-53940,32,Noon (11-13h),Call Back Later,0,AGT-007,True
CALL-10600,CUST-53940,600,Morning (8-11h),Success,1015000,AGT-010,False
CALL-40018,CUST-53940,94,Afternoon (13-17h),Call Back Later,0,AGT-001,True
CALL-80918,CUST-53940,47,Noon (11-13h),Success,2500000,AGT-011,False
CALL-44136,CUST-53940,29,Noon (11-13h),Success,855000,AGT-015,False
CALL-58432,CUST-53940,149,Afternoon (13-17h),Call Back Later,0,AGT-010,True
CALL-26011,CUST-53940,133,Evening (17-20h),No Answer,0,AGT-003,False
CALL-63530,CUST-53940,36,Morning (8-11h),Not Interested,0,AGT-001,False
CALL-24359,CUST-53940,266,Morning (8-11h),No Answer,0,AGT-017,False
CALL-61440,CUST-53940,169,Afternoon (13-17h),Success,2470000,AGT-003,False
CALL-60519,CUST-53940,256,Morning (8-11h),Success,1157000,AGT-007,False
CALL-61016,CUST-53940,285,Evening (17-20h),Not Interested,0,AGT-015,False
CALL-71653,CUST-21901,28,Noon (11-13h),No Answer,0,AGT-001,False
CALL-78388,CUST-21901,284,Afternoon (13-17h),Success,718000,AGT-001,False
CALL-65713,CUST-21901,190,Morning (8-11h),Success,498000,AGT-001,False
CALL-61543,CUST-64008,167,Noon (11-13h),Success,2500000,AGT-019,False
CALL-13663,CUST-43416,90,Afternoon (13-17h),No Answer,0,AGT-008,False
CALL-32177,CUST-43416,272,Evening (17-20h),Not Interested,0,AGT-014,False
CALL-53888,CUST-43416,303,Noon (11-13h),Success,1719000,AGT-007,False
CALL-21961,CUST-87661,157,Evening (17-20h),Not Interested,0,AGT-010,False
CALL-74310,CUST-87661,167,Morning (8-11h),Success,1327000,AGT-010,False
CALL-90747,CUST-87661,473,Morning (8-11h),Success,1304000,AGT-001,False
CALL-42608,CUST-87661,5,Afternoon (13-17h),No Answer,0,AGT-001,False
CALL-80618,CUST-87661,328,Afternoon (13-17h),Success,418000,AGT-001,False
CALL-17229,CUST-94853,117,Morning (8-11h),Not Interested,0,AGT-001,True
CALL-91338,CUST-60809,349,Morning (8-11h),Success,495000,AGT-001,True
CALL-32404,CUST-60809,49,Afternoon (13-17h),Not Interested,0,AGT-012,False
CALL-36840,CUST-60809,153,Morning (8-11h),Success,1443000,AGT-005,False
CALL-92676,CUST-60809,151,Afternoon (13-17h),Success,351000,AGT-001,False
CALL-62862,CUST-67877,180,Evening (17-20h),Success,707000,AGT-016,False
CALL-43377,CUST-67877,94,Afternoon (13-17h),Success,535000,AGT-004,False
CALL-96512,CUST-95682,72,Evening (17-20h),Success,984000,AGT-017,False
CALL-36582,CUST-95682,180,Morning (8-11h),Success,487000,AGT-001,False
CALL-42244,CUST-95682,197,Noon (11-13h),Call Back Later,0,AGT-001,True
CALL-75070,CUST-95682,107,Morning (8-11h),Success,785000,AGT-014,False
CALL-20687,CUST-92532,173,Noon (11-13h),Not Interested,0,AGT-002,False
CALL-71910,CUST-29623,393,Afternoon (13-17h),Success,1021000,AGT-005,True
CALL-91360,CUST-29623,125,Evening (17-20h),Not Interested,0,AGT-003,False
CALL-83517,CUST-29623,10,Morning (8-11h),Not Interested,0,AGT-018,False
CALL-91117,CUST-29623,159,Noon (11-13h),Success,2008000,AGT-001,False
CALL-53721,CUST-29623,34,Noon (11-13h),No Answer,0,AGT-003,False
CALL-31383,CUST-29623,146,Morning (8-11h),Success,504000,AGT-005,False
CALL-11809,CUST-29623,236,Morning (8-11h),Success,738000,AGT-020,False
CALL-16569,CUST-29623,103,Afternoon (13-17h),Success,1383000,AGT-001,False
CALL-97817,CUST-18321,216,Evening (17-20h),Success,420000,AGT-001,False
CALL-79674,CUST-18321,221,Morning (8-11h),Success,778000,AGT-011,True
CALL-30078,CUST-18321,287,Evening (17-20h),Not Interested,0,AGT-002,False
CALL-79271,CUST-18321,437,Afternoon (13-17h),Success,1072000,AGT-003,False
CALL-84561,CUST-18321,350,Morning (8-11h),Call Back Later,0,AGT-013,True
CALL-89818,CUST-18321,6,Afternoon (13-17h),Not Interested,0,AGT-003,False
CALL-74324,CUST-20976,70,Afternoon (13-17h),Success,749000,AGT-008,False
CALL-86363,CUST-20976,48,Morning (8-11h),Success,1158000,AGT-002,False
CALL-84583,CUST-36602,191,Morning (8-11h),Call Back Later,0,AGT-009,True
CALL-14037,CUST-36602,104,Afternoon (13-17h),No Answer,0,AGT-008,False
CALL-49524,CUST-36602,55,Morning (8-11h),Call Back Later,0,AGT-007,True
CALL-65644,CUST-36602,71,Afternoon (13-17h),No Answer,0,AGT-010,False
CALL-72371,CUST-49637,80,Afternoon (13-17h),Success,350000,AGT-004,False
CALL-10850,CUST-49637,215,Afternoon (13-17h),Success,2051000,AGT-001,False
CALL-81382,CUST-49637,20,Afternoon (13-17h),Success,1847000,AGT-005,False
CALL-16189,CUST-49637,55,Afternoon (13-17h),Not Interested,0,AGT-001,False
CALL-79211,CUST-49637,213,Evening (17-20h),Success,2092000,AGT-012,False
CALL-32851,CUST-49637,268,Afternoon (13-17h),Call Back Later,0,AGT-014,True
CALL-53489,CUST-49637,171,Morning (8-11h),Success,449000,AGT-001,False
CALL-43152,CUST-49637,192,Afternoon (13-17h),Success,803000,AGT-006,False
CALL-11988,CUST-54617,139,Noon (11-13h),Not Interested,0,AGT-002,False
CALL-58940,CUST-54617,169,Evening (17-20h),Call Back Later,0,AGT-003,True
CALL-27227,CUST-54617,13,Noon (11-13h),No Answer,0,AGT-002,False
CALL-45018,CUST-54617,164,Morning (8-11h),Call Back Later,0,AGT-003,True
CALL-21291,CUST-54617,51,Morning (8-11h),Not Interested,0,AGT-014,False
CALL-87954,CUST-54617,193,Noon (11-13h),No Answer,0,AGT-007,False
CALL-83757,CUST-54617,96,Afternoon (13-17h),Success,1281000,AGT-020,False
CALL-91893,CUST-54617,321,Morning (8-11h),Success,1522000,AGT-003,False
CALL-20308,CUST-54617,144,Evening (17-20h),Call Back Later,0,AGT-010,True
CALL-18868,CUST-54617,46,Afternoon (13-17h),Not Interested,0,AGT-001,False
CALL-35319,CUST-54617,31,Afternoon (13-17h),No Answer,0,AGT-003,False
CALL-82142,CUST-54617,52,Morning (8-11h),Not Interested,0,AGT-006,False
CALL-71610,CUST-70537,114,Noon (11-13h),Success,645000,AGT-005,False
CALL-88673,CUST-23477,305,Noon (11-13h),Call Back Later,0,AGT-004,True
CALL-95481,CUST-67633,78,Afternoon (13-17h),Success,421000,AGT-016,False
CALL-32475,CUST-67633,159,Afternoon (13-17h),Success,722000,AGT-005,False
CALL-40075,CUST-67633,28,Morning (8-11h),No Answer,0,AGT-016,False
CALL-49664,CUST-98809,189,Afternoon (13-17h),Success,350000,AGT-001,False
CALL-53599,CUST-98809,101,Afternoon (13-17h),Success,2448000,AGT-014,False
CALL-84064,CUST-98809,157,Noon (11-13h),Not Interested,0,AGT-001,False
CALL-27313,CUST-80321,342,Evening (17-20h),Success,467000,AGT-006,False
CALL-26226,CUST-80321,126,Morning (8-11h),Success,506000,AGT-008,False
CALL-62588,CUST-42326,33,Afternoon (13-17h),Not Interested,0,AGT-016,False
CALL-19971,CUST-42326,134,Afternoon (13-17h),No Answer,0,AGT-002,False
CALL-18944,CUST-42326,131,Afternoon (13-17h),Success,1614000,AGT-002,False
CALL-47968,CUST-42326,216,Afternoon (13-17h),Success,1383000,AGT-015,False
CALL-99938,CUST-42326,125,Morning (8-11h),Success,864000,AGT-003,False
CALL-73330,CUST-42326,331,Morning (8-11h),Success,437000,AGT-010,False
CALL-70762,CUST-42326,224,Afternoon (13-17h),Success,779000,AGT-001,False
CALL-83509,CUST-42326,127,Noon (11-13h),Success,2500000,AGT-001,False
CALL-76248,CUST-71232,115,Noon (11-13h),Call Back Later,0,AGT-011,True
CALL-83256,CUST-52401,41,Noon (11-13h),No Answer,0,AGT-001,False
CALL-84754,CUST-52401,85,Morning (8-11h),No Answer,0,AGT-002,False
CALL-21199,CUST-52401,21,Afternoon (13-17h),Call Back Later,0,AGT-001,True
CALL-16685,CUST-38881,103,Noon (11-13h),Success,877000,AGT-007,False
CALL-52832,CUST-38881,15,Morning (8-11h),Not Interested,0,AGT-002,False
CALL-65672,CUST-38881,130,Evening (17-20h),Not Interested,0,AGT-002,False
CALL-84245,CUST-38881,37,Afternoon (13-17h),Call Back Later,0,AGT-014,True
CALL-12094,CUST-38881,161,Morning (8-11h),Success,956000,AGT-001,False
CALL-10474,CUST-63531,121,Afternoon (13-17h),Success,406000,AGT-001,False
CALL-20724,CUST-34146,72,Afternoon (13-17h),Call Back Later,0,AGT-007,True
CALL-94560,CUST-34146,27,Morning (8-11h),Not Interested,0,AGT-001,False
CALL-47084,CUST-34146,113,Evening (17-20h),Call Back Later,0,AGT-010,True
CALL-95562,CUST-34146,105,Afternoon (13-17h),No Answer,0,AGT-013,False
CALL-99310,CUST-34146,421,Morning (8-11h),Success,571000,AGT-018,True
CALL-80021,CUST-34146,81,Afternoon (13-17h),Success,1802000,AGT-013,False
CALL-24875,CUST-34146,205,Afternoon (13-17h),Success,1072000,AGT-011,False
CALL-86903,CUST-95751,60,Evening (17-20h),Not Interested,0,AGT-001,False
CALL-84292,CUST-84321,44,Evening (17-20h),Not Interested,0,AGT-001,False
CALL-39147,CUST-84321,172,Afternoon (13-17h),Success,2080000,AGT-004,True
CALL-79075,CUST-84321,77,Afternoon (13-17h),Call Back Later,0,AGT-010,True
CALL-42836,CUST-84321,110,Morning (8-11h),Not Interested,0,AGT-001,False
CALL-11410,CUST-84321,6,Afternoon (13-17h),No Answer,0,AGT-017,False
CALL-15848,CUST-72327,63,Afternoon (13-17h),Success,595000,AGT-006,False
CALL-37365,CUST-24757,71,Evening (17-20h),Success,486000,AGT-002,False
CALL-56215,CUST-24757,39,Morning (8-11h),Success,1166000,AGT-012,False
CALL-33458,CUST-24757,84,Afternoon (13-17h),Not Interested,0,AGT-001,False
CALL-72436,CUST-24757,18,Evening (17-20h),No Answer,0,AGT-001,False
CALL-13415,CUST-99464,130,Afternoon (13-17h),Success,1080000,AGT-002,False
CALL-82154,CUST-46665,85,Noon (11-13h),Call Back Later,0,AGT-007,True
CALL-39856,CUST-87137,79,Morning (8-11h),Success,350000,AGT-009,False
CALL-40590,CUST-85250,174,Evening (17-20h),Success,607000,AGT-002,False
CALL-34713,CUST-85250,41,Afternoon (13-17h),No Answer,0,AGT-001,False
CALL-10514,CUST-85250,340,Afternoon (13-17h),Not Interested,0,AGT-006,False
CALL-61536,CUST-85250,40,Morning (8-11h),Not Interested,0,AGT-005,False
CALL-78181,CUST-85250,227,Afternoon (13-17h),Success,597000,AGT-004,False
CALL-57259,CUST-46834,304,Evening (17-20h),Success,378000,AGT-006,False
CALL-60677,CUST-46834,12,Afternoon (13-17h),Not Interested,0,AGT-003,False
CALL-39513,CUST-46834,56,Noon (11-13h),Call Back Later,0,AGT-016,True
CALL-54482,CUST-37154,28,Morning (8-11h),Not Interested,0,AGT-015,False
CALL-77483,CUST-37154,169,Morning (8-11h),Call Back Later,0,AGT-006,True
CALL-64722,CUST-37154,64,Morning (8-11h),Success,817000,AGT-002,False
CALL-32792,CUST-37154,42,Noon (11-13h),Call Back Later,0,AGT-001,True
CALL-56138,CUST-37154,95,Afternoon (13-17h),Success,2500000,AGT-005,False
CALL-37146,CUST-37154,114,Evening (17-20h),Success,350000,AGT-010,False
CALL-20952,CUST-37154,274,Evening (17-20h),No Answer,0,AGT-005,False
CALL-85760,CUST-37154,275,Morning (8-11h),Call Back Later,0,AGT-018,True
CALL-94930,CUST-84732,54,Morning (8-11h),No Answer,0,AGT-002,False
CALL-53170,CUST-84732,22,Morning (8-11h),No Answer,0,AGT-001,False
CALL-72897,CUST-84732,151,Noon (11-13h),Not Interested,0,AGT-007,False
CALL-60488,CUST-10632,92,Afternoon (13-17h),Not Interested,0,AGT-003,False
CALL-24353,CUST-10632,290,Noon (11-13h),Success,757000,AGT-004,False
CALL-98918,CUST-10632,297,Afternoon (13-17h),Success,649000,AGT-012,True
CALL-51886,CUST-24728,159,Morning (8-11h),Success,1443000,AGT-002,True
CALL-54229,CUST-24728,126,Afternoon (13-17h),Success,350000,AGT-006,False
CALL-36534,CUST-24728,137,Evening (17-20h),Call Back Later,0,AGT-016,True
CALL-62134,CUST-24728,124,Morning (8-11h),Success,803000,AGT-002,False
CALL-18667,CUST-24728,134,Evening (17-20h),Success,695000,AGT-009,False
CALL-14557,CUST-24728,72,Afternoon (13-17h),Call Back Later,0,AGT-004,True
CALL-78613,CUST-39603,65,Noon (11-13h),Success,813000,AGT-003,False
CALL-26845,CUST-39603,78,Noon (11-13h),Call Back Later,0,AGT-002,True
CALL-40004,CUST-39603,402,Morning (8-11h),Success,1250000,AGT-002,False
CALL-89744,CUST-39603,6,Afternoon (13-17h),Not Interested,0,AGT-009,False
CALL-98311,CUST-79959,64,Afternoon (13-17h),Success,586000,AGT-007,False
CALL-57704,CUST-79959,76,Morning (8-11h),Not Interested,0,AGT-001,False
CALL-55193,CUST-79959,151,Afternoon (13-17h),Success,1516000,AGT-006,False
CALL-90220,CUST-79959,61,Evening (17-20h),Success,626000,AGT-008,False
CALL-79244,CUST-79959,310,Evening (17-20h),Success,441000,AGT-007,False
CALL-19166,CUST-79959,259,Afternoon (13-17h),Success,908000,AGT-005,False
CALL-96039,CUST-79959,323,Morning (8-11h),Call Back Later,0,AGT-001,True
CALL-85661,CUST-79959,128,Noon (11-13h),Success,738000,AGT-004,False
CALL-77419,CUST-75815,293,Afternoon (13-17h),Success,915000,AGT-002,False
CALL-55048,CUST-75815,54,Morning (8-11h),Success,782000,AGT-002,False
CALL-56920,CUST-75815,112,Evening (17-20h),No Answer,0,AGT-006,False
CALL-41858,CUST-75815,13,Afternoon (13-17h),No Answer,0,AGT-001,False
CALL-43458,CUST-23725,168,Morning (8-11h),Call Back Later,0,AGT-003,True
CALL-65227,CUST-23725,165,Evening (17-20h),Call Back Later,0,AGT-010,True
CALL-30392,CUST-82012,129,Afternoon (13-17h),Not Interested,0,AGT-011,False
CALL-25399,CUST-82012,91,Afternoon (13-17h),No Answer,0,AGT-015,False
CALL-46688,CUST-82012,212,Afternoon (13-17h),Not Interested,0,AGT-012,False
CALL-55762,CUST-82012,284,Evening (17-20h),Success,1055000,AGT-001,False
CALL-81438,CUST-82012,415,Evening (17-20h),Success,1375000,AGT-002,False
CALL-62382,CUST-82012,161,Evening (17-20h),Success,2375000,AGT-004,False
CALL-85769,CUST-82012,106,Evening (17-20h),No Answer,0,AGT-013,False
CALL-64639,CUST-82012,71,Afternoon (13-17h),Success,622000,AGT-001,False
CALL-14778,CUST-71442,178,Evening (17-20h),Call Back Later,0,AGT-011,True
CALL-60141,CUST-71442,54,Noon (11-13h),Not Interested,0,AGT-014,False
CALL-97017,CUST-99592,169,Morning (8-11h),Success,691000,AGT-006,False
CALL-84006,CUST-99592,56,Afternoon (13-17h),Not Interested,0,AGT-001,False
CALL-60959,CUST-99592,110,Morning (8-11h),Call Back Later,0,AGT-006,True
CALL-83347,CUST-54712,48,Morning (8-11h),No Answer,0,AGT-002,False
CALL-17725,CUST-54712,76,Afternoon (13-17h),No Answer,0,AGT-002,False
CALL-26070,CUST-54712,156,Morning (8-11h),Success,2500000,AGT-003,False
CALL-30413,CUST-54712,233,Morning (8-11h),Success,599000,AGT-001,False
CALL-96002,CUST-54712,87,Morning (8-11h),Success,1151000,AGT-002,False
CALL-78229,CUST-54712,7,Afternoon (13-17h),Not Interested,0,AGT-005,False
CALL-78245,CUST-54712,16,Afternoon (13-17h),Not Interested,0,AGT-003,False
CALL-52612,CUST-54712,16,Noon (11-13h),No Answer,0,AGT-012,False
CALL-93232,CUST-67669,299,Afternoon (13-17h),Success,621000,AGT-014,False
CALL-25053,CUST-67669,588,Morning (8-11h),Not Interested,0,AGT-001,False
CALL-95913,CUST-67669,104,Afternoon (13-17h),Success,1993000,AGT-013,False
CALL-55172,CUST-67669,18,Morning (8-11h),Not Interested,0,AGT-018,False
CALL-99579,CUST-13499,44,Morning (8-11h),No Answer,0,AGT-003,False
CALL-25886,CUST-13499,39,Noon (11-13h),Call Back Later,0,AGT-003,True
CALL-74809,CUST-13499,289,Evening (17-20h),Not Interested,0,AGT-006,False
CALL-26941,CUST-79928,78,Afternoon (13-17h),No Answer,0,AGT-003,False
CALL-93209,CUST-79928,600,Afternoon (13-17h),Success,939000,AGT-020,False
CALL-87474,CUST-79928,37,Morning (8-11h),Not Interested,0,AGT-009,False
CALL-57501,CUST-79928,42,Morning (8-11h),Not Interested,0,AGT-001,False
CALL-96785,CUST-79928,78,Afternoon (13-17h),No Answer,0,AGT-005,False
CALL-55612,CUST-79928,70,Afternoon (13-17h),Success,783000,AGT-001,False
CALL-44159,CUST-79928,255,Noon (11-13h),Success,1921000,AGT-006,False
CALL-84236,CUST-79928,120,Evening (17-20h),Call Back Later,0,AGT-011,True
CALL-11203,CUST-10701,188,Evening (17-20h),Call Back Later,0,AGT-004,True
CALL-34358,CUST-29216,146,Morning (8-11h),Success,683000,AGT-001,False
CALL-11542,CUST-29216,146,Morning (8-11h),Not Interested,0,AGT-003,False
CALL-64515,CUST-72540,96,Evening (17-20h),Not Interested,0,AGT-002,False
CALL-88007,CUST-72540,270,Afternoon (13-17h),Success,474000,AGT-002,False
CALL-55675,CUST-72540,229,Morning (8-11h),Success,613000,AGT-002,False
CALL-93167,CUST-72540,53,Evening (17-20h),Not Interested,0,AGT-001,False
CALL-71928,CUST-72540,80,Afternoon (13-17h),Call Back Later,0,AGT-019,True
CALL-78565,CUST-72540,48,Afternoon (13-17h),Success,950000,AGT-007,False
CALL-20252,CUST-72540,124,Afternoon (13-17h),Success,496000,AGT-001,False
CALL-80448,CUST-72540,158,Morning (8-11h),Call Back Later,0,AGT-010,True
CALL-18719,CUST-72226,71,Noon (11-13h),Success,567000,AGT-002,False
CALL-95900,CUST-72226,81,Noon (11-13h),Call Back Later,0,AGT-006,True
CALL-80901,CUST-72226,53,Noon (11-13h),Call Back Later,0,AGT-013,True
CALL-24350,CUST-16808,43,Morning (8-11h),Not Interested,0,AGT-006,False
CALL-90600,CUST-16808,78,Noon (11-13h),Success,512000,AGT-001,False
CALL-21768,CUST-16808,98,Morning (8-11h),Not Interested,0,AGT-018,False
CALL-98667,CUST-16808,52,Afternoon (13-17h),Not Interested,0,AGT-007,False
CALL-94387,CUST-16808,40,Evening (17-20h),Not Interested,0,AGT-016,False
CALL-99971,CUST-16808,487,Afternoon (13-17h),Success,1004000,AGT-002,False
CALL-21229,CUST-16808,74,Noon (11-13h),Call Back Later,0,AGT-004,True
CALL-10238,CUST-16808,134,Afternoon (13-17h),No Answer,0,AGT-005,False
CALL-48848,CUST-16808,180,Afternoon (13-17h),Success,1679000,AGT-001,False
CALL-41948,CUST-16808,146,Evening (17-20h),Success,350000,AGT-006,False
CALL-16262,CUST-16808,195,Evening (17-20h),Success,1194000,AGT-008,False
CALL-62704,CUST-16808,126,Afternoon (13-17h),Success,456000,AGT-003,False
CALL-40532,CUST-41390,23,Noon (11-13h),No Answer,0,AGT-005,False
CALL-62162,CUST-41390,131,Morning (8-11h),Not Interested,0,AGT-010,False
CALL-23617,CUST-41390,87,Morning (8-11h),Success,750000,AGT-019,False
CALL-52250,CUST-41390,50,Morning (8-11h),No Answer,0,AGT-001,False
CALL-29299,CUST-22943,390,Noon (11-13h),Success,901000,AGT-017,False
CALL-89060,CUST-22943,15,Morning (8-11h),Not Interested,0,AGT-003,True
CALL-69941,CUST-22943,164,Afternoon (13-17h),No Answer,0,AGT-002,False
CALL-73297,CUST-22943,157,Morning (8-11h),Call Back Later,0,AGT-007,True
CALL-55510,CUST-21910,325,Afternoon (13-17h),Not Interested,0,AGT-003,False
CALL-77797,CUST-21910,143,Noon (11-13h),Call Back Later,0,AGT-016,True
CALL-96025,CUST-21910,68,Evening (17-20h),Call Back Later,0,AGT-012,True
CALL-58687,CUST-21910,14,Morning (8-11h),No Answer,0,AGT-020,False
CALL-70226,CUST-21910,18,Morning (8-11h),No Answer,0,AGT-002,False
CALL-15099,CUST-21910,75,Afternoon (13-17h),Success,652000,AGT-001,False
CALL-39077,CUST-21910,288,Afternoon (13-17h),Not Interested,0,AGT-013,False
CALL-14814,CUST-21910,21,Morning (8-11h),Not Interested,0,AGT-014,False
CALL-78630,CUST-69469,128,Evening (17-20h),Call Back Later,0,AGT-011,True
CALL-52845,CUST-69469,268,Afternoon (13-17h),Success,350000,AGT-001,False
CALL-93216,CUST-91269,368,Afternoon (13-17h),Call Back Later,0,AGT-002,True
CALL-55225,CUST-56563,92,Afternoon (13-17h),Success,898000,AGT-001,True
CALL-23280,CUST-82354,242,Afternoon (13-17h),Success,939000,AGT-003,False
CALL-83357,CUST-81979,75,Morning (8-11h),No Answer,0,AGT-001,False
CALL-68875,CUST-20877,167,Evening (17-20h),Success,1655000,AGT-020,False
CALL-31241,CUST-20877,171,Afternoon (13-17h),Success,858000,AGT-003,True
CALL-78928,CUST-49817,47,Afternoon (13-17h),No Answer,0,AGT-003,False
CALL-67060,CUST-72957,5,Afternoon (13-17h),No Answer,0,AGT-008,False
CALL-81881,CUST-72957,125,Afternoon (13-17h),Success,350000,AGT-016,False
CALL-92487,CUST-72957,212,Morning (8-11h),Success,562000,AGT-001,False
CALL-35089,CUST-64172,253,Evening (17-20h),Success,1499000,AGT-008,False
CALL-61206,CUST-64172,152,Evening (17-20h),Success,978000,AGT-003,False
CALL-10500,CUST-64172,202,Noon (11-13h),Success,389000,AGT-001,False
CALL-12472,CUST-64172,57,Afternoon (13-17h),Not Interested,0,AGT-001,False
CALL-38189,CUST-64172,269,Afternoon (13-17h),No Answer,0,AGT-012,False
CALL-27276,CUST-64172,225,Afternoon (13-17h),Success,551000,AGT-014,False
CALL-26792,CUST-58862,181,Afternoon (13-17h),No Answer,0,AGT-008,False
CALL-83002,CUST-58862,62,Afternoon (13-17h),Not Interested,0,AGT-012,False
CALL-70076,CUST-58862,116,Afternoon (13-17h),Call Back Later,0,AGT-003,True
CALL-72855,CUST-58862,86,Morning (8-11h),Success,679000,AGT-001,False
CALL-63849,CUST-58862,92,Afternoon (13-17h),Call Back Later,0,AGT-015,True
CALL-23648,CUST-25787,194,Evening (17-20h),Success,350000,AGT-014,False
CALL-87541,CUST-25787,181,Afternoon (13-17h),Success,1320000,AGT-004,True
CALL-49200,CUST-25787,10,Afternoon (13-17h),Not Interested,0,AGT-001,False
CALL-17814,CUST-25787,61,Afternoon (13-17h),Success,1522000,AGT-002,False
CALL-52279,CUST-25787,157,Afternoon (13-17h),Not Interested,0,AGT-003,False
CALL-47621,CUST-25787,94,Morning (8-11h),Success,1578000,AGT-015,False
CALL-69445,CUST-25787,35,Afternoon (13-17h),No Answer,0,AGT-001,False
CALL-65443,CUST-25787,247,Afternoon (13-17h),Success,1481000,AGT-019,False
CALL-21095,CUST-25787,600,Evening (17-20h),Success,1083000,AGT-015,False
CALL-55152,CUST-25787,35,Afternoon (13-17h),Call Back Later,0,AGT-012,True
CALL-78597,CUST-25787,11,Afternoon (13-17h),Not Interested,0,AGT-014,False
CALL-64763,CUST-25787,351,Afternoon (13-17h),Success,350000,AGT-004,False
CALL-95416,CUST-25787,53,Evening (17-20h),Not Interested,0,AGT-008,False
CALL-62192,CUST-25787,204,Afternoon (13-17h),Call Back Later,0,AGT-001,True
CALL-54262,CUST-25787,52,Afternoon (13-17h),Call Back Later,0,AGT-002,True
CALL-87838,CUST-25787,407,Morning (8-11h),Success,612000,AGT-007,False
CALL-57224,CUST-25787,217,Evening (17-20h),Success,366000,AGT-004,False
CALL-25503,CUST-25787,52,Afternoon (13-17h),Call Back Later,0,AGT-017,True
CALL-24149,CUST-33530,44,Morning (8-11h),Success,680000,AGT-002,False
CALL-35563,CUST-33530,49,Morning (8-11h),Not Interested,0,AGT-001,False
CALL-63867,CUST-33530,75,Afternoon (13-17h),No Answer,0,AGT-009,False
CALL-25142,CUST-33530,255,Afternoon (13-17h),Call Back Later,0,AGT-001,True
CALL-54107,CUST-33530,14,Noon (11-13h),No Answer,0,AGT-002,False
CALL-57436,CUST-33530,61,Morning (8-11h),No Answer,0,AGT-010,False
CALL-13469,CUST-33530,221,Afternoon (13-17h),Success,707000,AGT-001,False
CALL-32456,CUST-33530,226,Morning (8-11h),Call Back Later,0,AGT-005,True
CALL-27220,CUST-45999,275,Afternoon (13-17h),Success,1522000,AGT-003,False
CALL-60889,CUST-39340,26,Evening (17-20h),Success,561000,AGT-007,False
CALL-81025,CUST-39340,89,Afternoon (13-17h),Not Interested,0,AGT-016,False
CALL-33667,CUST-39340,57,Morning (8-11h),No Answer,0,AGT-001,False
CALL-75952,CUST-39340,375,Afternoon (13-17h),Success,350000,AGT-011,False
CALL-74653,CUST-39340,126,Morning (8-11h),Success,1913000,AGT-018,False
CALL-24134,CUST-39340,45,Afternoon (13-17h),Not Interested,0,AGT-001,True
CALL-49717,CUST-20675,359,Afternoon (13-17h),Success,1292000,AGT-002,False
CALL-57806,CUST-20675,99,Noon (11-13h),Not Interested,0,AGT-009,False
CALL-24608,CUST-20675,123,Afternoon (13-17h),Success,517000,AGT-009,False
CALL-92601,CUST-20675,421,Morning (8-11h),Success,595000,AGT-015,False
CALL-16497,CUST-74614,131,Noon (11-13h),Success,671000,AGT-015,False
CALL-11257,CUST-74614,295,Noon (11-13h),Call Back Later,0,AGT-020,True
CALL-90824,CUST-74614,76,Afternoon (13-17h),Success,350000,AGT-003,False
CALL-74717,CUST-74614,211,Afternoon (13-17h),Success,1706000,AGT-018,False
CALL-61107,CUST-63609,139,Morning (8-11h),Success,741000,AGT-001,False
CALL-19735,CUST-11248,242,Evening (17-20h),Call Back Later,0,AGT-004,True
CALL-24682,CUST-23457,126,Morning (8-11h),Call Back Later,0,AGT-002,True
CALL-67495,CUST-23457,123,Evening (17-20h),Success,1185000,AGT-001,False
CALL-60377,CUST-23457,284,Noon (11-13h),Success,1409000,AGT-013,False
CALL-59344,CUST-23457,60,Afternoon (13-17h),Call Back Later,0,AGT-002,True
CALL-96089,CUST-23457,67,Afternoon (13-17h),Not Interested,0,AGT-010,False
CALL-46674,CUST-23457,470,Afternoon (13-17h),Success,507000,AGT-001,False
CALL-60374,CUST-23457,57,Morning (8-11h),Not Interested,0,AGT-017,False
CALL-87060,CUST-23457,80,Afternoon (13-17h),Success,1949000,AGT-014,False
CALL-12327,CUST-58601,57,Noon (11-13h),Not Interested,0,AGT-016,False
CALL-50017,CUST-58601,70,Afternoon (13-17h),Success,1542000,AGT-009,False
CALL-84284,CUST-58601,24,Afternoon (13-17h),Not Interested,0,AGT-001,False
CALL-43402,CUST-58601,180,Afternoon (13-17h),Success,364000,AGT-005,False
CALL-13488,CUST-58601,206,Evening (17-20h),Success,1394000,AGT-003,False
CALL-71676,CUST-58601,8,Noon (11-13h),No Answer,0,AGT-001,False
CALL-23965,CUST-51742,84,Morning (8-11h),No Answer,0,AGT-003,False
CALL-76714,CUST-92979,82,Morning (8-11h),No Answer,0,AGT-017,False
CALL-22900,CUST-92979,36,Noon (11-13h),Not Interested,0,AGT-011,False
CALL-78307,CUST-92979,35,Afternoon (13-17h),No Answer,0,AGT-005,False
CALL-36020,CUST-92979,81,Afternoon (13-17h),No Answer,0,AGT-002,False
CALL-55879,CUST-92979,280,Afternoon (13-17h),Success,1143000,AGT-005,False
CALL-83815,CUST-92979,143,Morning (8-11h),Success,1307000,AGT-020,False
CALL-68554,CUST-92979,148,Afternoon (13-17h),Success,1172000,AGT-001,False
CALL-73090,CUST-92979,65,Afternoon (13-17h),Success,697000,AGT-002,False
CALL-21468,CUST-92979,37,Afternoon (13-17h),Not Interested,0,AGT-013,False
CALL-78351,CUST-92979,420,Afternoon (13-17h),Success,450000,AGT-005,True
CALL-50636,CUST-92979,271,Morning (8-11h),Not Interested,0,AGT-007,False
CALL-17770,CUST-92979,258,Noon (11-13h),Success,1049000,AGT-004,False
CALL-91559,CUST-52090,149,Morning (8-11h),No Answer,0,AGT-001,False
CALL-12673,CUST-52090,238,Afternoon (13-17h),Success,1208000,AGT-001,False
CALL-73691,CUST-52090,193,Noon (11-13h),Not Interested,0,AGT-007,False
CALL-55378,CUST-52090,45,Morning (8-11h),Not Interested,0,AGT-003,False
CALL-67499,CUST-52090,429,Morning (8-11h),Success,863000,AGT-001,False
CALL-16182,CUST-52090,241,Morning (8-11h),Success,523000,AGT-015,False
CALL-68607,CUST-52090,100,Afternoon (13-17h),No Answer,0,AGT-008,False
CALL-15538,CUST-52090,33,Morning (8-11h),No Answer,0,AGT-015,False
CALL-21256,CUST-52090,35,Noon (11-13h),Not Interested,0,AGT-006,False
CALL-81069,CUST-52090,149,Afternoon (13-17h),Not Interested,0,AGT-009,False
CALL-82570,CUST-52090,107,Afternoon (13-17h),Success,404000,AGT-007,False
CALL-30026,CUST-52090,69,Evening (17-20h),Call Back Later,0,AGT-001,True
CALL-61936,CUST-52090,145,Morning (8-11h),Success,676000,AGT-001,False
CALL-75889,CUST-52090,117,Morning (8-11h),Success,1212000,AGT-001,False
CALL-36498,CUST-52090,95,Afternoon (13-17h),Success,564000,AGT-006,False
CALL-26776,CUST-78995,38,Afternoon (13-17h),Success,1016000,AGT-003,False
CALL-64311,CUST-78995,117,Noon (11-13h),Not Interested,0,AGT-002,False
CALL-53850,CUST-78995,311,Afternoon (13-17h),Success,1311000,AGT-004,False
CALL-20418,CUST-78995,34,Evening (17-20h),Not Interested,0,AGT-003,False
CALL-57261,CUST-78995,295,Morning (8-11h),Success,581000,AGT-020,False
CALL-71379,CUST-78995,304,Afternoon (13-17h),Call Back Later,0,AGT-012,True
CALL-82383,CUST-26083,137,Afternoon (13-17h),Success,763000,AGT-019,False
CALL-32754,CUST-26083,138,Afternoon (13-17h),Success,2500000,AGT-017,False
CALL-75678,CUST-26083,126,Afternoon (13-17h),Success,633000,AGT-011,False
CALL-71236,CUST-23771,161,Evening (17-20h),Success,2396000,AGT-002,False
CALL-91622,CUST-63997,84,Morning (8-11h),Success,869000,AGT-013,False
CALL-77722,CUST-63997,188,Evening (17-20h),Success,680000,AGT-007,False
CALL-50756,CUST-63997,11,Afternoon (13-17h),No Answer,0,AGT-005,False
CALL-55087,CUST-63997,525,Evening (17-20h),Success,467000,AGT-010,False
CALL-74714,CUST-63997,216,Afternoon (13-17h),Not Interested,0,AGT-007,False
CALL-30656,CUST-63997,146,Afternoon (13-17h),Not Interested,0,AGT-006,False
CALL-36912,CUST-63997,210,Morning (8-11h),Success,850000,AGT-007,False
CALL-57415,CUST-63997,127,Afternoon (13-17h),Success,2500000,AGT-011,False
CALL-52027,CUST-66186,199,Morning (8-11h),No Answer,0,AGT-007,False
CALL-30829,CUST-66186,127,Noon (11-13h),Call Back Later,0,AGT-010,True
CALL-39274,CUST-66186,86,Noon (11-13h),Call Back Later,0,AGT-008,True
CALL-58981,CUST-66186,173,Evening (17-20h),Success,388000,AGT-001,False
CALL-75177,CUST-66186,148,Evening (17-20h),Success,973000,AGT-008,False
CALL-81337,CUST-66186,185,Afternoon (13-17h),Success,1452000,AGT-020,False
CALL-81967,CUST-66186,74,Morning (8-11h),Call Back Later,0,AGT-002,True
CALL-52252,CUST-38224,17,Noon (11-13h),Not Interested,0,AGT-005,False
CALL-20074,CUST-18352,140,Morning (8-11h),Success,400000,AGT-004,False
CALL-69378,CUST-18352,207,Evening (17-20h),Success,846000,AGT-004,False
CALL-31372,CUST-18352,428,Morning (8-11h),Call Back Later,0,AGT-010,True
CALL-57944,CUST-18352,169,Afternoon (13-17h),Call Back Later,0,AGT-002,True
CALL-84473,CUST-18352,52,Afternoon (13-17h),Call Back Later,0,AGT-018,True
CALL-65130,CUST-51313,284,Morning (8-11h),Success,790000,AGT-004,False
CALL-51956,CUST-85719,132,Afternoon (13-17h),Success,917000,AGT-011,False
CALL-75957,CUST-85719,286,Noon (11-13h),Call Back Later,0,AGT-001,True
CALL-79013,CUST-49555,72,Noon (11-13h),Call Back Later,0,AGT-014,True
CALL-93868,CUST-38306,109,Morning (8-11h),Success,416000,AGT-004,False
CALL-50623,CUST-38306,218,Afternoon (13-17h),Success,1639000,AGT-003,False
CALL-59822,CUST-38306,239,Evening (17-20h),Success,607000,AGT-001,False
CALL-22014,CUST-38306,159,Noon (11-13h),Success,350000,AGT-014,False
CALL-29326,CUST-52972,182,Afternoon (13-17h),Success,786000,AGT-015,False
CALL-51993,CUST-52972,234,Noon (11-13h),Success,1022000,AGT-008,False
CALL-37180,CUST-52972,119,Morning (8-11h),Call Back Later,0,AGT-008,True
CALL-13331,CUST-52972,133,Afternoon (13-17h),Not Interested,0,AGT-006,False
CALL-97060,CUST-52972,420,Morning (8-11h),Success,867000,AGT-004,False
CALL-47689,CUST-52972,74,Afternoon (13-17h),Call Back Later,0,AGT-010,True
CALL-58850,CUST-52972,28,Evening (17-20h),No Answer,0,AGT-001,False
CALL-73254,CUST-52972,134,Noon (11-13h),Success,688000,AGT-004,False
CALL-67898,CUST-52972,131,Afternoon (13-17h),Success,1345000,AGT-012,False
CALL-95486,CUST-52972,38,Morning (8-11h),No Answer,0,AGT-004,False
CALL-71097,CUST-52972,124,Afternoon (13-17h),Success,898000,AGT-016,False
CALL-37498,CUST-52972,28,Afternoon (13-17h),Not Interested,0,AGT-009,False
CALL-11711,CUST-52972,69,Afternoon (13-17h),Call Back Later,0,AGT-002,True
CALL-14079,CUST-52972,168,Afternoon (13-17h),Not Interested,0,AGT-005,False
CALL-40814,CUST-52972,30,Morning (8-11h),Success,758000,AGT-005,False
CALL-30768,CUST-52972,97,Afternoon (13-17h),Success,771000,AGT-002,False
CALL-88053,CUST-52972,11,Afternoon (13-17h),Not Interested,0,AGT-010,False
CALL-35909,CUST-52972,75,Afternoon (13-17h),Not Interested,0,AGT-009,False
CALL-43740,CUST-52972,283,Afternoon (13-17h),Success,662000,AGT-009,False
CALL-99870,CUST-18171,555,Afternoon (13-17h),Not Interested,0,AGT-006,False
CALL-19178,CUST-18171,107,Afternoon (13-17h),Call Back Later,0,AGT-013,True
CALL-21206,CUST-18171,162,Afternoon (13-17h),Success,430000,AGT-003,False
CALL-66160,CUST-18171,40,Afternoon (13-17h),Call Back Later,0,AGT-009,True
CALL-64255,CUST-18171,155,Morning (8-11h),Call Back Later,0,AGT-009,True
CALL-73434,CUST-18171,319,Morning (8-11h),Success,1454000,AGT-002,False
CALL-33563,CUST-18171,125,Noon (11-13h),Success,547000,AGT-008,False
CALL-76986,CUST-18171,258,Noon (11-13h),Success,350000,AGT-001,False
CALL-59916,CUST-20632,69,Evening (17-20h),Not Interested,0,AGT-002,False
CALL-31097,CUST-79686,18,Evening (17-20h),Not Interested,0,AGT-006,False
CALL-68456,CUST-90552,89,Afternoon (13-17h),Not Interested,0,AGT-004,False
CALL-85324,CUST-90552,67,Morning (8-11h),Call Back Later,0,AGT-007,True
CALL-43630,CUST-90552,246,Morning (8-11h),Success,436000,AGT-012,False
CALL-22940,CUST-90552,249,Morning (8-11h),Success,508000,AGT-009,False
CALL-15605,CUST-90552,37,Noon (11-13h),Not Interested,0,AGT-002,False
CALL-39743,CUST-13210,174,Afternoon (13-17h),Not Interested,0,AGT-002,False
CALL-73998,CUST-13210,214,Evening (17-20h),Success,874000,AGT-006,False
CALL-51489,CUST-89307,78,Morning (8-11h),Call Back Later,0,AGT-017,True
CALL-35977,CUST-89307,134,Morning (8-11h),Success,465000,AGT-001,False
CALL-32726,CUST-89307,195,Morning (8-11h),Success,1252000,AGT-004,False
CALL-83403,CUST-89307,267,Afternoon (13-17h),No Answer,0,AGT-001,False
CALL-98510,CUST-89307,136,Morning (8-11h),Success,1594000,AGT-001,False
CALL-56119,CUST-89307,166,Afternoon (13-17h),Success,475000,AGT-009,False
CALL-43662,CUST-89307,212,Afternoon (13-17h),Call Back Later,0,AGT-005,True
CALL-40214,CUST-89307,37,Afternoon (13-17h),Success,374000,AGT-006,False
CALL-59175,CUST-89307,7,Evening (17-20h),Not Interested,0,AGT-001,False
CALL-41309,CUST-76579,191,Afternoon (13-17h),Success,641000,AGT-001,False
CALL-89502,CUST-76579,140,Afternoon (13-17h),Success,992000,AGT-003,False
CALL-71791,CUST-76579,33,Afternoon (13-17h),Success,1758000,AGT-010,False
CALL-84567,CUST-81074,201,Morning (8-11h),Success,944000,AGT-001,False
CALL-25644,CUST-51099,33,Morning (8-11h),Call Back Later,0,AGT-002,True
CALL-45107,CUST-51099,131,Evening (17-20h),Success,733000,AGT-001,True
CALL-19992,CUST-51099,193,Noon (11-13h),Not Interested,0,AGT-006,False
CALL-62056,CUST-51099,248,Afternoon (13-17h),Success,613000,AGT-015,False
CALL-42990,CUST-51099,89,Morning (8-11h),Call Back Later,0,AGT-005,True
CALL-11454,CUST-51099,236,Morning (8-11h),Success,1142000,AGT-009,False
CALL-10891,CUST-28750,100,Noon (11-13h),Success,1263000,AGT-003,True
CALL-73403,CUST-28750,51,Afternoon (13-17h),No Answer,0,AGT-020,False
CALL-26193,CUST-28750,68,Evening (17-20h),Success,483000,AGT-003,False
CALL-67855,CUST-28750,79,Noon (11-13h),Call Back Later,0,AGT-001,True
CALL-54712,CUST-28750,210,Noon (11-13h),Call Back Later,0,AGT-014,True
CALL-26575,CUST-28750,161,Evening (17-20h),No Answer,0,AGT-017,False
CALL-72051,CUST-91949,69,Afternoon (13-17h),Success,1196000,AGT-005,False
CALL-64758,CUST-91949,171,Morning (8-11h),Success,1452000,AGT-001,False
CALL-53271,CUST-91949,32,Evening (17-20h),No Answer,0,AGT-002,False
CALL-65398,CUST-91949,177,Morning (8-11h),Success,2500000,AGT-005,False
CALL-93050,CUST-91949,203,Afternoon (13-17h),Success,361000,AGT-001,False
CALL-58705,CUST-80895,26,Evening (17-20h),Not Interested,0,AGT-005,False
CALL-47627,CUST-80895,222,Morning (8-11h),Call Back Later,0,AGT-005,True
CALL-53398,CUST-80895,101,Afternoon (13-17h),Success,1162000,AGT-001,False
CALL-87933,CUST-80895,102,Noon (11-13h),Not Interested,0,AGT-001,False
CALL-38898,CUST-59219,26,Noon (11-13h),No Answer,0,AGT-003,False
CALL-75359,CUST-59219,252,Morning (8-11h),Success,2152000,AGT-012,False
CALL-82882,CUST-59219,254,Evening (17-20h),Success,480000,AGT-005,False
CALL-29574,CUST-59219,349,Morning (8-11h),Success,710000,AGT-008,False
CALL-78235,CUST-59219,273,Morning (8-11h),No Answer,0,AGT-001,False
CALL-79711,CUST-59219,138,Morning (8-11h),Success,787000,AGT-002,False
CALL-94938,CUST-59219,153,Morning (8-11h),Success,510000,AGT-017,False
CALL-68377,CUST-59219,5,Afternoon (13-17h),Not Interested,0,AGT-010,False
CALL-39335,CUST-17116,108,Morning (8-11h),Call Back Later,0,AGT-016,True
CALL-14078,CUST-17116,105,Evening (17-20h),Call Back Later,0,AGT-007,True
CALL-47175,CUST-71264,49,Afternoon (13-17h),Call Back Later,0,AGT-002,True
CALL-87874,CUST-39894,112,Afternoon (13-17h),Success,1551000,AGT-011,False
CALL-59188,CUST-30574,58,Morning (8-11h),Not Interested,0,AGT-005,False
CALL-91078,CUST-30574,255,Evening (17-20h),Success,490000,AGT-003,True
CALL-78605,CUST-30574,128,Morning (8-11h),Success,714000,AGT-011,False
CALL-74318,CUST-20994,65,Evening (17-20h),Success,726000,AGT-006,False
CALL-74821,CUST-36052,255,Noon (11-13h),Call Back Later,0,AGT-003,True
CALL-52650,CUST-36052,32,Afternoon (13-17h),Call Back Later,0,AGT-003,True
CALL-71596,CUST-36052,456,Afternoon (13-17h),Success,884000,AGT-001,False
CALL-27359,CUST-36052,143,Afternoon (13-17h),Call Back Later,0,AGT-002,True
CALL-93630,CUST-36052,106,Noon (11-13h),Not Interested,0,AGT-003,False
CALL-78793,CUST-92320,20,Morning (8-11h),Not Interested,0,AGT-014,False
CALL-94380,CUST-99881,118,Noon (11-13h),Success,904000,AGT-011,False
CALL-39762,CUST-99881,98,Evening (17-20h),Call Back Later,0,AGT-002,True
CALL-22280,CUST-99881,191,Noon (11-13h),No Answer,0,AGT-020,False
CALL-11048,CUST-77379,105,Afternoon (13-17h),Success,724000,AGT-013,False
CALL-46518,CUST-78822,33,Morning (8-11h),Call Back Later,0,AGT-012,True
CALL-51822,CUST-78822,92,Morning (8-11h),Call Back Later,0,AGT-002,True
CALL-52294,CUST-78822,59,Morning (8-11h),No Answer,0,AGT-003,False
CALL-43896,CUST-78822,31,Evening (17-20h),Call Back Later,0,AGT-013,True
CALL-85341,CUST-78822,285,Afternoon (13-17h),Success,485000,AGT-001,False
CALL-12830,CUST-78822,15,Afternoon (13-17h),Not Interested,0,AGT-008,False
CALL-76083,CUST-66035,261,Afternoon (13-17h),Success,466000,AGT-004,False
CALL-19396,CUST-20136,123,Morning (8-11h),Success,1708000,AGT-015,False
CALL-29886,CUST-20136,204,Afternoon (13-17h),Success,1194000,AGT-010,False
CALL-98063,CUST-20136,303,Evening (17-20h),Success,621000,AGT-007,False
CALL-73014,CUST-55003,66,Afternoon (13-17h),Success,671000,AGT-015,False
CALL-58582,CUST-31390,128,Afternoon (13-17h),Success,885000,AGT-015,False
CALL-29941,CUST-31390,72,Afternoon (13-17h),Call Back Later,0,AGT-018,True
CALL-94055,CUST-31390,99,Morning (8-11h),Not Interested,0,AGT-001,False
CALL-75786,CUST-31390,193,Noon (11-13h),Success,1540000,AGT-005,False
CALL-35047,CUST-31390,113,Morning (8-11h),Call Back Later,0,AGT-009,True
CALL-20328,CUST-46606,127,Afternoon (13-17h),Success,1266000,AGT-004,False
CALL-99234,CUST-46606,46,Morning (8-11h),Not Interested,0,AGT-010,False
CALL-80356,CUST-46606,108,Noon (11-13h),Success,1001000,AGT-004,False
CALL-20786,CUST-68054,78,Morning (8-11h),Call Back Later,0,AGT-001,True
CALL-75956,CUST-68054,120,Evening (17-20h),Not Interested,0,AGT-005,False
CALL-29200,CUST-68054,42,Morning (8-11h),Call Back Later,0,AGT-001,True
CALL-87626,CUST-68054,67,Noon (11-13h),No Answer,0,AGT-013,False
CALL-12426,CUST-68054,145,Noon (11-13h),Call Back Later,0,AGT-001,True
CALL-49154,CUST-68054,184,Morning (8-11h),Success,528000,AGT-017,False
CALL-70431,CUST-68054,134,Afternoon (13-17h),No Answer,0,AGT-002,False
CALL-93966,CUST-68054,91,Morning (8-11h),Success,1160000,AGT-008,False
CALL-56298,CUST-68054,63,Noon (11-13h),Success,1666000,AGT-013,False
CALL-93249,CUST-68054,14,Afternoon (13-17h),No Answer,0,AGT-016,False
CALL-35016,CUST-49986,292,Noon (11-13h),Success,1845000,AGT-004,False
CALL-38860,CUST-49986,247,Afternoon (13-17h),Not Interested,0,AGT-001,False
CALL-48499,CUST-49986,322,Afternoon (13-17h),Success,1591000,AGT-006,False
CALL-93207,CUST-49986,316,Noon (11-13h),Success,1527000,AGT-005,False
CALL-22808,CUST-49986,150,Afternoon (13-17h),Not Interested,0,AGT-001,False
CALL-79212,CUST-49986,527,Noon (11-13h),Success,2392000,AGT-002,False
CALL-75250,CUST-49986,101,Morning (8-11h),Success,1829000,AGT-014,False
CALL-13562,CUST-49986,129,Afternoon (13-17h),Success,937000,AGT-005,True
CALL-70291,CUST-49986,65,Noon (11-13h),Success,1931000,AGT-003,False
CALL-52739,CUST-49986,30,Morning (8-11h),Success,2500000,AGT-011,False
CALL-99784,CUST-21415,77,Evening (17-20h),Success,1543000,AGT-007,False
CALL-61156,CUST-21415,73,Noon (11-13h),Success,350000,AGT-002,False
CALL-55852,CUST-21415,204,Morning (8-11h),Success,369000,AGT-007,False
CALL-95984,CUST-21415,138,Noon (11-13h),Not Interested,0,AGT-003,False
CALL-36107,CUST-98880,169,Afternoon (13-17h),Success,548000,AGT-011,False
CALL-43956,CUST-43530,150,Morning (8-11h),Success,605000,AGT-006,False
CALL-34675,CUST-29311,154,Morning (8-11h),Success,1029000,AGT-001,False
CALL-64581,CUST-29311,67,Evening (17-20h),Success,736000,AGT-002,False
CALL-14404,CUST-47161,147,Afternoon (13-17h),Success,1449000,AGT-009,False
CALL-29229,CUST-47161,214,Afternoon (13-17h),Success,1554000,AGT-002,False
CALL-96800,CUST-10649,280,Afternoon (13-17h),Success,514000,AGT-002,False
CALL-37191,CUST-10649,245,Morning (8-11h),Success,1057000,AGT-012,False
CALL-33352,CUST-10649,189,Afternoon (13-17h),Success,690000,AGT-019,False
CALL-55759,CUST-10649,137,Morning (8-11h),Success,1346000,AGT-001,False
CALL-68635,CUST-10649,83,Morning (8-11h),Success,803000,AGT-001,False
CALL-18854,CUST-10649,153,Morning (8-11h),Call Back Later,0,AGT-001,True
CALL-35520,CUST-10649,332,Morning (8-11h),Success,867000,AGT-001,False
CALL-73885,CUST-10649,94,Afternoon (13-17h),Not Interested,0,AGT-001,False
CALL-28025,CUST-10649,386,Noon (11-13h),Success,1043000,AGT-001,False
CALL-30677,CUST-10649,158,Morning (8-11h),Success,389000,AGT-002,False
CALL-89359,CUST-10649,290,Evening (17-20h),Success,1229000,AGT-002,False
CALL-82108,CUST-10649,72,Noon (11-13h),Not Interested,0,AGT-004,False
CALL-11365,CUST-54024,65,Morning (8-11h),Success,350000,AGT-002,False
CALL-74298,CUST-54024,33,Noon (11-13h),Not Interested,0,AGT-002,False
CALL-92578,CUST-13934,330,Morning (8-11h),Success,1220000,AGT-001,False
CALL-12328,CUST-13934,158,Noon (11-13h),Not Interested,0,AGT-017,False
CALL-14005,CUST-13934,212,Noon (11-13h),Success,1299000,AGT-001,False
CALL-94130,CUST-13934,129,Evening (17-20h),Not Interested,0,AGT-002,False
CALL-84844,CUST-13934,138,Afternoon (13-17h),Call Back Later,0,AGT-002,True
CALL-65690,CUST-27984,28,Afternoon (13-17h),Not Interested,0,AGT-014,False
CALL-24750,CUST-27984,160,Evening (17-20h),Success,1429000,AGT-004,False
CALL-63724,CUST-51450,230,Morning (8-11h),Success,1325000,AGT-003,False
CALL-72195,CUST-93537,11,Afternoon (13-17h),Not Interested,0,AGT-002,False
CALL-98441,CUST-93537,84,Afternoon (13-17h),Not Interested,0,AGT-005,False
CALL-92840,CUST-93537,58,Afternoon (13-17h),Not Interested,0,AGT-001,True
CALL-46157,CUST-93537,186,Morning (8-11h),Success,1494000,AGT-017,True
CALL-36395,CUST-93537,179,Morning (8-11h),Success,890000,AGT-003,True
CALL-54365,CUST-93537,211,Morning (8-11h),Success,2500000,AGT-003,False
CALL-13285,CUST-73308,130,Morning (8-11h),Call Back Later,0,AGT-007,True
CALL-25309,CUST-73308,16,Afternoon (13-17h),Not Interested,0,AGT-002,False
CALL-32269,CUST-73308,153,Afternoon (13-17h),Success,1486000,AGT-007,False
CALL-57735,CUST-73308,30,Afternoon (13-17h),No Answer,0,AGT-011,False
CALL-50112,CUST-39919,176,Evening (17-20h),Success,1440000,AGT-010,False
CALL-87278,CUST-72850,31,Evening (17-20h),Not Interested,0,AGT-004,False
CALL-10451,CUST-72850,46,Morning (8-11h),Not Interested,0,AGT-003,False
CALL-95727,CUST-51600,269,Afternoon (13-17h),Success,1755000,AGT-006,False
CALL-70312,CUST-51600,109,Afternoon (13-17h),Success,1122000,AGT-010,False
CALL-45066,CUST-51600,112,Morning (8-11h),Not Interested,0,AGT-002,False
CALL-86875,CUST-90004,45,Afternoon (13-17h),Call Back Later,0,AGT-001,True
CALL-29890,CUST-90004,249,Afternoon (13-17h),Call Back Later,0,AGT-008,True
CALL-87052,CUST-90004,160,Afternoon (13-17h),Success,619000,AGT-001,False
CALL-30822,CUST-90004,150,Noon (11-13h),Success,840000,AGT-003,True
CALL-36325,CUST-90004,38,Afternoon (13-17h),Call Back Later,0,AGT-001,True
CALL-12699,CUST-59175,130,Morning (8-11h),Call Back Later,0,AGT-004,True
CALL-28408,CUST-59175,587,Morning (8-11h),Success,2233000,AGT-007,False
CALL-70034,CUST-59175,64,Morning (8-11h),Call Back Later,0,AGT-004,True
CALL-51043,CUST-59175,263,Noon (11-13h),Call Back Later,0,AGT-001,True
CALL-59500,CUST-50346,8,Afternoon (13-17h),No Answer,0,AGT-001,False
CALL-66978,CUST-50346,207,Evening (17-20h),Success,1072000,AGT-002,False
CALL-49297,CUST-50346,165,Evening (17-20h),Success,827000,AGT-001,False
CALL-31900,CUST-50346,100,Noon (11-13h),Success,466000,AGT-010,False
CALL-57057,CUST-50346,158,Evening (17-20h),Success,1654000,AGT-002,False
CALL-54335,CUST-50346,161,Morning (8-11h),Success,1085000,AGT-003,False
CALL-87409,CUST-50346,160,Morning (8-11h),Success,2431000,AGT-003,False
CALL-56611,CUST-36931,85,Afternoon (13-17h),Success,1540000,AGT-009,False
CALL-45811,CUST-36931,77,Noon (11-13h),Success,567000,AGT-004,False
CALL-47667,CUST-85290,56,Afternoon (13-17h),Call Back Later,0,AGT-001,True
CALL-54007,CUST-85290,24,Morning (8-11h),Call Back Later,0,AGT-001,True
CALL-95713,CUST-96293,111,Afternoon (13-17h),No Answer,0,AGT-002,False
CALL-25158,CUST-96293,238,Morning (8-11h),Success,657000,AGT-004,False
CALL-76410,CUST-96293,73,Noon (11-13h),Success,454000,AGT-003,False
CALL-86234,CUST-96293,38,Evening (17-20h),Not Interested,0,AGT-006,False
CALL-13797,CUST-96293,58,Evening (17-20h),No Answer,0,AGT-009,False
CALL-34629,CUST-96293,127,Noon (11-13h),Success,797000,AGT-010,False
CALL-27387,CUST-96293,127,Noon (11-13h),Success,1083000,AGT-003,False
CALL-48240,CUST-96293,52,Afternoon (13-17h),No Answer,0,AGT-004,False
CALL-43689,CUST-44303,113,Afternoon (13-17h),Call Back Later,0,AGT-018,True
CALL-23086,CUST-44303,98,Morning (8-11h),No Answer,0,AGT-007,False
CALL-11468,CUST-44303,175,Noon (11-13h),Success,860000,AGT-007,False
CALL-92576,CUST-55428,310,Afternoon (13-17h),Success,2500000,AGT-006,False
CALL-84112,CUST-59532,71,Afternoon (13-17h),Success,906000,AGT-001,True
CALL-49358,CUST-59532,62,Morning (8-11h),Not Interested,0,AGT-001,False
CALL-75345,CUST-59532,125,Afternoon (13-17h),Success,614000,AGT-002,False
CALL-64787,CUST-81050,146,Afternoon (13-17h),Success,1554000,AGT-013,False
CALL-68323,CUST-81050,183,Afternoon (13-17h),Call Back Later,0,AGT-004,True
CALL-51037,CUST-81050,20,Afternoon (13-17h),Call Back Later,0,AGT-008,True
CALL-25645,CUST-81050,439,Morning (8-11h),Success,1299000,AGT-001,False
CALL-12447,CUST-81050,89,Morning (8-11h),Success,1691000,AGT-004,False
CALL-30388,CUST-81050,65,Afternoon (13-17h),Success,849000,AGT-012,False
CALL-60645,CUST-81050,38,Noon (11-13h),No Answer,0,AGT-019,False
CALL-48385,CUST-23665,75,Afternoon (13-17h),Success,1437000,AGT-001,False
CALL-33019,CUST-98071,24,Morning (8-11h),Call Back Later,0,AGT-003,True
CALL-53455,CUST-98071,261,Noon (11-13h),Success,1365000,AGT-002,False
CALL-51832,CUST-98071,100,Morning (8-11h),Not Interested,0,AGT-004,False
CALL-40585,CUST-56181,62,Afternoon (13-17h),Call Back Later,0,AGT-011,True
CALL-47724,CUST-56181,226,Morning (8-11h),Success,483000,AGT-001,True
CALL-14293,CUST-56181,94,Noon (11-13h),No Answer,0,AGT-017,False
CALL-37177,CUST-56181,62,Afternoon (13-17h),Not Interested,0,AGT-014,False
CALL-53356,CUST-56181,352,Afternoon (13-17h),Success,1217000,AGT-001,False
CALL-40997,CUST-56181,77,Noon (11-13h),Success,350000,AGT-003,False
CALL-53163,CUST-56181,12,Afternoon (13-17h),Not Interested,0,AGT-005,False
CALL-78589,CUST-56181,113,Morning (8-11h),Success,1618000,AGT-006,False
CALL-98460,CUST-56181,101,Afternoon (13-17h),Not Interested,0,AGT-007,False
CALL-49461,CUST-73424,64,Noon (11-13h),Success,936000,AGT-005,False
CALL-45857,CUST-73424,55,Morning (8-11h),Not Interested,0,AGT-012,False
CALL-29004,CUST-73424,121,Noon (11-13h),Success,964000,AGT-018,False
CALL-98361,CUST-73424,79,Morning (8-11h),No Answer,0,AGT-003,False
CALL-50603,CUST-73424,89,Afternoon (13-17h),No Answer,0,AGT-006,False
CALL-30643,CUST-73424,141,Morning (8-11h),Success,2109000,AGT-014,False
CALL-12213,CUST-73424,85,Afternoon (13-17h),Not Interested,0,AGT-012,False
CALL-65226,CUST-79825,67,Afternoon (13-17h),Success,1023000,AGT-002,False
CALL-30613,CUST-61113,185,Morning (8-11h),Not Interested,0,AGT-001,False
CALL-54395,CUST-61113,78,Afternoon (13-17h),Not Interested,0,AGT-007,False
CALL-34329,CUST-61113,64,Noon (11-13h),Success,1254000,AGT-003,False
CALL-96751,CUST-71159,30,Afternoon (13-17h),Call Back Later,0,AGT-001,True
CALL-56739,CUST-71159,50,Evening (17-20h),Not Interested,0,AGT-001,False
CALL-31409,CUST-71159,36,Morning (8-11h),Not Interested,0,AGT-016,False
CALL-47970,CUST-71159,28,Morning (8-11h),Success,350000,AGT-001,False
CALL-57406,CUST-71159,56,Afternoon (13-17h),Call Back Later,0,AGT-013,True
CALL-66858,CUST-71159,144,Evening (17-20h),Success,2500000,AGT-010,False
CALL-25164,CUST-71159,109,Evening (17-20h),Success,1481000,AGT-006,False
CALL-72216,CUST-93177,84,Evening (17-20h),No Answer,0,AGT-012,False
CALL-97577,CUST-93177,158,Afternoon (13-17h),Success,2463000,AGT-007,True
CALL-90547,CUST-93177,68,Morning (8-11h),Not Interested,0,AGT-005,False
CALL-33077,CUST-52166,137,Afternoon (13-17h),No Answer,0,AGT-001,False
CALL-77181,CUST-44226,180,Morning (8-11h),Success,1181000,AGT-001,False
CALL-58616,CUST-44226,12,Afternoon (13-17h),Not Interested,0,AGT-009,False
CALL-44914,CUST-44226,108,Afternoon (13-17h),Success,413000,AGT-009,False
CALL-13207,CUST-67268,151,Afternoon (13-17h),Success,2053000,AGT-008,False
CALL-69259,CUST-67268,144,Morning (8-11h),Not Interested,0,AGT-009,False
CALL-97299,CUST-67268,113,Afternoon (13-17h),Success,1152000,AGT-006,True
CALL-66036,CUST-67268,72,Morning (8-11h),Success,618000,AGT-009,False
CALL-69075,CUST-67268,92,Evening (17-20h),Not Interested,0,AGT-004,False
CALL-11970,CUST-67268,274,Afternoon (13-17h),Call Back Later,0,AGT-003,True
CALL-20059,CUST-67268,16,Noon (11-13h),No Answer,0,AGT-001,False
CALL-33938,CUST-39727,58,Morning (8-11h),Call Back Later,0,AGT-011,True
CALL-16249,CUST-64490,109,Evening (17-20h),Success,1113000,AGT-003,False
CALL-30900,CUST-58878,29,Afternoon (13-17h),Call Back Later,0,AGT-016,True
CALL-80019,CUST-48041,87,Afternoon (13-17h),Not Interested,0,AGT-003,False
CALL-16742,CUST-48041,187,Afternoon (13-17h),Success,1509000,AGT-005,False
CALL-53731,CUST-48041,165,Evening (17-20h),Call Back Later,0,AGT-013,True
CALL-78365,CUST-48041,107,Afternoon (13-17h),Not Interested,0,AGT-017,False
CALL-47769,CUST-48041,124,Evening (17-20h),Success,637000,AGT-013,False
CALL-98606,CUST-48041,5,Morning (8-11h),Not Interested,0,AGT-012,False
CALL-55618,CUST-48041,39,Afternoon (13-17h),No Answer,0,AGT-002,False
CALL-72487,CUST-48041,64,Afternoon (13-17h),Call Back Later,0,AGT-001,True
CALL-37330,CUST-48041,82,Evening (17-20h),Not Interested,0,AGT-002,False
CALL-38556,CUST-48041,193,Evening (17-20h),Success,1551000,AGT-001,False
CALL-69649,CUST-48041,365,Evening (17-20h),Not Interested,0,AGT-013,False
CALL-57150,CUST-48041,91,Afternoon (13-17h),Success,515000,AGT-019,False
CALL-44181,CUST-48041,88,Afternoon (13-17h),Not Interested,0,AGT-001,False
CALL-59903,CUST-48041,107,Noon (11-13h),Call Back Later,0,AGT-009,True
CALL-69254,CUST-51651,54,Noon (11-13h),Not Interested,0,AGT-009,False
CALL-86160,CUST-51651,298,Afternoon (13-17h),Success,733000,AGT-001,False
CALL-20071,CUST-51651,48,Morning (8-11h),Call Back Later,0,AGT-010,True
CALL-14920,CUST-91921,50,Morning (8-11h),No Answer,0,AGT-020,False
CALL-53175,CUST-22892,67,Noon (11-13h),Success,649000,AGT-002,False
CALL-27367,CUST-14026,329,Afternoon (13-17h),Success,948000,AGT-004,False
CALL-65196,CUST-14026,150,Morning (8-11h),Success,714000,AGT-002,False
CALL-43147,CUST-14026,106,Morning (8-11h),Call Back Later,0,AGT-010,True
CALL-97327,CUST-14026,84,Evening (17-20h),Success,1352000,AGT-009,False
CALL-46073,CUST-62162,100,Afternoon (13-17h),Success,439000,AGT-004,False
CALL-80637,CUST-62162,40,Noon (11-13h),No Answer,0,AGT-003,False
CALL-74162,CUST-62162,10,Morning (8-11h),No Answer,0,AGT-012,False
CALL-18059,CUST-62162,206,Afternoon (13-17h),Success,1232000,AGT-001,False
CALL-73223,CUST-62162,32,Afternoon (13-17h),Not Interested,0,AGT-016,False
CALL-74793,CUST-62162,289,Morning (8-11h),Success,1972000,AGT-003,False
CALL-92936,CUST-62162,154,Afternoon (13-17h),Success,907000,AGT-006,True
CALL-39666,CUST-62162,91,Evening (17-20h),No Answer,0,AGT-006,False
CALL-49032,CUST-64244,144,Afternoon (13-17h),Success,553000,AGT-012,False
CALL-22015,CUST-64244,117,Morning (8-11h),No Answer,0,AGT-001,False
CALL-83663,CUST-64244,101,Afternoon (13-17h),Success,1198000,AGT-001,False
CALL-68350,CUST-64244,108,Morning (8-11h),Call Back Later,0,AGT-005,True
CALL-68623,CUST-64244,208,Morning (8-11h),Success,350000,AGT-008,False
CALL-82379,CUST-64244,147,Afternoon (13-17h),Success,688000,AGT-001,False
CALL-83216,CUST-64244,96,Evening (17-20h),Success,494000,AGT-002,False
CALL-43338,CUST-64244,183,Noon (11-13h),Call Back Later,0,AGT-003,True
CALL-11967,CUST-22130,314,Afternoon (13-17h),Not Interested,0,AGT-012,False
CALL-72756,CUST-99065,94,Afternoon (13-17h),Call Back Later,0,AGT-003,True
CALL-90003,CUST-99065,58,Afternoon (13-17h),Call Back Later,0,AGT-017,True
CALL-32813,CUST-99065,193,Morning (8-11h),Call Back Later,0,AGT-002,True
CALL-89706,CUST-99065,95,Morning (8-11h),Success,476000,AGT-001,False
CALL-58791,CUST-99065,237,Afternoon (13-17h),Success,740000,AGT-001,False
CALL-40186,CUST-99065,39,Evening (17-20h),No Answer,0,AGT-009,False
CALL-69026,CUST-99065,73,Evening (17-20h),Not Interested,0,AGT-009,False
CALL-25217,CUST-99065,385,Afternoon (13-17h),Not Interested,0,AGT-010,False
CALL-54459,CUST-55633,70,Evening (17-20h),Call Back Later,0,AGT-003,True
CALL-88065,CUST-94266,243,Morning (8-11h),Success,413000,AGT-003,False
CALL-29987,CUST-94266,57,Morning (8-11h),Not Interested,0,AGT-001,False
CALL-28638,CUST-31469,182,Morning (8-11h),Success,508000,AGT-003,False
CALL-10914,CUST-67438,47,Afternoon (13-17h),Not Interested,0,AGT-001,False
CALL-84230,CUST-67438,196,Afternoon (13-17h),Success,1186000,AGT-006,False
CALL-77756,CUST-67438,86,Evening (17-20h),Call Back Later,0,AGT-001,True
CALL-65519,CUST-67438,72,Morning (8-11h),Call Back Later,0,AGT-015,True
CALL-86229,CUST-67438,87,Morning (8-11h),Success,810000,AGT-005,False
CALL-28323,CUST-67438,109,Morning (8-11h),Call Back Later,0,AGT-013,True
CALL-39704,CUST-67438,126,Morning (8-11h),Success,384000,AGT-006,False
CALL-86262,CUST-85540,35,Noon (11-13h),Success,1127000,AGT-007,False
CALL-20411,CUST-85540,137,Noon (11-13h),Not Interested,0,AGT-011,False
CALL-92125,CUST-58742,27,Morning (8-11h),Not Interested,0,AGT-001,False
CALL-60450,CUST-58742,218,Afternoon (13-17h),Success,375000,AGT-001,False
CALL-22612,CUST-58742,144,Morning (8-11h),Not Interested,0,AGT-016,False
CALL-66579,CUST-58742,144,Morning (8-11h),No Answer,0,AGT-001,False
CALL-66399,CUST-20570,195,Noon (11-13h),Success,998000,AGT-017,False
CALL-84992,CUST-20570,148,Evening (17-20h),Success,934000,AGT-001,False
CALL-88946,CUST-82391,324,Evening (17-20h),Success,662000,AGT-007,False
CALL-18991,CUST-82391,48,Morning (8-11h),Not Interested,0,AGT-012,False
CALL-99199,CUST-82391,34,Morning (8-11h),Not Interested,0,AGT-010,False
CALL-59584,CUST-82391,331,Afternoon (13-17h),No Answer,0,AGT-011,False
CALL-38753,CUST-82391,149,Evening (17-20h),Success,384000,AGT-003,False
CALL-55221,CUST-82391,161,Afternoon (13-17h),Success,2076000,AGT-017,True
CALL-62939,CUST-82391,44,Afternoon (13-17h),Success,2238000,AGT-005,True
CALL-67418,CUST-82391,155,Afternoon (13-17h),Success,1419000,AGT-001,False
CALL-91801,CUST-75025,100,Afternoon (13-17h),Not Interested,0,AGT-016,False
CALL-47354,CUST-75025,180,Evening (17-20h),Success,2500000,AGT-013,False
CALL-93786,CUST-75025,114,Afternoon (13-17h),Not Interested,0,AGT-007,False
CALL-53385,CUST-75025,100,Morning (8-11h),Not Interested,0,AGT-003,False
CALL-59058,CUST-75025,115,Evening (17-20h),Success,2079000,AGT-013,False
CALL-43061,CUST-75025,65,Noon (11-13h),Not Interested,0,AGT-011,False
CALL-37157,CUST-62370,78,Morning (8-11h),Success,2062000,AGT-005,False
CALL-59723,CUST-62370,251,Afternoon (13-17h),Success,1005000,AGT-002,False
CALL-12792,CUST-62370,158,Evening (17-20h),Success,1532000,AGT-010,False
CALL-83389,CUST-37937,95,Afternoon (13-17h),Not Interested,0,AGT-013,False
CALL-70470,CUST-37937,157,Morning (8-11h),Success,621000,AGT-001,False
CALL-43339,CUST-39692,139,Afternoon (13-17h),Success,1906000,AGT-001,False
CALL-38588,CUST-39692,80,Afternoon (13-17h),Success,709000,AGT-011,False
CALL-85020,CUST-39692,65,Noon (11-13h),No Answer,0,AGT-014,False
CALL-48468,CUST-39692,77,Morning (8-11h),No Answer,0,AGT-002,False
CALL-88652,CUST-39692,225,Evening (17-20h),Success,1233000,AGT-006,False
CALL-98120,CUST-39692,94,Morning (8-11h),Not Interested,0,AGT-001,False
CALL-98669,CUST-39692,246,Morning (8-11h),Success,445000,AGT-011,False
CALL-38608,CUST-71458,72,Afternoon (13-17h),Call Back Later,0,AGT-012,True
CALL-31628,CUST-74794,58,Noon (11-13h),No Answer,0,AGT-001,False
CALL-98541,CUST-74794,98,Evening (17-20h),Not Interested,0,AGT-010,False
CALL-24313,CUST-74794,133,Afternoon (13-17h),Success,807000,AGT-003,False
CALL-93611,CUST-74794,115,Afternoon (13-17h),Success,793000,AGT-005,False
CALL-39468,CUST-31173,146,Afternoon (13-17h),Call Back Later,0,AGT-016,True
CALL-20213,CUST-31173,149,Afternoon (13-17h),Success,494000,AGT-014,False
CALL-32689,CUST-31173,175,Afternoon (13-17h),Not Interested,0,AGT-004,False
CALL-43706,CUST-31173,45,Afternoon (13-17h),No Answer,0,AGT-013,False
CALL-74978,CUST-60760,67,Afternoon (13-17h),Success,964000,AGT-002,False
CALL-42015,CUST-60760,121,Evening (17-20h),Call Back Later,0,AGT-001,True
CALL-94374,CUST-15827,80,Morning (8-11h),Success,882000,AGT-003,False
CALL-84144,CUST-15827,99,Morning (8-11h),Not Interested,0,AGT-005,False
CALL-53891,CUST-15827,109,Noon (11-13h),Success,500000,AGT-006,False
CALL-44111,CUST-47326,90,Noon (11-13h),No Answer,0,AGT-001,False
CALL-90296,CUST-47326,79,Morning (8-11h),Call Back Later,0,AGT-004,True
CALL-25173,CUST-47326,54,Afternoon (13-17h),No Answer,0,AGT-001,False
CALL-25941,CUST-47326,93,Noon (11-13h),Call Back Later,0,AGT-003,True
CALL-32838,CUST-47326,76,Morning (8-11h),Not Interested,0,AGT-006,False
CALL-37306,CUST-47326,188,Evening (17-20h),Success,2335000,AGT-003,False
CALL-14163,CUST-49777,161,Afternoon (13-17h),Success,1042000,AGT-001,True
CALL-15410,CUST-49777,44,Noon (11-13h),Not Interested,0,AGT-008,False
CALL-15486,CUST-49777,297,Afternoon (13-17h),Success,350000,AGT-005,False
CALL-34687,CUST-49777,78,Afternoon (13-17h),Success,1121000,AGT-001,False
CALL-24054,CUST-49777,33,Noon (11-13h),No Answer,0,AGT-001,False
CALL-51128,CUST-49777,70,Afternoon (13-17h),Not Interested,0,AGT-003,False
CALL-59769,CUST-49777,28,Evening (17-20h),Not Interested,0,AGT-017,False
CALL-17884,CUST-49777,32,Afternoon (13-17h),Not Interested,0,AGT-003,False
CALL-37442,CUST-49777,533,Evening (17-20h),Success,798000,AGT-019,False
CALL-28145,CUST-49777,182,Evening (17-20h),Success,978000,AGT-010,False
CALL-64803,CUST-85447,40,Afternoon (13-17h),Not Interested,0,AGT-019,False
CALL-64832,CUST-85447,22,Afternoon (13-17h),Not Interested,0,AGT-014,False
CALL-86665,CUST-86959,99,Afternoon (13-17h),No Answer,0,AGT-012,False
CALL-35415,CUST-86959,18,Noon (11-13h),No Answer,0,AGT-001,True
CALL-19243,CUST-86959,95,Afternoon (13-17h),Success,1819000,AGT-002,False
CALL-78140,CUST-86959,140,Afternoon (13-17h),Success,2283000,AGT-008,False
CALL-15068,CUST-86959,148,Afternoon (13-17h),Success,393000,AGT-002,False
CALL-99578,CUST-86959,40,Afternoon (13-17h),Success,350000,AGT-006,False
CALL-88543,CUST-86959,126,Afternoon (13-17h),No Answer,0,AGT-001,False
CALL-30588,CUST-80765,219,Morning (8-11h),Success,810000,AGT-004,False
CALL-15091,CUST-80765,80,Afternoon (13-17h),Call Back Later,0,AGT-010,True
CALL-49454,CUST-80765,38,Evening (17-20h),No Answer,0,AGT-011,True
CALL-92207,CUST-80765,77,Evening (17-20h),Call Back Later,0,AGT-003,True
CALL-56817,CUST-80765,45,Morning (8-11h),Success,388000,AGT-010,False
CALL-32018,CUST-80765,600,Afternoon (13-17h),Success,519000,AGT-006,False
CALL-44593,CUST-42698,193,Evening (17-20h),Success,984000,AGT-003,False
CALL-52372,CUST-42698,165,Morning (8-11h),Success,390000,AGT-001,False
CALL-68100,CUST-42698,22,Evening (17-20h),Not Interested,0,AGT-001,False
CALL-24882,CUST-42698,84,Noon (11-13h),Success,350000,AGT-001,False
CALL-70235,CUST-42698,74,Afternoon (13-17h),Call Back Later,0,AGT-012,True
CALL-68329,CUST-42698,61,Morning (8-11h),No Answer,0,AGT-001,False
CALL-51209,CUST-95828,239,Morning (8-11h),Success,1821000,AGT-004,False
CALL-52480,CUST-95828,455,Noon (11-13h),Success,514000,AGT-001,False
CALL-60770,CUST-95828,61,Morning (8-11h),No Answer,0,AGT-009,False
CALL-54592,CUST-95828,12,Afternoon (13-17h),No Answer,0,AGT-001,False
CALL-32789,CUST-95828,64,Morning (8-11h),No Answer,0,AGT-007,False
CALL-49933,CUST-95828,231,Morning (8-11h),Success,350000,AGT-008,False
CALL-10298,CUST-95828,193,Afternoon (13-17h),Success,1598000,AGT-001,False
CALL-77604,CUST-95828,108,Afternoon (13-17h),No Answer,0,AGT-002,False
CALL-87744,CUST-95828,164,Morning (8-11h),Success,1121000,AGT-019,False
CALL-24567,CUST-48128,79,Morning (8-11h),Success,1741000,AGT-001,False
CALL-21279,CUST-48128,59,Noon (11-13h),Success,597000,AGT-012,False
CALL-39068,CUST-90742,49,Noon (11-13h),Call Back Later,0,AGT-009,True
CALL-94252,CUST-90742,104,Evening (17-20h),Success,982000,AGT-001,True
CALL-46499,CUST-90742,66,Afternoon (13-17h),Success,437000,AGT-015,False
CALL-38510,CUST-90742,41,Morning (8-11h),Success,855000,AGT-001,False
CALL-29258,CUST-90742,120,Evening (17-20h),Call Back Later,0,AGT-006,True
CALL-45775,CUST-90742,73,Evening (17-20h),Success,350000,AGT-001,False
CALL-79066,CUST-90742,237,Evening (17-20h),Not Interested,0,AGT-006,False
CALL-13199,CUST-90742,138,Afternoon (13-17h),Success,1176000,AGT-006,True
CALL-37058,CUST-90742,366,Afternoon (13-17h),Success,975000,AGT-001,False
CALL-57788,CUST-63364,150,Afternoon (13-17h),Call Back Later,0,AGT-012,True
CALL-64831,CUST-63364,97,Morning (8-11h),Success,1826000,AGT-001,False
CALL-37063,CUST-63364,210,Afternoon (13-17h),Success,551000,AGT-001,False
CALL-77355,CUST-63364,336,Afternoon (13-17h),Success,600000,AGT-011,False
CALL-76203,CUST-63364,18,Noon (11-13h),No Answer,0,AGT-001,False
CALL-68855,CUST-63364,212,Noon (11-13h),Success,1191000,AGT-019,False
CALL-54628,CUST-63364,104,Morning (8-11h),No Answer,0,AGT-016,False
CALL-86215,CUST-79756,152,Afternoon (13-17h),Success,1710000,AGT-001,False
CALL-37685,CUST-79756,355,Afternoon (13-17h),Success,1592000,AGT-005,False
CALL-90757,CUST-79756,111,Afternoon (13-17h),Call Back Later,0,AGT-006,True
CALL-14599,CUST-79756,39,Noon (11-13h),No Answer,0,AGT-001,False
CALL-87963,CUST-79756,25,Afternoon (13-17h),Not Interested,0,AGT-017,False
CALL-79850,CUST-79756,347,Morning (8-11h),Success,899000,AGT-002,False
CALL-83075,CUST-79756,138,Morning (8-11h),Success,1027000,AGT-001,False
CALL-65083,CUST-79756,111,Morning (8-11h),Success,350000,AGT-018,False
CALL-37441,CUST-13349,319,Morning (8-11h),Success,1109000,AGT-001,False
CALL-61855,CUST-61531,56,Morning (8-11h),Success,922000,AGT-003,True
CALL-77536,CUST-47249,56,Morning (8-11h),Not Interested,0,AGT-005,False
CALL-57640,CUST-36276,397,Evening (17-20h),Call Back Later,0,AGT-002,True
CALL-99531,CUST-36276,48,Morning (8-11h),Call Back Later,0,AGT-014,True
CALL-24627,CUST-36276,32,Afternoon (13-17h),No Answer,0,AGT-005,False
CALL-68941,CUST-38096,392,Afternoon (13-17h),Success,350000,AGT-006,False
CALL-82838,CUST-38096,206,Morning (8-11h),Success,791000,AGT-009,False
CALL-72500,CUST-63189,103,Noon (11-13h),Not Interested,0,AGT-018,False
CALL-52630,CUST-14955,531,Afternoon (13-17h),Success,1849000,AGT-010,False
CALL-45309,CUST-14955,70,Morning (8-11h),Call Back Later,0,AGT-001,True
CALL-68305,CUST-14955,174,Morning (8-11h),Success,389000,AGT-010,False
CALL-31633,CUST-48194,159,Morning (8-11h),Call Back Later,0,AGT-006,True
CALL-23978,CUST-61843,325,Afternoon (13-17h),Call Back Later,0,AGT-016,True
CALL-74846,CUST-61843,55,Morning (8-11h),No Answer,0,AGT-018,False
CALL-99836,CUST-61843,392,Afternoon (13-17h),Success,685000,AGT-018,False
CALL-44071,CUST-62031,492,Morning (8-11h),Success,1835000,AGT-007,False
CALL-23633,CUST-62031,284,Afternoon (13-17h),Success,843000,AGT-010,False
CALL-91742,CUST-62031,61,Morning (8-11h),Call Back Later,0,AGT-003,True
CALL-10309,CUST-62031,134,Afternoon (13-17h),Success,358000,AGT-013,False
CALL-32032,CUST-62031,159,Afternoon (13-17h),Success,478000,AGT-001,False
CALL-85161,CUST-62031,154,Afternoon (13-17h),No Answer,0,AGT-004,False
CALL-94696,CUST-62031,24,Afternoon (13-17h),Not Interested,0,AGT-015,False
CALL-46759,CUST-62031,192,Morning (8-11h),Success,1300000,AGT-018,False
CALL-83748,CUST-62031,142,Afternoon (13-17h),Success,651000,AGT-014,False
CALL-15643,CUST-18861,99,Afternoon (13-17h),Success,1942000,AGT-001,False
CALL-54686,CUST-18861,107,Morning (8-11h),Success,772000,AGT-008,False
CALL-93170,CUST-18861,544,Evening (17-20h),Success,614000,AGT-006,False
CALL-95193,CUST-45452,287,Afternoon (13-17h),Success,1443000,AGT-001,False
CALL-65816,CUST-45452,20,Evening (17-20h),Call Back Later,0,AGT-002,True
CALL-33855,CUST-45452,100,Noon (11-13h),Call Back Later,0,AGT-001,True
CALL-65329,CUST-75831,250,Afternoon (13-17h),Success,2149000,AGT-005,False
CALL-96582,CUST-75831,292,Noon (11-13h),Success,666000,AGT-008,False
CALL-11733,CUST-86227,151,Noon (11-13h),Not Interested,0,AGT-009,False
CALL-48074,CUST-86227,41,Noon (11-13h),Not Interested,0,AGT-001,False
CALL-75262,CUST-67187,37,Afternoon (13-17h),Not Interested,0,AGT-005,False
CALL-60594,CUST-67187,189,Morning (8-11h),Call Back Later,0,AGT-003,True
CALL-40339,CUST-67187,83,Morning (8-11h),Success,1054000,AGT-005,False
CALL-87225,CUST-67187,49,Evening (17-20h),Call Back Later,0,AGT-013,True
CALL-10798,CUST-40050,6,Evening (17-20h),Not Interested,0,AGT-018,False
CALL-28826,CUST-40050,27,Afternoon (13-17h),Call Back Later,0,AGT-001,True
CALL-86884,CUST-40050,139,Morning (8-11h),Success,1147000,AGT-002,True
CALL-30944,CUST-40050,94,Morning (8-11h),Not Interested,0,AGT-017,False
CALL-18860,CUST-31697,314,Afternoon (13-17h),Success,2500000,AGT-007,False
CALL-78667,CUST-31697,33,Afternoon (13-17h),Success,468000,AGT-009,False
CALL-57122,CUST-31697,61,Afternoon (13-17h),No Answer,0,AGT-003,False
CALL-87064,CUST-31697,72,Evening (17-20h),No Answer,0,AGT-001,False
CALL-72534,CUST-98015,128,Noon (11-13h),Call Back Later,0,AGT-003,True
CALL-64502,CUST-26872,73,Evening (17-20h),Success,395000,AGT-001,False
CALL-78420,CUST-26872,55,Afternoon (13-17h),Not Interested,0,AGT-001,False
CALL-96504,CUST-26872,154,Afternoon (13-17h),Success,1668000,AGT-006,False
CALL-96747,CUST-21788,123,Afternoon (13-17h),Success,690000,AGT-004,False
CALL-58663,CUST-21788,211,Morning (8-11h),Success,921000,AGT-003,False
CALL-16810,CUST-21788,92,Evening (17-20h),Call Back Later,0,AGT-007,True
CALL-87254,CUST-21788,272,Morning (8-11h),Success,886000,AGT-007,False
CALL-70100,CUST-97961,49,Morning (8-11h),Call Back Later,0,AGT-009,True
CALL-68645,CUST-97961,189,Evening (17-20h),Success,724000,AGT-003,False
CALL-74588,CUST-97961,226,Morning (8-11h),Success,865000,AGT-009,False
CALL-47102,CUST-27894,8,Evening (17-20h),No Answer,0,AGT-012,False
CALL-66463,CUST-82471,192,Evening (17-20h),Success,955000,AGT-018,True
CALL-42724,CUST-61785,103,Afternoon (13-17h),Success,433000,AGT-001,False
CALL-21395,CUST-61785,130,Evening (17-20h),Success,1044000,AGT-010,False
CALL-99278,CUST-61785,309,Afternoon (13-17h),No Answer,0,AGT-001,False
CALL-31909,CUST-61785,111,Afternoon (13-17h),No Answer,0,AGT-003,False
CALL-63377,CUST-61785,46,Afternoon (13-17h),No Answer,0,AGT-004,False
CALL-86133,CUST-61785,181,Afternoon (13-17h),Call Back Later,0,AGT-001,True
CALL-50848,CUST-61785,97,Morning (8-11h),Success,608000,AGT-004,False
CALL-50999,CUST-33447,113,Afternoon (13-17h),Success,685000,AGT-002,False
CALL-72476,CUST-33447,104,Morning (8-11h),Call Back Later,0,AGT-002,True
CALL-74173,CUST-51910,205,Evening (17-20h),Success,831000,AGT-006,False
CALL-28115,CUST-51910,153,Afternoon (13-17h),Not Interested,0,AGT-008,False
CALL-87903,CUST-60823,115,Morning (8-11h),No Answer,0,AGT-015,False
CALL-18739,CUST-60823,145,Evening (17-20h),Not Interested,0,AGT-010,False
CALL-70316,CUST-60823,48,Evening (17-20h),No Answer,0,AGT-011,False
CALL-67273,CUST-60823,193,Afternoon (13-17h),Success,1379000,AGT-011,False
CALL-76842,CUST-60823,156,Morning (8-11h),Success,1551000,AGT-001,True
CALL-66381,CUST-60823,338,Evening (17-20h),Success,443000,AGT-003,True
CALL-62077,CUST-60823,68,Evening (17-20h),No Answer,0,AGT-006,False
CALL-64070,CUST-60823,70,Morning (8-11h),Success,588000,AGT-003,False
CALL-13816,CUST-60487,136,Afternoon (13-17h),Not Interested,0,AGT-013,False
CALL-68068,CUST-60487,111,Evening (17-20h),Success,1144000,AGT-005,False
CALL-95572,CUST-60487,46,Afternoon (13-17h),Success,367000,AGT-001,False
CALL-23883,CUST-60487,38,Evening (17-20h),Success,1058000,AGT-001,False
CALL-23359,CUST-60487,262,Afternoon (13-17h),Success,982000,AGT-012,False
CALL-35851,CUST-60487,62,Morning (8-11h),Success,871000,AGT-014,False
CALL-64140,CUST-60487,92,Afternoon (13-17h),Success,1244000,AGT-020,False
CALL-97941,CUST-60487,35,Noon (11-13h),Not Interested,0,AGT-011,False
CALL-14783,CUST-41553,495,Afternoon (13-17h),No Answer,0,AGT-011,False
CALL-31616,CUST-41553,65,Afternoon (13-17h),Success,1709000,AGT-003,True
CALL-18447,CUST-41553,102,Evening (17-20h),Call Back Later,0,AGT-009,True
CALL-24328,CUST-41553,23,Afternoon (13-17h),No Answer,0,AGT-004,False
CALL-62755,CUST-41553,130,Noon (11-13h),Success,869000,AGT-011,False
CALL-51971,CUST-41553,405,Morning (8-11h),Success,1302000,AGT-001,False
CALL-48900,CUST-41553,39,Afternoon (13-17h),Not Interested,0,AGT-007,False
CALL-20368,CUST-41553,135,Evening (17-20h),Call Back Later,0,AGT-002,True
CALL-10043,CUST-41553,79,Evening (17-20h),No Answer,0,AGT-007,False
CALL-40016,CUST-41553,116,Evening (17-20h),Call Back Later,0,AGT-015,True
CALL-89248,CUST-41553,85,Morning (8-11h),Call Back Later,0,AGT-007,True
CALL-26752,CUST-41553,32,Afternoon (13-17h),No Answer,0,AGT-005,False
CALL-58068,CUST-41553,144,Afternoon (13-17h),Success,1474000,AGT-002,False
CALL-82425,CUST-41553,216,Morning (8-11h),Success,1331000,AGT-017,False
CALL-59224,CUST-41553,82,Noon (11-13h),Success,2500000,AGT-001,False
CALL-16306,CUST-41553,260,Afternoon (13-17h),Success,350000,AGT-001,False
CALL-78302,CUST-41553,263,Evening (17-20h),Success,1298000,AGT-016,False
CALL-97188,CUST-93773,216,Morning (8-11h),Success,1597000,AGT-010,False
CALL-20673,CUST-93773,44,Afternoon (13-17h),No Answer,0,AGT-001,False
CALL-51141,CUST-64811,177,Noon (11-13h),Not Interested,0,AGT-004,False
CALL-84091,CUST-65710,164,Noon (11-13h),Success,957000,AGT-011,False
CALL-73006,CUST-65710,53,Morning (8-11h),Not Interested,0,AGT-019,False
CALL-35363,CUST-65710,75,Afternoon (13-17h),Success,2392000,AGT-012,False
CALL-83802,CUST-63716,117,Morning (8-11h),Success,589000,AGT-003,False
CALL-44787,CUST-63716,72,Afternoon (13-17h),Success,687000,AGT-013,False
CALL-20037,CUST-63716,103,Morning (8-11h),Not Interested,0,AGT-013,False
CALL-20954,CUST-63716,348,Noon (11-13h),Success,350000,AGT-002,False
CALL-89873,CUST-63716,56,Afternoon (13-17h),Not Interested,0,AGT-017,False
CALL-30159,CUST-21000,55,Afternoon (13-17h),No Answer,0,AGT-003,False
CALL-51683,CUST-21000,248,Morning (8-11h),Success,793000,AGT-002,True
CALL-82331,CUST-21000,122,Afternoon (13-17h),Success,1259000,AGT-017,False
CALL-32282,CUST-21000,134,Afternoon (13-17h),Not Interested,0,AGT-009,False
CALL-93353,CUST-21000,93,Noon (11-13h),Call Back Later,0,AGT-014,True
CALL-85642,CUST-21000,94,Afternoon (13-17h),Success,932000,AGT-004,False
CALL-20644,CUST-21000,107,Afternoon (13-17h),Success,844000,AGT-006,False
CALL-33482,CUST-21000,134,Evening (17-20h),Success,902000,AGT-019,False
CALL-36818,CUST-23514,214,Morning (8-11h),Success,2047000,AGT-008,False
CALL-25084,CUST-44007,48,Afternoon (13-17h),Call Back Later,0,AGT-015,True
CALL-67412,CUST-44007,60,Morning (8-11h),Call Back Later,0,AGT-017,True
CALL-36938,CUST-44007,252,Morning (8-11h),Success,804000,AGT-006,False
CALL-23559,CUST-44007,127,Afternoon (13-17h),Success,482000,AGT-020,False
CALL-62729,CUST-44007,85,Evening (17-20h),Not Interested,0,AGT-012,False
CALL-44234,CUST-21738,148,Noon (11-13h),Success,1345000,AGT-002,False
CALL-63607,CUST-21738,74,Afternoon (13-17h),Success,693000,AGT-005,True
CALL-52844,CUST-21738,241,Afternoon (13-17h),Success,814000,AGT-005,False
CALL-35017,CUST-21738,64,Afternoon (13-17h),No Answer,0,AGT-003,False
CALL-88020,CUST-21738,72,Afternoon (13-17h),No Answer,0,AGT-005,False
CALL-12652,CUST-21738,83,Noon (11-13h),No Answer,0,AGT-012,False
CALL-64394,CUST-21738,164,Afternoon (13-17h),Success,493000,AGT-006,False
CALL-82971,CUST-21738,261,Morning (8-11h),Success,2500000,AGT-016,False
CALL-13050,CUST-21738,178,Afternoon (13-17h),Success,896000,AGT-006,False
CALL-48153,CUST-84862,215,Afternoon (13-17h),Success,1694000,AGT-003,False
CALL-19346,CUST-84862,25,Afternoon (13-17h),Call Back Later,0,AGT-010,True
CALL-99105,CUST-78352,24,Morning (8-11h),Not Interested,0,AGT-001,False
CALL-14350,CUST-78352,32,Morning (8-11h),No Answer,0,AGT-005,False
CALL-99028,CUST-78352,109,Morning (8-11h),Success,813000,AGT-013,False
CALL-86232,CUST-78352,78,Morning (8-11h),Success,1607000,AGT-015,False
CALL-27290,CUST-78352,34,Noon (11-13h),Call Back Later,0,AGT-001,True
CALL-73460,CUST-78352,5,Noon (11-13h),Not Interested,0,AGT-015,False
CALL-58007,CUST-78352,173,Morning (8-11h),Success,592000,AGT-007,False
CALL-15309,CUST-78352,294,Noon (11-13h),Success,1541000,AGT-001,False
CALL-10424,CUST-41998,220,Afternoon (13-17h),Success,750000,AGT-001,False
CALL-56181,CUST-41998,104,Morning (8-11h),Success,1422000,AGT-003,False
CALL-47816,CUST-41998,137,Morning (8-11h),Success,2063000,AGT-004,False
CALL-12535,CUST-41998,64,Afternoon (13-17h),Success,806000,AGT-002,False
CALL-85495,CUST-41998,114,Evening (17-20h),Call Back Later,0,AGT-001,True
CALL-45446,CUST-41998,107,Morning (8-11h),Not Interested,0,AGT-004,False
CALL-88107,CUST-45457,157,Afternoon (13-17h),Call Back Later,0,AGT-017,True
CALL-39663,CUST-27972,61,Morning (8-11h),Success,848000,AGT-018,False
CALL-49233,CUST-27972,487,Morning (8-11h),Success,791000,AGT-004,True
CALL-72867,CUST-27972,38,Morning (8-11h),Call Back Later,0,AGT-016,True
CALL-77243,CUST-27972,136,Noon (11-13h),No Answer,0,AGT-001,True
CALL-37874,CUST-27972,192,Afternoon (13-17h),Success,706000,AGT-014,False
CALL-56535,CUST-63544,41,Afternoon (13-17h),No Answer,0,AGT-006,False
CALL-30393,CUST-15741,21,Afternoon (13-17h),Call Back Later,0,AGT-001,True
CALL-86811,CUST-15741,195,Noon (11-13h),Success,739000,AGT-001,False
CALL-92416,CUST-15741,493,Noon (11-13h),Call Back Later,0,AGT-001,True
CALL-44341,CUST-15741,14,Morning (8-11h),Not Interested,0,AGT-002,False
CALL-23209,CUST-15741,490,Morning (8-11h),Success,495000,AGT-005,False
CALL-22727,CUST-15741,201,Morning (8-11h),Success,2114000,AGT-011,False
CALL-65991,CUST-15741,112,Afternoon (13-17h),Success,664000,AGT-006,False
CALL-89143,CUST-15741,220,Noon (11-13h),Not Interested,0,AGT-005,False
CALL-27610,CUST-15741,269,Morning (8-11h),Success,1152000,AGT-002,False
CALL-61137,CUST-15741,98,Morning (8-11h),Not Interested,0,AGT-007,False
CALL-58856,CUST-15741,591,Afternoon (13-17h),Success,752000,AGT-019,False
CALL-47857,CUST-15741,480,Evening (17-20h),Success,651000,AGT-017,False
CALL-38358,CUST-15741,68,Morning (8-11h),Call Back Later,0,AGT-003,True
CALL-47609,CUST-15741,147,Afternoon (13-17h),Not Interested,0,AGT-004,False
CALL-19807,CUST-15741,39,Morning (8-11h),No Answer,0,AGT-003,False
CALL-73178,CUST-35281,29,Morning (8-11h),Call Back Later,0,AGT-006,True
CALL-29541,CUST-35281,88,Morning (8-11h),Success,956000,AGT-003,False
CALL-73188,CUST-35281,143,Afternoon (13-17h),Success,876000,AGT-002,False
CALL-51720,CUST-35281,52,Morning (8-11h),Call Back Later,0,AGT-001,True
CALL-96148,CUST-86881,215,Afternoon (13-17h),Success,742000,AGT-013,False
CALL-88819,CUST-86881,153,Evening (17-20h),Success,357000,AGT-005,False
CALL-17105,CUST-86881,121,Morning (8-11h),Success,575000,AGT-001,False
CALL-65695,CUST-86881,59,Afternoon (13-17h),Not Interested,0,AGT-005,False
CALL-29133,CUST-86881,65,Morning (8-11h),Success,805000,AGT-008,False
CALL-88686,CUST-86881,93,Afternoon (13-17h),Success,555000,AGT-001,True
CALL-43676,CUST-86881,69,Afternoon (13-17h),Success,1338000,AGT-020,False
CALL-75018,CUST-86881,84,Morning (8-11h),Success,2121000,AGT-001,True
CALL-27116,CUST-86881,59,Noon (11-13h),Not Interested,0,AGT-005,False
CALL-93709,CUST-86881,165,Noon (11-13h),Success,1287000,AGT-001,False
CALL-76700,CUST-86881,36,Evening (17-20h),Not Interested,0,AGT-013,False
CALL-24388,CUST-86881,238,Morning (8-11h),Success,2500000,AGT-001,False
CALL-51851,CUST-86881,73,Noon (11-13h),Success,1231000,AGT-009,False
CALL-89719,CUST-59753,170,Morning (8-11h),Success,878000,AGT-002,False
CALL-88049,CUST-59753,118,Afternoon (13-17h),Call Back Later,0,AGT-005,True
CALL-73630,CUST-59753,30,Afternoon (13-17h),Not Interested,0,AGT-011,False
CALL-88638,CUST-59753,227,Afternoon (13-17h),Success,447000,AGT-018,False
CALL-27934,CUST-59753,373,Morning (8-11h),Success,1190000,AGT-001,True
CALL-21581,CUST-59753,101,Noon (11-13h),Success,2500000,AGT-013,False
CALL-35091,CUST-59753,156,Evening (17-20h),Success,661000,AGT-002,False
CALL-29436,CUST-59753,124,Afternoon (13-17h),Call Back Later,0,AGT-001,True
CALL-65996,CUST-59753,54,Evening (17-20h),Not Interested,0,AGT-013,False
CALL-48066,CUST-67243,125,Afternoon (13-17h),Success,2143000,AGT-002,False
CALL-40132,CUST-96833,300,Afternoon (13-17h),Call Back Later,0,AGT-013,True
CALL-26612,CUST-96833,260,Evening (17-20h),Success,708000,AGT-015,False
CALL-75340,CUST-96833,88,Afternoon (13-17h),No Answer,0,AGT-007,False
CALL-54327,CUST-96833,86,Afternoon (13-17h),No Answer,0,AGT-003,False
CALL-25231,CUST-96833,50,Morning (8-11h),Not Interested,0,AGT-001,False
CALL-16484,CUST-95992,89,Morning (8-11h),No Answer,0,AGT-001,False
CALL-99230,CUST-95992,138,Afternoon (13-17h),Success,1261000,AGT-007,True
CALL-76302,CUST-95992,134,Noon (11-13h),Success,1104000,AGT-004,False
CALL-68800,CUST-95992,149,Morning (8-11h),Not Interested,0,AGT-008,False
CALL-26828,CUST-95992,148,Noon (11-13h),Success,431000,AGT-001,True
CALL-52754,CUST-95992,60,Afternoon (13-17h),Success,450000,AGT-002,False
CALL-61216,CUST-94789,224,Afternoon (13-17h),Success,611000,AGT-001,True
CALL-13627,CUST-94789,254,Morning (8-11h),Success,1719000,AGT-017,False
CALL-89841,CUST-94789,123,Evening (17-20h),Success,2015000,AGT-002,False
CALL-63087,CUST-94789,600,Afternoon (13-17h),Call Back Later,0,AGT-001,True
CALL-15202,CUST-94789,162,Morning (8-11h),Call Back Later,0,AGT-001,True
CALL-29846,CUST-48274,36,Morning (8-11h),Call Back Later,0,AGT-005,True
CALL-15100,CUST-48274,93,Evening (17-20h),Not Interested,0,AGT-001,False
CALL-52860,CUST-90338,88,Noon (11-13h),Call Back Later,0,AGT-002,True
CALL-25215,CUST-90338,17,Morning (8-11h),Not Interested,0,AGT-006,False
CALL-56255,CUST-90338,97,Morning (8-11h),Not Interested,0,AGT-001,False
CALL-29988,CUST-76101,218,Morning (8-11h),Success,670000,AGT-005,True
CALL-56106,CUST-92324,246,Afternoon (13-17h),Success,1182000,AGT-012,False
CALL-68739,CUST-69917,392,Afternoon (13-17h),Success,905000,AGT-011,False
CALL-37389,CUST-69917,171,Noon (11-13h),Call Back Later,0,AGT-001,True
CALL-92706,CUST-69917,204,Noon (11-13h),Success,793000,AGT-001,False
CALL-15371,CUST-69917,70,Evening (17-20h),Success,1598000,AGT-014,False
CALL-93837,CUST-69917,186,Afternoon (13-17h),Success,534000,AGT-010,False
CALL-19491,CUST-69917,159,Afternoon (13-17h),Success,1237000,AGT-003,False
CALL-99552,CUST-69917,89,Morning (8-11h),No Answer,0,AGT-012,False
CALL-95867,CUST-69917,403,Evening (17-20h),Success,1246000,AGT-001,False
CALL-36782,CUST-69917,36,Afternoon (13-17h),No Answer,0,AGT-001,False
CALL-38811,CUST-69917,125,Morning (8-11h),Call Back Later,0,AGT-007,True
CALL-20658,CUST-69917,300,Evening (17-20h),Success,2500000,AGT-006,False
CALL-65162,CUST-69917,54,Noon (11-13h),Call Back Later,0,AGT-007,True
CALL-84825,CUST-69917,77,Morning (8-11h),Success,881000,AGT-009,False
CALL-22565,CUST-37086,211,Noon (11-13h),Not Interested,0,AGT-003,False
CALL-26363,CUST-37086,211,Afternoon (13-17h),Success,642000,AGT-002,False
CALL-44917,CUST-37086,107,Noon (11-13h),Success,1394000,AGT-007,False
CALL-98220,CUST-37086,149,Afternoon (13-17h),Call Back Later,0,AGT-019,True
CALL-88492,CUST-37086,125,Afternoon (13-17h),Success,1636000,AGT-004,False
CALL-52140,CUST-37086,229,Evening (17-20h),Not Interested,0,AGT-001,False
CALL-20007,CUST-37086,236,Morning (8-11h),Success,1202000,AGT-011,True
CALL-85941,CUST-37086,321,Morning (8-11h),Success,1587000,AGT-003,False
CALL-79863,CUST-37086,320,Afternoon (13-17h),Success,384000,AGT-001,False
CALL-39184,CUST-37086,154,Morning (8-11h),Success,1455000,AGT-001,False
CALL-49952,CUST-37086,44,Noon (11-13h),Not Interested,0,AGT-015,False
CALL-73648,CUST-27836,63,Evening (17-20h),Call Back Later,0,AGT-018,True
CALL-22177,CUST-27836,72,Morning (8-11h),Not Interested,0,AGT-010,False
CALL-18196,CUST-89456,109,Morning (8-11h),No Answer,0,AGT-002,False
CALL-82385,CUST-18289,132,Noon (11-13h),Success,983000,AGT-008,False
CALL-22825,CUST-18289,52,Afternoon (13-17h),No Answer,0,AGT-003,False
CALL-18284,CUST-18289,15,Noon (11-13h),Not Interested,0,AGT-001,False
CALL-60768,CUST-82074,177,Afternoon (13-17h),Success,1628000,AGT-012,False
CALL-32252,CUST-82074,118,Morning (8-11h),Not Interested,0,AGT-010,False
CALL-24249,CUST-82074,421,Morning (8-11h),Call Back Later,0,AGT-014,True
CALL-72197,CUST-46397,70,Afternoon (13-17h),Not Interested,0,AGT-015,False
CALL-26228,CUST-46397,373,Noon (11-13h),Success,1128000,AGT-011,False
CALL-88759,CUST-46397,55,Afternoon (13-17h),No Answer,0,AGT-008,False
CALL-35976,CUST-46397,114,Evening (17-20h),No Answer,0,AGT-001,False
CALL-36960,CUST-46397,124,Morning (8-11h),Success,350000,AGT-001,False
CALL-66672,CUST-56299,27,Afternoon (13-17h),No Answer,0,AGT-002,False
CALL-52273,CUST-65095,144,Afternoon (13-17h),Not Interested,0,AGT-001,False
CALL-37418,CUST-65095,63,Afternoon (13-17h),Success,362000,AGT-001,False
CALL-30185,CUST-65095,271,Morning (8-11h),Success,350000,AGT-001,False
CALL-13858,CUST-66242,207,Morning (8-11h),Success,1065000,AGT-020,False
CALL-46504,CUST-66242,162,Afternoon (13-17h),Success,838000,AGT-012,False
CALL-92358,CUST-66242,76,Morning (8-11h),Call Back Later,0,AGT-001,True
CALL-24063,CUST-66242,40,Morning (8-11h),Call Back Later,0,AGT-001,True
CALL-69998,CUST-66242,360,Noon (11-13h),Success,906000,AGT-010,True
CALL-14607,CUST-66242,340,Afternoon (13-17h),Call Back Later,0,AGT-002,True
CALL-35225,CUST-66242,74,Evening (17-20h),No Answer,0,AGT-016,False
CALL-71638,CUST-66242,234,Afternoon (13-17h),Success,693000,AGT-018,False
CALL-31917,CUST-66242,53,Afternoon (13-17h),No Answer,0,AGT-009,False
CALL-67194,CUST-56835,64,Morning (8-11h),Success,1013000,AGT-002,False
CALL-27561,CUST-56835,118,Morning (8-11h),Success,1160000,AGT-013,False
CALL-10834,CUST-56835,167,Morning (8-11h),Success,649000,AGT-002,False
CALL-28221,CUST-91307,37,Afternoon (13-17h),Not Interested,0,AGT-005,False
CALL-20058,CUST-91307,15,Afternoon (13-17h),Not Interested,0,AGT-001,False
CALL-35852,CUST-91307,61,Morning (8-11h),No Answer,0,AGT-005,False
CALL-50728,CUST-91307,108,Afternoon (13-17h),Success,538000,AGT-002,False
CALL-15136,CUST-91307,35,Afternoon (13-17h),No Answer,0,AGT-011,False
CALL-75140,CUST-79654,82,Afternoon (13-17h),Success,927000,AGT-007,False
CALL-81173,CUST-32260,84,Evening (17-20h),Success,1170000,AGT-004,False
CALL-62268,CUST-32260,479,Morning (8-11h),Success,1046000,AGT-008,False
CALL-83765,CUST-32260,171,Afternoon (13-17h),Success,418000,AGT-002,False
CALL-39818,CUST-84477,139,Morning (8-11h),Success,1081000,AGT-001,False
CALL-12297,CUST-10109,93,Morning (8-11h),Not Interested,0,AGT-003,False
CALL-50534,CUST-10109,320,Morning (8-11h),Success,710000,AGT-007,False
CALL-30287,CUST-28739,39,Noon (11-13h),Success,627000,AGT-001,False
CALL-56236,CUST-28739,194,Morning (8-11h),Success,1720000,AGT-005,False
CALL-38519,CUST-28739,334,Evening (17-20h),Success,1618000,AGT-011,False
CALL-85837,CUST-28739,222,Afternoon (13-17h),Success,537000,AGT-017,False
CALL-69742,CUST-28739,66,Afternoon (13-17h),Success,1004000,AGT-003,False
CALL-83981,CUST-28739,35,Afternoon (13-17h),Not Interested,0,AGT-005,False
CALL-26200,CUST-28739,230,Evening (17-20h),Call Back Later,0,AGT-003,True
CALL-45866,CUST-28739,197,Morning (8-11h),Not Interested,0,AGT-007,False
CALL-15299,CUST-28367,262,Morning (8-11h),Success,522000,AGT-001,False
CALL-38277,CUST-28367,210,Afternoon (13-17h),Success,411000,AGT-001,False
CALL-76366,CUST-28367,277,Afternoon (13-17h),Success,1785000,AGT-006,False
CALL-79123,CUST-28367,93,Morning (8-11h),Success,696000,AGT-003,False
CALL-56777,CUST-28367,127,Afternoon (13-17h),Success,2500000,AGT-003,False
CALL-88518,CUST-28367,43,Noon (11-13h),Call Back Later,0,AGT-004,True
CALL-68135,CUST-41286,34,Evening (17-20h),Call Back Later,0,AGT-004,True
CALL-85172,CUST-41286,160,Afternoon (13-17h),Success,350000,AGT-001,False
CALL-66822,CUST-41286,73,Evening (17-20h),Success,840000,AGT-017,False
CALL-92298,CUST-41286,342,Noon (11-13h),Success,350000,AGT-001,False
CALL-72058,CUST-41286,195,Morning (8-11h),Success,1168000,AGT-003,False
CALL-20738,CUST-96790,135,Afternoon (13-17h),Success,873000,AGT-004,False
CALL-52635,CUST-96790,26,Afternoon (13-17h),Success,2040000,AGT-009,False
CALL-65868,CUST-96790,50,Noon (11-13h),Not Interested,0,AGT-001,True
CALL-13356,CUST-96790,64,Morning (8-11h),Success,1165000,AGT-002,False
CALL-13322,CUST-96790,88,Morning (8-11h),No Answer,0,AGT-014,False
CALL-34344,CUST-71280,242,Afternoon (13-17h),Success,887000,AGT-008,False
CALL-34273,CUST-96781,32,Morning (8-11h),Success,1388000,AGT-001,False
CALL-52719,CUST-30432,474,Morning (8-11h),Call Back Later,0,AGT-010,True
CALL-75845,CUST-30432,216,Afternoon (13-17h),Not Interested,0,AGT-003,False
CALL-15837,CUST-30432,44,Afternoon (13-17h),Not Interested,0,AGT-011,False
CALL-53880,CUST-64524,325,Afternoon (13-17h),Not Interested,0,AGT-001,False
CALL-19993,CUST-64524,193,Afternoon (13-17h),Success,598000,AGT-003,False
CALL-31982,CUST-64524,71,Noon (11-13h),Not Interested,0,AGT-004,False
CALL-19513,CUST-64524,219,Afternoon (13-17h),No Answer,0,AGT-016,False
CALL-47931,CUST-64524,47,Evening (17-20h),Not Interested,0,AGT-018,False
CALL-56896,CUST-66604,128,Morning (8-11h),Success,1150000,AGT-004,False
CALL-52380,CUST-66604,181,Morning (8-11h),Not Interested,0,AGT-005,False
CALL-37012,CUST-71208,49,Noon (11-13h),No Answer,0,AGT-003,False
CALL-21973,CUST-71208,140,Afternoon (13-17h),Success,779000,AGT-002,False
CALL-17214,CUST-71208,167,Afternoon (13-17h),Success,833000,AGT-003,False
CALL-43713,CUST-71208,86,Afternoon (13-17h),Not Interested,0,AGT-013,False
CALL-94070,CUST-71208,65,Afternoon (13-17h),No Answer,0,AGT-014,False
CALL-29623,CUST-71208,132,Afternoon (13-17h),Success,350000,AGT-013,False
CALL-43394,CUST-71208,98,Afternoon (13-17h),Not Interested,0,AGT-001,False
CALL-64015,CUST-71208,362,Afternoon (13-17h),Not Interested,0,AGT-003,False
CALL-21850,CUST-68046,183,Morning (8-11h),Success,779000,AGT-008,False
CALL-52988,CUST-12646,101,Afternoon (13-17h),No Answer,0,AGT-019,False
CALL-13078,CUST-25917,119,Afternoon (13-17h),No Answer,0,AGT-001,False
CALL-14177,CUST-25917,69,Evening (17-20h),Not Interested,0,AGT-001,False
CALL-68574,CUST-36361,270,Morning (8-11h),Success,1069000,AGT-001,False
CALL-34337,CUST-36361,195,Morning (8-11h),Success,470000,AGT-018,False
CALL-91248,CUST-36361,380,Morning (8-11h),Success,1735000,AGT-003,False
CALL-96687,CUST-64390,140,Morning (8-11h),No Answer,0,AGT-003,False
CALL-72604,CUST-64390,104,Evening (17-20h),Call Back Later,0,AGT-004,True
CALL-42700,CUST-64390,144,Afternoon (13-17h),Not Interested,0,AGT-001,False
CALL-12837,CUST-64390,369,Afternoon (13-17h),Success,2050000,AGT-014,False
CALL-13205,CUST-29524,85,Afternoon (13-17h),Not Interested,0,AGT-004,False
CALL-97636,CUST-29524,77,Morning (8-11h),Success,651000,AGT-004,False
CALL-60863,CUST-29524,94,Noon (11-13h),No Answer,0,AGT-012,False
CALL-60271,CUST-29524,68,Noon (11-13h),Not Interested,0,AGT-001,False
CALL-22537,CUST-29524,152,Evening (17-20h),Success,1869000,AGT-002,False
CALL-76889,CUST-29524,87,Noon (11-13h),No Answer,0,AGT-002,False
CALL-87404,CUST-29524,311,Noon (11-13h),Success,2076000,AGT-002,False
CALL-89832,CUST-36002,43,Evening (17-20h),No Answer,0,AGT-003,False
CALL-63294,CUST-36002,199,Afternoon (13-17h),Not Interested,0,AGT-011,False
CALL-82042,CUST-36002,283,Afternoon (13-17h),Call Back Later,0,AGT-013,True
CALL-38325,CUST-36002,42,Morning (8-11h),Not Interested,0,AGT-001,False
CALL-39579,CUST-36002,176,Morning (8-11h),Not Interested,0,AGT-001,False
CALL-20028,CUST-65754,246,Morning (8-11h),Success,506000,AGT-002,False
CALL-92747,CUST-64369,25,Afternoon (13-17h),Call Back Later,0,AGT-015,True
CALL-11535,CUST-64369,58,Evening (17-20h),No Answer,0,AGT-002,False
CALL-60145,CUST-64369,270,Afternoon (13-17h),Success,1337000,AGT-012,False
CALL-31206,CUST-64369,271,Evening (17-20h),Not Interested,0,AGT-001,False
CALL-30180,CUST-64369,115,Afternoon (13-17h),No Answer,0,AGT-001,False
CALL-21324,CUST-64369,144,Morning (8-11h),Success,762000,AGT-003,False
CALL-43108,CUST-61665,192,Afternoon (13-17h),Success,1341000,AGT-007,False
CALL-55173,CUST-61665,240,Evening (17-20h),Not Interested,0,AGT-004,False
CALL-55664,CUST-61665,134,Evening (17-20h),Success,689000,AGT-001,False
CALL-82349,CUST-61665,240,Morning (8-11h),Success,992000,AGT-001,False
CALL-81008,CUST-61665,103,Evening (17-20h),Not Interested,0,AGT-002,False
CALL-96324,CUST-61665,189,Noon (11-13h),No Answer,0,AGT-008,False
CALL-26726,CUST-61665,159,Afternoon (13-17h),Success,600000,AGT-001,False
CALL-63866,CUST-61665,331,Afternoon (13-17h),Success,1008000,AGT-020,False
CALL-11079,CUST-23944,57,Morning (8-11h),No Answer,0,AGT-001,False
CALL-47859,CUST-23944,53,Afternoon (13-17h),Call Back Later,0,AGT-008,True
CALL-22235,CUST-23944,360,Afternoon (13-17h),Not Interested,0,AGT-008,False
CALL-12821,CUST-23944,28,Evening (17-20h),Success,1045000,AGT-007,False
CALL-18459,CUST-78294,214,Evening (17-20h),Success,713000,AGT-004,False
CALL-67778,CUST-78294,199,Morning (8-11h),Success,388000,AGT-003,False
CALL-34125,CUST-78294,81,Morning (8-11h),Success,782000,AGT-001,False
CALL-50815,CUST-78294,352,Morning (8-11h),Success,1273000,AGT-003,False
CALL-41783,CUST-78294,120,Noon (11-13h),No Answer,0,AGT-002,False
CALL-41375,CUST-78294,130,Afternoon (13-17h),Success,640000,AGT-003,False
CALL-32734,CUST-78294,59,Afternoon (13-17h),Not Interested,0,AGT-008,False
CALL-84015,CUST-78294,66,Morning (8-11h),Call Back Later,0,AGT-003,True
CALL-51321,CUST-43053,50,Morning (8-11h),Not Interested,0,AGT-005,False
CALL-68619,CUST-43053,179,Afternoon (13-17h),Success,969000,AGT-018,False
CALL-74157,CUST-43053,173,Afternoon (13-17h),Success,1616000,AGT-001,False
CALL-11870,CUST-43053,14,Afternoon (13-17h),Not Interested,0,AGT-014,False
CALL-84040,CUST-43053,260,Morning (8-11h),Success,1011000,AGT-002,False
CALL-50064,CUST-88672,110,Afternoon (13-17h),Success,1659000,AGT-004,False
CALL-76755,CUST-50972,27,Evening (17-20h),Call Back Later,0,AGT-001,True
CALL-28662,CUST-63954,336,Evening (17-20h),Success,1233000,AGT-001,False
CALL-75702,CUST-63954,93,Evening (17-20h),Success,774000,AGT-001,False
CALL-72600,CUST-63559,92,Evening (17-20h),Not Interested,0,AGT-003,False
CALL-66369,CUST-63559,116,Afternoon (13-17h),Call Back Later,0,AGT-001,True
CALL-99432,CUST-63559,244,Evening (17-20h),Success,641000,AGT-004,False
CALL-28714,CUST-63559,80,Evening (17-20h),Success,386000,AGT-014,False
CALL-10502,CUST-32718,294,Afternoon (13-17h),Call Back Later,0,AGT-015,True
CALL-28503,CUST-32718,50,Morning (8-11h),Success,1612000,AGT-016,False
CALL-76522,CUST-46073,88,Morning (8-11h),Success,350000,AGT-004,False
CALL-40891,CUST-46073,9,Afternoon (13-17h),Not Interested,0,AGT-001,False
CALL-71593,CUST-46073,94,Afternoon (13-17h),Not Interested,0,AGT-005,False
CALL-76979,CUST-46073,34,Noon (11-13h),No Answer,0,AGT-004,False
CALL-66869,CUST-46073,41,Morning (8-11h),No Answer,0,AGT-020,False
CALL-75364,CUST-46073,36,Morning (8-11h),No Answer,0,AGT-004,False
CALL-30371,CUST-46073,120,Evening (17-20h),No Answer,0,AGT-010,False
CALL-31104,CUST-46073,117,Morning (8-11h),Success,1043000,AGT-020,False
CALL-60045,CUST-46073,210,Afternoon (13-17h),Success,922000,AGT-009,False
CALL-41652,CUST-54099,90,Afternoon (13-17h),Success,1714000,AGT-014,False
CALL-61871,CUST-54099,182,Morning (8-11h),No Answer,0,AGT-019,False
CALL-48329,CUST-54099,131,Noon (11-13h),Success,595000,AGT-013,False
CALL-92718,CUST-54099,73,Afternoon (13-17h),Not Interested,0,AGT-010,False
CALL-69657,CUST-54099,251,Afternoon (13-17h),Success,1147000,AGT-003,False
CALL-59407,CUST-54099,63,Evening (17-20h),Call Back Later,0,AGT-008,True
CALL-48780,CUST-54099,23,Evening (17-20h),No Answer,0,AGT-020,False
CALL-35916,CUST-44119,11,Afternoon (13-17h),No Answer,0,AGT-002,False
CALL-99811,CUST-44119,77,Afternoon (13-17h),Call Back Later,0,AGT-002,True
CALL-80031,CUST-44119,103,Morning (8-11h),Call Back Later,0,AGT-011,True
CALL-33115,CUST-85737,104,Afternoon (13-17h),Not Interested,0,AGT-001,False
CALL-39783,CUST-85737,9,Afternoon (13-17h),Not Interested,0,AGT-009,False
CALL-10718,CUST-85737,158,Noon (11-13h),Success,2500000,AGT-007,False
CALL-60301,CUST-85737,89,Afternoon (13-17h),Not Interested,0,AGT-006,False
CALL-44108,CUST-51722,201,Noon (11-13h),Success,888000,AGT-003,False
CALL-94144,CUST-51722,119,Afternoon (13-17h),Success,514000,AGT-001,False
CALL-72871,CUST-51722,177,Afternoon (13-17h),Success,843000,AGT-007,False
CALL-59722,CUST-51722,30,Afternoon (13-17h),Call Back Later,0,AGT-002,True
CALL-71626,CUST-51722,202,Noon (11-13h),Not Interested,0,AGT-005,False
CALL-13773,CUST-51722,149,Morning (8-11h),Success,2500000,AGT-008,False
CALL-91520,CUST-51722,65,Afternoon (13-17h),Call Back Later,0,AGT-002,True
CALL-25301,CUST-86125,330,Noon (11-13h),Success,350000,AGT-001,False
CALL-20100,CUST-86125,499,Evening (17-20h),Call Back Later,0,AGT-002,True
CALL-65963,CUST-97318,66,Evening (17-20h),No Answer,0,AGT-007,False
CALL-76200,CUST-97318,213,Evening (17-20h),Success,934000,AGT-010,False
CALL-79684,CUST-97318,113,Afternoon (13-17h),Success,424000,AGT-001,True
CALL-89712,CUST-97318,171,Evening (17-20h),Success,666000,AGT-002,False
CALL-48562,CUST-42458,138,Morning (8-11h),Success,1004000,AGT-018,False
CALL-58167,CUST-42458,208,Afternoon (13-17h),Success,1032000,AGT-001,False
CALL-97126,CUST-42458,14,Evening (17-20h),No Answer,0,AGT-016,False
CALL-63426,CUST-42458,167,Morning (8-11h),Success,522000,AGT-001,False
CALL-11446,CUST-42458,144,Afternoon (13-17h),Success,350000,AGT-005,False
CALL-92162,CUST-42458,123,Afternoon (13-17h),Call Back Later,0,AGT-014,True
CALL-86261,CUST-42458,274,Morning (8-11h),Success,1268000,AGT-018,False
CALL-90872,CUST-99729,42,Morning (8-11h),No Answer,0,AGT-004,False
CALL-87670,CUST-99729,200,Morning (8-11h),Not Interested,0,AGT-019,False
CALL-39884,CUST-35472,60,Afternoon (13-17h),Call Back Later,0,AGT-019,True
CALL-53877,CUST-35472,76,Afternoon (13-17h),Success,1679000,AGT-002,False
CALL-66472,CUST-35472,66,Evening (17-20h),Call Back Later,0,AGT-001,True
CALL-55189,CUST-49511,122,Afternoon (13-17h),Success,367000,AGT-009,True
CALL-87168,CUST-49511,203,Afternoon (13-17h),Success,1178000,AGT-003,False
CALL-36493,CUST-49511,113,Noon (11-13h),Not Interested,0,AGT-008,False
CALL-95445,CUST-49511,228,Morning (8-11h),Success,702000,AGT-001,False
CALL-20773,CUST-23742,85,Noon (11-13h),Not Interested,0,AGT-001,False
CALL-57575,CUST-23742,25,Morning (8-11h),No Answer,0,AGT-006,False
CALL-88263,CUST-23742,138,Afternoon (13-17h),Call Back Later,0,AGT-002,True
CALL-78342,CUST-23742,98,Noon (11-13h),Success,882000,AGT-003,True
CALL-71815,CUST-23742,324,Afternoon (13-17h),Success,378000,AGT-004,False
CALL-80895,CUST-23742,48,Evening (17-20h),Not Interested,0,AGT-007,False
CALL-89152,CUST-23742,156,Noon (11-13h),Success,1298000,AGT-004,False
CALL-72863,CUST-23742,114,Morning (8-11h),Call Back Later,0,AGT-012,True
CALL-60993,CUST-30197,28,Morning (8-11h),No Answer,0,AGT-001,False
CALL-10159,CUST-14605,18,Afternoon (13-17h),No Answer,0,AGT-001,False
CALL-24770,CUST-14605,20,Morning (8-11h),No Answer,0,AGT-005,False
CALL-12402,CUST-14605,203,Noon (11-13h),Success,1117000,AGT-014,False
CALL-78658,CUST-14605,111,Afternoon (13-17h),No Answer,0,AGT-013,False
CALL-37777,CUST-14605,174,Noon (11-13h),Not Interested,0,AGT-002,False
CALL-31148,CUST-14605,180,Morning (8-11h),Success,1025000,AGT-011,False
CALL-91745,CUST-14605,362,Afternoon (13-17h),Success,633000,AGT-003,False
CALL-31565,CUST-24389,238,Noon (11-13h),No Answer,0,AGT-006,False
CALL-20444,CUST-17923,110,Afternoon (13-17h),Success,577000,AGT-001,False
CALL-12944,CUST-17923,165,Noon (11-13h),Success,892000,AGT-003,False
CALL-60548,CUST-17923,38,Afternoon (13-17h),Call Back Later,0,AGT-017,True
CALL-39971,CUST-17923,31,Morning (8-11h),Not Interested,0,AGT-007,False
CALL-76741,CUST-55926,100,Afternoon (13-17h),Not Interested,0,AGT-002,False
CALL-77176,CUST-55926,62,Afternoon (13-17h),No Answer,0,AGT-003,False
CALL-84078,CUST-22111,117,Morning (8-11h),No Answer,0,AGT-001,False
CALL-95974,CUST-15217,77,Morning (8-11h),Not Interested,0,AGT-002,False
CALL-74799,CUST-93138,225,Afternoon (13-17h),Call Back Later,0,AGT-008,True
CALL-53367,CUST-93138,162,Afternoon (13-17h),Call Back Later,0,AGT-001,True
CALL-23394,CUST-93138,66,Evening (17-20h),Success,866000,AGT-001,False
CALL-97046,CUST-93138,182,Afternoon (13-17h),Success,1300000,AGT-006,False
CALL-75495,CUST-93138,39,Noon (11-13h),No Answer,0,AGT-004,False
CALL-65635,CUST-93138,108,Morning (8-11h),Success,1021000,AGT-001,False
CALL-10744,CUST-58688,229,Morning (8-11h),Success,1783000,AGT-019,True
CALL-67178,CUST-58688,14,Noon (11-13h),No Answer,0,AGT-011,False
CALL-89590,CUST-58688,283,Morning (8-11h),Success,654000,AGT-007,False
CALL-50712,CUST-58688,80,Morning (8-11h),Success,1654000,AGT-005,False
CALL-55351,CUST-58688,232,Afternoon (13-17h),Not Interested,0,AGT-007,False
CALL-83060,CUST-58688,80,Afternoon (13-17h),Not Interested,0,AGT-004,False
CALL-74800,CUST-58688,22,Morning (8-11h),Not Interested,0,AGT-002,False
CALL-56629,CUST-58688,69,Morning (8-11h),Success,581000,AGT-009,False
CALL-37077,CUST-12317,264,Noon (11-13h),Success,1078000,AGT-019,False
CALL-31240,CUST-12317,130,Morning (8-11h),Call Back Later,0,AGT-004,True
CALL-46196,CUST-12317,236,Noon (11-13h),Success,1834000,AGT-018,False
CALL-88884,CUST-12317,82,Morning (8-11h),Success,689000,AGT-003,False
CALL-58555,CUST-53366,55,Afternoon (13-17h),Success,1434000,AGT-002,False
CALL-52078,CUST-53366,225,Afternoon (13-17h),Success,615000,AGT-016,False
CALL-47278,CUST-53366,110,Afternoon (13-17h),Success,742000,AGT-007,False
CALL-86631,CUST-53366,146,Noon (11-13h),Success,905000,AGT-004,False
CALL-55913,CUST-67629,155,Afternoon (13-17h),Success,844000,AGT-001,False
CALL-46606,CUST-67629,13,Afternoon (13-17h),Not Interested,0,AGT-005,False
CALL-75165,CUST-67629,187,Noon (11-13h),Success,2500000,AGT-003,False
CALL-20565,CUST-67629,39,Morning (8-11h),No Answer,0,AGT-011,False
CALL-42210,CUST-67629,18,Afternoon (13-17h),Not Interested,0,AGT-003,False
CALL-17414,CUST-67629,72,Morning (8-11h),Success,2309000,AGT-017,False
CALL-91555,CUST-67629,96,Morning (8-11h),No Answer,0,AGT-015,False
CALL-22632,CUST-67629,304,Morning (8-11h),Success,832000,AGT-009,False
CALL-63278,CUST-67629,195,Noon (11-13h),Success,1078000,AGT-005,False
CALL-67187,CUST-67629,17,Evening (17-20h),Not Interested,0,AGT-008,False
CALL-26565,CUST-67629,145,Afternoon (13-17h),Call Back Later,0,AGT-007,True
CALL-56867,CUST-67629,109,Noon (11-13h),Success,369000,AGT-016,False
CALL-77061,CUST-67629,46,Afternoon (13-17h),No Answer,0,AGT-002,False
CALL-58848,CUST-85559,180,Morning (8-11h),Success,2270000,AGT-001,False
CALL-89105,CUST-85559,303,Evening (17-20h),Success,561000,AGT-008,False
CALL-38297,CUST-85559,118,Evening (17-20h),Not Interested,0,AGT-020,False
CALL-66575,CUST-85559,81,Afternoon (13-17h),Success,1171000,AGT-001,False
CALL-31022,CUST-62350,123,Morning (8-11h),Call Back Later,0,AGT-014,True
CALL-63288,CUST-62350,145,Evening (17-20h),Call Back Later,0,AGT-016,True
CALL-46133,CUST-62350,424,Morning (8-11h),No Answer,0,AGT-007,False
CALL-40799,CUST-53176,59,Morning (8-11h),Not Interested,0,AGT-008,False
CALL-69140,CUST-53176,62,Afternoon (13-17h),No Answer,0,AGT-009,False
CALL-78857,CUST-53176,221,Afternoon (13-17h),Call Back Later,0,AGT-009,True
CALL-41602,CUST-53176,75,Morning (8-11h),Call Back Later,0,AGT-001,True
CALL-69735,CUST-53176,11,Afternoon (13-17h),Not Interested,0,AGT-019,False
CALL-88760,CUST-53176,306,Evening (17-20h),Success,811000,AGT-005,False
CALL-43011,CUST-53176,294,Afternoon (13-17h),Success,2500000,AGT-002,False
CALL-68905,CUST-53176,33,Morning (8-11h),Success,1346000,AGT-004,False
CALL-35898,CUST-84359,118,Noon (11-13h),Not Interested,0,AGT-003,False
CALL-30182,CUST-50048,18,Evening (17-20h),Not Interested,0,AGT-004,False
CALL-70727,CUST-50048,207,Afternoon (13-17h),Success,1889000,AGT-013,False
CALL-87736,CUST-50048,200,Evening (17-20h),Success,906000,AGT-005,False
CALL-58758,CUST-50048,111,Morning (8-11h),Not Interested,0,AGT-001,False
CALL-67786,CUST-79380,246,Morning (8-11h),Success,1596000,AGT-004,False
CALL-30378,CUST-74672,20,Morning (8-11h),No Answer,0,AGT-001,False
CALL-40061,CUST-74672,135,Morning (8-11h),Success,987000,AGT-001,False
CALL-78455,CUST-74672,11,Evening (17-20h),Not Interested,0,AGT-003,False
CALL-65798,CUST-74672,45,Morning (8-11h),No Answer,0,AGT-019,False
CALL-69160,CUST-74672,17,Afternoon (13-17h),Not Interested,0,AGT-001,False
CALL-58510,CUST-74672,338,Afternoon (13-17h),Success,1774000,AGT-005,False
CALL-66258,CUST-74672,238,Afternoon (13-17h),Call Back Later,0,AGT-001,True
CALL-25750,CUST-56658,13,Afternoon (13-17h),No Answer,0,AGT-001,False
CALL-90412,CUST-56658,142,Afternoon (13-17h),Success,669000,AGT-001,False
CALL-95696,CUST-56658,13,Noon (11-13h),Not Interested,0,AGT-012,False
CALL-47945,CUST-57956,187,Afternoon (13-17h),Success,885000,AGT-007,True
CALL-78469,CUST-57956,219,Morning (8-11h),Success,850000,AGT-003,False
CALL-18266,CUST-47259,190,Morning (8-11h),Call Back Later,0,AGT-001,True
CALL-63852,CUST-18150,142,Afternoon (13-17h),Success,1720000,AGT-001,False
CALL-28038,CUST-18150,96,Noon (11-13h),Success,2500000,AGT-001,False
CALL-66953,CUST-18150,134,Morning (8-11h),Success,2500000,AGT-020,True
CALL-14774,CUST-18150,47,Afternoon (13-17h),No Answer,0,AGT-005,False
CALL-82846,CUST-18150,142,Afternoon (13-17h),Not Interested,0,AGT-001,False
CALL-22181,CUST-62758,84,Afternoon (13-17h),No Answer,0,AGT-015,False
CALL-98086,CUST-62758,18,Afternoon (13-17h),Not Interested,0,AGT-007,False
CALL-64791,CUST-62758,40,Afternoon (13-17h),Not Interested,0,AGT-016,False
CALL-92121,CUST-49497,218,Noon (11-13h),Success,630000,AGT-001,False
CALL-20235,CUST-51592,20,Afternoon (13-17h),Success,1455000,AGT-002,True
CALL-46458,CUST-51592,125,Noon (11-13h),Success,373000,AGT-016,False
CALL-57249,CUST-51592,79,Afternoon (13-17h),Call Back Later,0,AGT-003,True
CALL-83384,CUST-51592,250,Evening (17-20h),Success,664000,AGT-007,False
CALL-87770,CUST-51592,23,Afternoon (13-17h),No Answer,0,AGT-001,False
CALL-50721,CUST-51592,128,Afternoon (13-17h),Success,1241000,AGT-018,False
CALL-83781,CUST-45117,90,Morning (8-11h),Success,2144000,AGT-016,False
CALL-16040,CUST-45117,124,Morning (8-11h),Success,866000,AGT-007,False
CALL-66736,CUST-45117,600,Morning (8-11h),Success,1915000,AGT-007,True
CALL-24180,CUST-45117,80,Afternoon (13-17h),Not Interested,0,AGT-004,False
CALL-18263,CUST-45117,54,Morning (8-11h),No Answer,0,AGT-003,False
CALL-39970,CUST-45117,103,Morning (8-11h),Success,1649000,AGT-002,False
CALL-97286,CUST-45117,150,Morning (8-11h),Not Interested,0,AGT-002,False
CALL-90299,CUST-45117,76,Evening (17-20h),Success,1119000,AGT-002,False
CALL-94345,CUST-45117,568,Morning (8-11h),Success,446000,AGT-003,False
CALL-71713,CUST-45117,50,Afternoon (13-17h),Not Interested,0,AGT-013,False
CALL-62057,CUST-45117,191,Evening (17-20h),Success,1167000,AGT-001,False
CALL-63652,CUST-45117,321,Morning (8-11h),Call Back Later,0,AGT-005,True
CALL-88931,CUST-45117,5,Morning (8-11h),No Answer,0,AGT-002,False
CALL-78207,CUST-45117,160,Afternoon (13-17h),Success,350000,AGT-006,False
CALL-37409,CUST-56921,52,Afternoon (13-17h),Not Interested,0,AGT-007,False
CALL-13152,CUST-56921,40,Evening (17-20h),Not Interested,0,AGT-004,False
CALL-24494,CUST-56921,96,Afternoon (13-17h),Success,1625000,AGT-001,False
CALL-89254,CUST-56921,306,Morning (8-11h),Success,911000,AGT-003,False
CALL-48484,CUST-56921,226,Morning (8-11h),Success,1682000,AGT-001,False
CALL-60506,CUST-56921,17,Afternoon (13-17h),No Answer,0,AGT-011,False
CALL-30359,CUST-65548,225,Morning (8-11h),Success,350000,AGT-009,False
CALL-57832,CUST-12827,51,Morning (8-11h),Not Interested,0,AGT-010,False
CALL-37931,CUST-88616,270,Afternoon (13-17h),Not Interested,0,AGT-002,False
CALL-12658,CUST-88616,9,Afternoon (13-17h),Not Interested,0,AGT-012,False
CALL-53390,CUST-88616,170,Morning (8-11h),Success,455000,AGT-002,False
CALL-50842,CUST-88616,45,Afternoon (13-17h),Not Interested,0,AGT-012,False
CALL-10998,CUST-88616,224,Evening (17-20h),Success,1011000,AGT-002,False
CALL-95841,CUST-88616,366,Afternoon (13-17h),Call Back Later,0,AGT-002,True
CALL-40403,CUST-88616,98,Afternoon (13-17h),No Answer,0,AGT-006,False
CALL-54363,CUST-75171,66,Afternoon (13-17h),No Answer,0,AGT-003,False
CALL-98754,CUST-75171,86,Noon (11-13h),Success,1803000,AGT-012,True
CALL-81344,CUST-21667,105,Afternoon (13-17h),Call Back Later,0,AGT-003,True
CALL-72844,CUST-31374,166,Morning (8-11h),Success,2285000,AGT-012,False
CALL-20762,CUST-31374,20,Afternoon (13-17h),Success,445000,AGT-016,False
CALL-46706,CUST-31374,35,Noon (11-13h),Not Interested,0,AGT-007,False
CALL-98712,CUST-31374,121,Evening (17-20h),Success,924000,AGT-006,False
CALL-14070,CUST-51260,108,Afternoon (13-17h),Call Back Later,0,AGT-013,True
CALL-57163,CUST-51260,32,Morning (8-11h),Call Back Later,0,AGT-006,True
CALL-25270,CUST-51260,261,Afternoon (13-17h),Success,1219000,AGT-006,False
CALL-52483,CUST-51260,58,Noon (11-13h),Call Back Later,0,AGT-007,True
CALL-20964,CUST-51260,421,Afternoon (13-17h),Success,1864000,AGT-002,False
CALL-65094,CUST-51260,161,Morning (8-11h),Not Interested,0,AGT-001,False
CALL-42235,CUST-51260,210,Noon (11-13h),Success,837000,AGT-001,False
CALL-66570,CUST-51260,135,Afternoon (13-17h),Success,2222000,AGT-006,False
CALL-11476,CUST-51260,67,Morning (8-11h),Not Interested,0,AGT-002,False
CALL-57740,CUST-73387,131,Afternoon (13-17h),Success,507000,AGT-020,False
CALL-21582,CUST-89505,93,Evening (17-20h),Success,577000,AGT-001,False
CALL-49038,CUST-89505,25,Morning (8-11h),No Answer,0,AGT-012,False
CALL-83021,CUST-73205,25,Noon (11-13h),Not Interested,0,AGT-010,False
CALL-63877,CUST-73205,80,Afternoon (13-17h),Call Back Later,0,AGT-018,True
CALL-50498,CUST-73205,170,Morning (8-11h),Call Back Later,0,AGT-002,True
CALL-38125,CUST-73205,80,Morning (8-11h),Call Back Later,0,AGT-012,True
CALL-72906,CUST-73205,83,Afternoon (13-17h),Success,350000,AGT-005,False
CALL-42529,CUST-73205,174,Evening (17-20h),Call Back Later,0,AGT-002,True
CALL-48312,CUST-73205,79,Afternoon (13-17h),Call Back Later,0,AGT-005,True
CALL-37766,CUST-73205,537,Evening (17-20h),Success,2500000,AGT-006,False
CALL-65317,CUST-26089,58,Evening (17-20h),No Answer,0,AGT-001,True
CALL-20110,CUST-26089,222,Afternoon (13-17h),Success,663000,AGT-009,False
CALL-97044,CUST-26089,120,Morning (8-11h),No Answer,0,AGT-001,False
CALL-43773,CUST-26089,600,Morning (8-11h),No Answer,0,AGT-004,False
CALL-21204,CUST-19941,74,Afternoon (13-17h),Call Back Later,0,AGT-005,True
CALL-33577,CUST-19941,196,Afternoon (13-17h),Success,2193000,AGT-001,False
CALL-86939,CUST-19941,106,Morning (8-11h),Not Interested,0,AGT-003,False
CALL-83504,CUST-19941,7,Afternoon (13-17h),No Answer,0,AGT-007,False
CALL-54480,CUST-75600,115,Morning (8-11h),Call Back Later,0,AGT-001,True
CALL-91838,CUST-60350,74,Afternoon (13-17h),Success,463000,AGT-001,True
CALL-89449,CUST-60350,141,Noon (11-13h),Call Back Later,0,AGT-018,True
CALL-86615,CUST-25622,55,Afternoon (13-17h),Call Back Later,0,AGT-007,True
CALL-84564,CUST-25622,5,Afternoon (13-17h),Not Interested,0,AGT-013,False
CALL-99411,CUST-25622,346,Afternoon (13-17h),Success,1063000,AGT-004,False
CALL-25937,CUST-25622,62,Morning (8-11h),Not Interested,0,AGT-001,False
CALL-49478,CUST-25622,215,Noon (11-13h),Success,1544000,AGT-006,False
CALL-17838,CUST-25622,100,Morning (8-11h),No Answer,0,AGT-001,False
CALL-59529,CUST-25622,139,Afternoon (13-17h),Success,1605000,AGT-001,False
CALL-20798,CUST-25756,129,Morning (8-11h),Success,769000,AGT-002,False
CALL-96875,CUST-25756,79,Evening (17-20h),Not Interested,0,AGT-006,False
CALL-96734,CUST-25756,116,Noon (11-13h),Call Back Later,0,AGT-001,True
CALL-13272,CUST-25756,206,Noon (11-13h),No Answer,0,AGT-003,False
CALL-98332,CUST-25756,120,Noon (11-13h),Not Interested,0,AGT-006,False
CALL-65709,CUST-25756,238,Noon (11-13h),Not Interested,0,AGT-005,False
CALL-36814,CUST-25756,73,Afternoon (13-17h),Call Back Later,0,AGT-005,True
CALL-99457,CUST-48398,106,Evening (17-20h),Success,936000,AGT-017,False
CALL-97121,CUST-48398,35,Afternoon (13-17h),No Answer,0,AGT-020,False
CALL-51323,CUST-48398,149,Afternoon (13-17h),Success,783000,AGT-013,False
CALL-19450,CUST-60420,99,Noon (11-13h),Success,1298000,AGT-007,False
CALL-27065,CUST-60420,127,Noon (11-13h),Call Back Later,0,AGT-002,True
CALL-95648,CUST-60420,331,Evening (17-20h),Not Interested,0,AGT-006,False
CALL-47557,CUST-57547,101,Morning (8-11h),Not Interested,0,AGT-010,False
CALL-45095,CUST-57547,303,Afternoon (13-17h),Success,362000,AGT-003,False
CALL-31043,CUST-57547,50,Afternoon (13-17h),Call Back Later,0,AGT-005,True
CALL-13582,CUST-57547,56,Afternoon (13-17h),Success,600000,AGT-005,False
CALL-26606,CUST-57547,52,Morning (8-11h),Not Interested,0,AGT-011,False
CALL-47438,CUST-57547,31,Morning (8-11h),Call Back Later,0,AGT-001,True
CALL-86089,CUST-57547,121,Evening (17-20h),Success,516000,AGT-013,False
CALL-26411,CUST-57547,168,Noon (11-13h),Success,1434000,AGT-003,False
CALL-23275,CUST-56664,97,Afternoon (13-17h),Success,1405000,AGT-006,False
CALL-14841,CUST-56664,321,Morning (8-11h),Success,712000,AGT-001,False
CALL-23826,CUST-56664,37,Afternoon (13-17h),Call Back Later,0,AGT-004,True
CALL-21615,CUST-56664,58,Noon (11-13h),No Answer,0,AGT-005,False
CALL-86118,CUST-56664,93,Afternoon (13-17h),Call Back Later,0,AGT-010,True
CALL-15777,CUST-56664,40,Morning (8-11h),Not Interested,0,AGT-004,False
CALL-71113,CUST-63403,132,Afternoon (13-17h),Success,746000,AGT-006,False
CALL-76815,CUST-63403,28,Evening (17-20h),Success,1221000,AGT-008,False
CALL-29775,CUST-63403,112,Morning (8-11h),Success,350000,AGT-006,False
CALL-16315,CUST-63403,106,Afternoon (13-17h),Success,1524000,AGT-010,False
CALL-46862,CUST-63403,149,Morning (8-11h),Call Back Later,0,AGT-011,True
CALL-42887,CUST-63403,302,Afternoon (13-17h),Success,634000,AGT-004,False
CALL-32910,CUST-63403,59,Noon (11-13h),Not Interested,0,AGT-011,False
CALL-43259,CUST-83672,386,Afternoon (13-17h),Success,759000,AGT-003,False
CALL-44625,CUST-83672,239,Evening (17-20h),Call Back Later,0,AGT-016,True
CALL-94312,CUST-83672,147,Afternoon (13-17h),Call Back Later,0,AGT-002,True
CALL-88822,CUST-83672,29,Morning (8-11h),Call Back Later,0,AGT-001,True
CALL-52617,CUST-83672,130,Afternoon (13-17h),Success,727000,AGT-004,False
CALL-49801,CUST-83672,36,Morning (8-11h),Not Interested,0,AGT-001,False
CALL-96272,CUST-83672,180,Afternoon (13-17h),Success,886000,AGT-012,False
CALL-27678,CUST-83672,75,Morning (8-11h),Success,353000,AGT-008,False
CALL-80625,CUST-20125,277,Afternoon (13-17h),Success,486000,AGT-018,True
CALL-55008,CUST-20125,285,Evening (17-20h),Success,841000,AGT-003,False
CALL-57212,CUST-97151,192,Afternoon (13-17h),Call Back Later,0,AGT-002,True
CALL-93839,CUST-97151,42,Morning (8-11h),Call Back Later,0,AGT-001,True
CALL-23160,CUST-97151,85,Morning (8-11h),Not Interested,0,AGT-003,False
CALL-77740,CUST-97151,286,Morning (8-11h),Not Interested,0,AGT-001,False
CALL-12164,CUST-97151,563,Noon (11-13h),Not Interested,0,AGT-019,False
CALL-18877,CUST-97151,70,Afternoon (13-17h),No Answer,0,AGT-005,False
CALL-58189,CUST-97151,131,Morning (8-11h),Success,538000,AGT-002,False
CALL-42325,CUST-97151,72,Afternoon (13-17h),Success,936000,AGT-005,False
CALL-50766,CUST-97151,44,Afternoon (13-17h),No Answer,0,AGT-008,False
CALL-69209,CUST-97151,54,Afternoon (13-17h),Success,969000,AGT-010,False
CALL-64744,CUST-97151,109,Afternoon (13-17h),No Answer,0,AGT-003,False
CALL-40051,CUST-97151,19,Morning (8-11h),Success,526000,AGT-011,True
CALL-51400,CUST-97151,247,Afternoon (13-17h),Success,1847000,AGT-018,False
CALL-31354,CUST-82729,91,Noon (11-13h),Success,843000,AGT-020,False
CALL-11717,CUST-10484,139,Afternoon (13-17h),Success,410000,AGT-008,False
CALL-15797,CUST-10484,135,Afternoon (13-17h),Success,520000,AGT-001,False
CALL-79455,CUST-40756,93,Morning (8-11h),Not Interested,0,AGT-002,False
CALL-90609,CUST-40756,68,Morning (8-11h),Not Interested,0,AGT-010,False
CALL-13733,CUST-40756,61,Noon (11-13h),Success,1059000,AGT-001,False
CALL-80512,CUST-40756,237,Morning (8-11h),Success,654000,AGT-014,True
CALL-93710,CUST-91185,29,Morning (8-11h),Call Back Later,0,AGT-006,True
CALL-96011,CUST-91185,191,Afternoon (13-17h),Not Interested,0,AGT-012,False
CALL-23852,CUST-91185,200,Afternoon (13-17h),Success,768000,AGT-008,False
CALL-34699,CUST-91185,60,Morning (8-11h),Not Interested,0,AGT-001,True
CALL-33912,CUST-91185,78,Afternoon (13-17h),Success,1351000,AGT-005,False
CALL-37176,CUST-91185,145,Evening (17-20h),Success,394000,AGT-001,False
CALL-80146,CUST-91185,136,Evening (17-20h),Success,443000,AGT-001,False
CALL-79667,CUST-91185,236,Noon (11-13h),Success,911000,AGT-006,False
CALL-75932,CUST-53370,204,Evening (17-20h),Not Interested,0,AGT-006,False
CALL-34209,CUST-42890,54,Afternoon (13-17h),No Answer,0,AGT-003,False
CALL-62394,CUST-42890,278,Morning (8-11h),Success,1109000,AGT-003,True
CALL-65477,CUST-42890,75,Morning (8-11h),Call Back Later,0,AGT-001,True
CALL-41270,CUST-42890,28,Morning (8-11h),No Answer,0,AGT-018,False
CALL-78049,CUST-42890,20,Morning (8-11h),No Answer,0,AGT-013,False
CALL-38783,CUST-42890,186,Afternoon (13-17h),Call Back Later,0,AGT-002,True
CALL-64817,CUST-42890,472,Afternoon (13-17h),Success,1411000,AGT-014,False
CALL-12275,CUST-84690,51,Morning (8-11h),Not Interested,0,AGT-008,False
CALL-34551,CUST-84690,17,Afternoon (13-17h),No Answer,0,AGT-001,False
CALL-98315,CUST-84690,173,Morning (8-11h),Success,567000,AGT-002,False
CALL-54631,CUST-29282,40,Morning (8-11h),Call Back Later,0,AGT-003,True
CALL-99808,CUST-29282,217,Morning (8-11h),Success,452000,AGT-008,False
CALL-16213,CUST-29282,93,Morning (8-11h),Success,1008000,AGT-005,False
CALL-11330,CUST-29282,55,Afternoon (13-17h),Not Interested,0,AGT-012,False
CALL-36081,CUST-29282,97,Morning (8-11h),Success,415000,AGT-001,False
CALL-71899,CUST-29282,325,Evening (17-20h),Success,1201000,AGT-001,False
CALL-35448,CUST-29282,15,Evening (17-20h),No Answer,0,AGT-007,False
CALL-46568,CUST-72490,224,Morning (8-11h),Success,830000,AGT-009,False
CALL-68363,CUST-72490,241,Afternoon (13-17h),Success,2164000,AGT-001,False
CALL-58982,CUST-72490,76,Afternoon (13-17h),Not Interested,0,AGT-015,False
CALL-63863,CUST-72490,181,Noon (11-13h),Success,1023000,AGT-009,False
CALL-53061,CUST-72490,144,Morning (8-11h),Success,503000,AGT-001,False
CALL-59938,CUST-72490,239,Afternoon (13-17h),Success,805000,AGT-009,False
CALL-69190,CUST-72490,98,Evening (17-20h),Success,553000,AGT-002,False
CALL-85585,CUST-91302,26,Morning (8-11h),Call Back Later,0,AGT-001,True
CALL-36063,CUST-76988,291,Evening (17-20h),Call Back Later,0,AGT-017,True
CALL-67346,CUST-76988,58,Afternoon (13-17h),Call Back Later,0,AGT-001,True
CALL-51353,CUST-16317,74,Morning (8-11h),Success,746000,AGT-002,False
CALL-61357,CUST-16317,89,Afternoon (13-17h),Call Back Later,0,AGT-003,True
CALL-78562,CUST-16317,264,Morning (8-11h),Success,443000,AGT-007,False
CALL-84429,CUST-16317,421,Afternoon (13-17h),Success,2154000,AGT-017,False
CALL-41417,CUST-79847,82,Morning (8-11h),Not Interested,0,AGT-003,True
CALL-27002,CUST-25308,85,Noon (11-13h),Success,1573000,AGT-009,False
CALL-14147,CUST-19341,140,Morning (8-11h),Success,823000,AGT-003,False
CALL-71978,CUST-19341,43,Evening (17-20h),Call Back Later,0,AGT-013,True
CALL-10446,CUST-19341,174,Morning (8-11h),Call Back Later,0,AGT-013,True
CALL-24101,CUST-25475,175,Afternoon (13-17h),Success,747000,AGT-008,False
CALL-84750,CUST-25475,143,Morning (8-11h),Call Back Later,0,AGT-002,True
CALL-32133,CUST-25475,29,Afternoon (13-17h),Not Interested,0,AGT-001,False
CALL-60979,CUST-91882,410,Morning (8-11h),Success,435000,AGT-003,False
CALL-10704,CUST-91882,186,Afternoon (13-17h),Success,791000,AGT-005,True
CALL-53604,CUST-90901,371,Morning (8-11h),Call Back Later,0,AGT-003,True
CALL-91496,CUST-90901,34,Evening (17-20h),Call Back Later,0,AGT-002,True
CALL-13349,CUST-69646,50,Afternoon (13-17h),No Answer,0,AGT-002,False
CALL-70257,CUST-69646,61,Evening (17-20h),Success,783000,AGT-008,False
CALL-60335,CUST-69646,424,Morning (8-11h),Success,1347000,AGT-013,False
CALL-38118,CUST-69646,135,Noon (11-13h),Call Back Later,0,AGT-005,True
CALL-77749,CUST-69646,112,Afternoon (13-17h),Call Back Later,0,AGT-009,True
CALL-28828,CUST-69646,7,Afternoon (13-17h),Not Interested,0,AGT-001,False
CALL-67529,CUST-69646,84,Afternoon (13-17h),Not Interested,0,AGT-001,False
CALL-61685,CUST-69646,98,Morning (8-11h),Not Interested,0,AGT-002,False
CALL-53689,CUST-53696,148,Afternoon (13-17h),Call Back Later,0,AGT-001,True
CALL-17027,CUST-53696,429,Afternoon (13-17h),Success,1521000,AGT-001,False
CALL-99770,CUST-53696,319,Evening (17-20h),Success,719000,AGT-006,False
CALL-50551,CUST-19242,93,Afternoon (13-17h),Success,590000,AGT-001,True
CALL-65903,CUST-19242,48,Noon (11-13h),No Answer,0,AGT-007,False
CALL-80432,CUST-23409,92,Morning (8-11h),Success,1423000,AGT-007,True
CALL-66560,CUST-23409,125,Afternoon (13-17h),Success,518000,AGT-001,False
CALL-47375,CUST-23409,180,Afternoon (13-17h),Success,350000,AGT-016,True
CALL-82615,CUST-23409,5,Evening (17-20h),Not Interested,0,AGT-001,False
CALL-23563,CUST-23409,93,Morning (8-11h),Call Back Later,0,AGT-001,True
CALL-36361,CUST-44162,99,Afternoon (13-17h),Call Back Later,0,AGT-015,True
CALL-89925,CUST-44162,91,Evening (17-20h),Not Interested,0,AGT-002,False
CALL-87608,CUST-44162,427,Morning (8-11h),Success,1617000,AGT-005,False
CALL-19878,CUST-19159,104,Morning (8-11h),Success,1445000,AGT-006,False
CALL-60776,CUST-19159,117,Morning (8-11h),Success,810000,AGT-001,False
CALL-75694,CUST-19159,392,Morning (8-11h),No Answer,0,AGT-001,False
CALL-32915,CUST-76974,315,Morning (8-11h),Success,957000,AGT-003,False
CALL-78081,CUST-82479,284,Afternoon (13-17h),Success,470000,AGT-004,False
CALL-11376,CUST-82479,143,Afternoon (13-17h),Not Interested,0,AGT-007,False
CALL-88118,CUST-82479,79,Morning (8-11h),Success,714000,AGT-011,False
CALL-24462,CUST-37096,46,Noon (11-13h),No Answer,0,AGT-005,False
CALL-39595,CUST-37096,240,Noon (11-13h),No Answer,0,AGT-001,False
CALL-83851,CUST-37096,369,Afternoon (13-17h),Call Back Later,0,AGT-008,True
CALL-94428,CUST-11465,181,Morning (8-11h),Success,659000,AGT-005,False
CALL-81504,CUST-11465,39,Morning (8-11h),Success,1095000,AGT-005,False
CALL-39297,CUST-11465,134,Morning (8-11h),Success,475000,AGT-011,False
CALL-66556,CUST-11465,277,Morning (8-11h),Not Interested,0,AGT-016,False
CALL-73761,CUST-11465,51,Afternoon (13-17h),Call Back Later,0,AGT-003,True
CALL-89443,CUST-11465,54,Morning (8-11h),Not Interested,0,AGT-008,False
CALL-88936,CUST-11465,171,Morning (8-11h),Success,366000,AGT-011,False
CALL-42133,CUST-11465,183,Noon (11-13h),Success,598000,AGT-002,False
CALL-79732,CUST-97418,165,Afternoon (13-17h),Success,350000,AGT-006,False
CALL-40908,CUST-97418,302,Afternoon (13-17h),Success,367000,AGT-017,False
CALL-26885,CUST-97418,115,Afternoon (13-17h),Success,705000,AGT-010,False
CALL-78644,CUST-97418,74,Afternoon (13-17h),Call Back Later,0,AGT-001,True
CALL-58178,CUST-97418,227,Afternoon (13-17h),Call Back Later,0,AGT-003,True
CALL-95345,CUST-97418,491,Evening (17-20h),Not Interested,0,AGT-003,False
CALL-63773,CUST-97418,78,Morning (8-11h),Call Back Later,0,AGT-015,True
CALL-32553,CUST-97418,204,Afternoon (13-17h),Not Interested,0,AGT-004,False
CALL-50548,CUST-27618,330,Afternoon (13-17h),Success,686000,AGT-001,False
CALL-13015,CUST-79082,152,Afternoon (13-17h),Success,399000,AGT-008,False
CALL-54790,CUST-79082,41,Evening (17-20h),Not Interested,0,AGT-018,False
CALL-14400,CUST-79082,155,Afternoon (13-17h),Success,547000,AGT-006,True
CALL-37198,CUST-79082,175,Afternoon (13-17h),Success,762000,AGT-001,False
CALL-32703,CUST-79082,96,Morning (8-11h),Success,1526000,AGT-014,False
CALL-69490,CUST-79082,93,Evening (17-20h),Call Back Later,0,AGT-002,True
CALL-11488,CUST-79082,30,Noon (11-13h),Success,1647000,AGT-001,False
CALL-37722,CUST-79082,63,Afternoon (13-17h),Success,954000,AGT-014,True
CALL-21994,CUST-79082,71,Noon (11-13h),Not Interested,0,AGT-010,False
CALL-30025,CUST-79082,54,Afternoon (13-17h),Not Interested,0,AGT-014,False
CALL-64516,CUST-79082,110,Noon (11-13h),Success,778000,AGT-008,False
CALL-56567,CUST-79082,252,Afternoon (13-17h),Success,2111000,AGT-009,False
CALL-96085,CUST-40298,68,Noon (11-13h),Success,1358000,AGT-003,True
CALL-31182,CUST-40298,349,Afternoon (13-17h),Success,350000,AGT-001,False
CALL-56463,CUST-40298,168,Afternoon (13-17h),Success,696000,AGT-001,False
CALL-56239,CUST-49993,600,Afternoon (13-17h),Call Back Later,0,AGT-002,True
CALL-13963,CUST-49993,206,Afternoon (13-17h),Success,350000,AGT-001,True
CALL-47052,CUST-49993,24,Afternoon (13-17h),Not Interested,0,AGT-013,False
CALL-99924,CUST-49993,306,Afternoon (13-17h),Success,1612000,AGT-005,False
CALL-46681,CUST-49993,13,Afternoon (13-17h),Not Interested,0,AGT-004,False
CALL-10222,CUST-49993,19,Afternoon (13-17h),Not Interested,0,AGT-003,False
CALL-84504,CUST-21139,252,Morning (8-11h),Call Back Later,0,AGT-010,True
CALL-93220,CUST-21139,450,Morning (8-11h),Call Back Later,0,AGT-001,True
CALL-89447,CUST-21139,451,Afternoon (13-17h),Success,536000,AGT-001,False
CALL-16270,CUST-21139,156,Afternoon (13-17h),Success,457000,AGT-018,False
CALL-38391,CUST-21139,92,Noon (11-13h),No Answer,0,AGT-001,False
CALL-55952,CUST-31922,113,Morning (8-11h),Not Interested,0,AGT-001,False
CALL-79686,CUST-74886,115,Afternoon (13-17h),Not Interested,0,AGT-001,False
CALL-86864,CUST-74886,131,Evening (17-20h),Not Interested,0,AGT-001,False
CALL-50836,CUST-74886,60,Afternoon (13-17h),Success,1433000,AGT-009,False
CALL-54318,CUST-74886,127,Noon (11-13h),Success,1434000,AGT-012,False
CALL-84782,CUST-74886,79,Afternoon (13-17h),Not Interested,0,AGT-007,False
CALL-86912,CUST-74886,54,Evening (17-20h),Call Back Later,0,AGT-003,True
CALL-20265,CUST-74886,358,Morning (8-11h),Success,778000,AGT-002,False
CALL-87751,CUST-74886,182,Morning (8-11h),Success,2500000,AGT-001,False
CALL-34492,CUST-72634,180,Evening (17-20h),Success,1289000,AGT-007,False
CALL-79502,CUST-72634,134,Afternoon (13-17h),Call Back Later,0,AGT-009,True
CALL-12459,CUST-72634,60,Afternoon (13-17h),No Answer,0,AGT-016,False
CALL-60205,CUST-72634,124,Morning (8-11h),Not Interested,0,AGT-005,False
CALL-24631,CUST-72634,440,Afternoon (13-17h),Success,534000,AGT-002,False
CALL-19749,CUST-72634,182,Afternoon (13-17h),Success,717000,AGT-002,False
CALL-30780,CUST-72634,109,Noon (11-13h),Call Back Later,0,AGT-008,True
CALL-98158,CUST-54494,163,Afternoon (13-17h),Success,955000,AGT-001,False
CALL-88436,CUST-54494,91,Evening (17-20h),Success,405000,AGT-008,False
CALL-50554,CUST-23936,87,Evening (17-20h),Call Back Later,0,AGT-018,True
CALL-77881,CUST-50942,262,Morning (8-11h),Not Interested,0,AGT-018,False
CALL-41705,CUST-50942,135,Morning (8-11h),Call Back Later,0,AGT-006,True
CALL-95204,CUST-50942,189,Afternoon (13-17h),Success,1041000,AGT-004,False
CALL-12797,CUST-40089,129,Afternoon (13-17h),Success,1471000,AGT-002,False
CALL-22985,CUST-40089,219,Evening (17-20h),Success,759000,AGT-002,False
CALL-17639,CUST-29210,86,Afternoon (13-17h),Success,350000,AGT-002,True
CALL-29833,CUST-29210,99,Afternoon (13-17h),No Answer,0,AGT-007,False
CALL-81588,CUST-29210,411,Afternoon (13-17h),Success,534000,AGT-001,False
CALL-26980,CUST-29210,19,Noon (11-13h),No Answer,0,AGT-001,False
CALL-51032,CUST-29210,215,Noon (11-13h),Not Interested,0,AGT-016,False
CALL-52411,CUST-29210,145,Afternoon (13-17h),Success,1397000,AGT-002,False
CALL-65286,CUST-29210,103,Afternoon (13-17h),Success,1780000,AGT-006,False
CALL-58508,CUST-29210,62,Noon (11-13h),No Answer,0,AGT-001,False
CALL-28334,CUST-60612,295,Noon (11-13h),Success,790000,AGT-002,True
CALL-17340,CUST-92971,447,Morning (8-11h),Success,1581000,AGT-004,False
CALL-34894,CUST-92971,98,Morning (8-11h),No Answer,0,AGT-003,False
CALL-79088,CUST-92971,200,Morning (8-11h),Success,2479000,AGT-001,False
CALL-56456,CUST-92971,194,Afternoon (13-17h),Success,1697000,AGT-004,False
CALL-78884,CUST-76083,205,Afternoon (13-17h),Success,1132000,AGT-001,False
CALL-75422,CUST-76083,38,Evening (17-20h),Not Interested,0,AGT-001,False
CALL-92282,CUST-94557,274,Morning (8-11h),Success,434000,AGT-005,False
CALL-64675,CUST-94557,26,Evening (17-20h),Not Interested,0,AGT-002,False
CALL-80714,CUST-94557,192,Afternoon (13-17h),Success,2079000,AGT-007,False
CALL-32340,CUST-97687,318,Afternoon (13-17h),Success,1103000,AGT-002,False
CALL-70886,CUST-97687,81,Morning (8-11h),Not Interested,0,AGT-003,False
CALL-93190,CUST-94217,142,Noon (11-13h),Success,1301000,AGT-002,False
CALL-92730,CUST-94217,223,Morning (8-11h),Success,993000,AGT-007,False
CALL-74661,CUST-94217,101,Noon (11-13h),Success,1187000,AGT-002,False
CALL-67406,CUST-94217,56,Noon (11-13h),Call Back Later,0,AGT-012,True
CALL-31212,CUST-94217,204,Noon (11-13h),No Answer,0,AGT-005,True
CALL-21128,CUST-80208,46,Evening (17-20h),No Answer,0,AGT-003,True
CALL-65876,CUST-80208,15,Afternoon (13-17h),Not Interested,0,AGT-001,False
CALL-29532,CUST-80208,137,Morning (8-11h),Success,1420000,AGT-008,True
CALL-45920,CUST-80208,102,Noon (11-13h),Success,944000,AGT-012,False
CALL-23651,CUST-80208,206,Noon (11-13h),Success,953000,AGT-016,False
CALL-65633,CUST-80208,145,Evening (17-20h),Call Back Later,0,AGT-002,True
CALL-78878,CUST-80208,498,Afternoon (13-17h),Success,914000,AGT-004,False
CALL-19138,CUST-60598,303,Evening (17-20h),Success,1113000,AGT-005,False
CALL-17190,CUST-60598,158,Noon (11-13h),Success,1002000,AGT-004,False
CALL-29055,CUST-55735,277,Afternoon (13-17h),Success,743000,AGT-001,False
CALL-23655,CUST-55735,336,Morning (8-11h),Success,1467000,AGT-012,False
CALL-56929,CUST-55735,336,Morning (8-11h),Success,350000,AGT-004,False
CALL-97618,CUST-94869,51,Afternoon (13-17h),Call Back Later,0,AGT-018,True
CALL-36487,CUST-94869,62,Afternoon (13-17h),Success,514000,AGT-012,False
CALL-91237,CUST-94869,379,Evening (17-20h),Success,1695000,AGT-001,False
CALL-16072,CUST-94869,140,Afternoon (13-17h),Success,350000,AGT-011,False
CALL-24535,CUST-94869,147,Morning (8-11h),Success,672000,AGT-001,False
CALL-29887,CUST-94869,186,Afternoon (13-17h),Success,1122000,AGT-002,False
CALL-94488,CUST-94869,115,Morning (8-11h),Success,834000,AGT-005,False
CALL-29931,CUST-94869,405,Afternoon (13-17h),Call Back Later,0,AGT-001,True
CALL-74845,CUST-94869,169,Morning (8-11h),Success,1646000,AGT-018,False
CALL-24986,CUST-94869,257,Noon (11-13h),Not Interested,0,AGT-001,False
CALL-10527,CUST-94869,95,Morning (8-11h),Not Interested,0,AGT-018,False
CALL-23941,CUST-94869,107,Afternoon (13-17h),Success,637000,AGT-001,False
CALL-86031,CUST-94869,60,Afternoon (13-17h),Not Interested,0,AGT-003,False
CALL-89898,CUST-83845,234,Morning (8-11h),Success,655000,AGT-002,False
CALL-41681,CUST-83845,122,Morning (8-11h),Success,903000,AGT-012,False
CALL-39293,CUST-83845,234,Noon (11-13h),Success,762000,AGT-018,False
CALL-87325,CUST-88414,218,Evening (17-20h),Success,869000,AGT-004,False
CALL-67867,CUST-88414,55,Evening (17-20h),Call Back Later,0,AGT-006,True
CALL-97412,CUST-87692,111,Afternoon (13-17h),Success,921000,AGT-016,False
CALL-88742,CUST-87692,49,Afternoon (13-17h),Success,871000,AGT-002,False
CALL-56729,CUST-87692,56,Morning (8-11h),Not Interested,0,AGT-011,False
CALL-49403,CUST-87692,44,Morning (8-11h),Not Interested,0,AGT-001,False
CALL-75200,CUST-87692,65,Afternoon (13-17h),No Answer,0,AGT-001,False
CALL-37074,CUST-87692,76,Evening (17-20h),Call Back Later,0,AGT-007,True
CALL-48606,CUST-49852,575,Morning (8-11h),Success,892000,AGT-004,False
CALL-98106,CUST-49852,101,Afternoon (13-17h),No Answer,0,AGT-001,False
CALL-41414,CUST-49852,245,Morning (8-11h),Success,1001000,AGT-002,False
CALL-56799,CUST-49852,197,Noon (11-13h),Success,2290000,AGT-001,False
CALL-69915,CUST-49852,168,Afternoon (13-17h),Success,853000,AGT-001,True
CALL-11202,CUST-49852,267,Afternoon (13-17h),Call Back Later,0,AGT-012,True
CALL-10679,CUST-49852,158,Afternoon (13-17h),Success,608000,AGT-019,False
CALL-99885,CUST-49852,60,Morning (8-11h),No Answer,0,AGT-001,False
CALL-64459,CUST-50903,182,Afternoon (13-17h),Not Interested,0,AGT-003,False
CALL-79893,CUST-99333,217,Afternoon (13-17h),Not Interested,0,AGT-002,False
CALL-78751,CUST-99333,48,Morning (8-11h),No Answer,0,AGT-012,False
CALL-15379,CUST-99333,157,Morning (8-11h),Success,554000,AGT-015,False
CALL-80286,CUST-99333,258,Morning (8-11h),Success,448000,AGT-001,False
CALL-77772,CUST-87445,131,Noon (11-13h),Success,2500000,AGT-002,False
CALL-60109,CUST-87445,458,Morning (8-11h),Success,824000,AGT-012,False
CALL-88723,CUST-61177,80,Afternoon (13-17h),Call Back Later,0,AGT-013,True
CALL-98860,CUST-61177,104,Morning (8-11h),Success,1161000,AGT-009,False
CALL-54038,CUST-61177,189,Evening (17-20h),Success,487000,AGT-005,False
CALL-47917,CUST-61177,85,Evening (17-20h),No Answer,0,AGT-001,False
CALL-49483,CUST-61177,83,Afternoon (13-17h),Not Interested,0,AGT-013,False
CALL-76814,CUST-61177,317,Evening (17-20h),Success,1481000,AGT-002,False
CALL-13309,CUST-19277,105,Evening (17-20h),No Answer,0,AGT-010,False
CALL-44082,CUST-19277,260,Afternoon (13-17h),Success,469000,AGT-008,False
CALL-26263,CUST-19277,53,Noon (11-13h),No Answer,0,AGT-018,False
CALL-33538,CUST-19277,103,Evening (17-20h),Success,1083000,AGT-002,True
CALL-51306,CUST-19277,99,Morning (8-11h),Not Interested,0,AGT-003,False
CALL-32854,CUST-80302,105,Noon (11-13h),Success,1460000,AGT-006,False
CALL-95381,CUST-80302,54,Afternoon (13-17h),Not Interested,0,AGT-002,False
CALL-57652,CUST-80302,94,Morning (8-11h),Not Interested,0,AGT-020,False
CALL-54349,CUST-80302,129,Morning (8-11h),Call Back Later,0,AGT-002,True
CALL-44971,CUST-80302,21,Afternoon (13-17h),Not Interested,0,AGT-009,False
CALL-45651,CUST-80302,81,Morning (8-11h),Success,886000,AGT-001,False
CALL-20976,CUST-80302,187,Evening (17-20h),No Answer,0,AGT-005,False
CALL-84706,CUST-67824,70,Evening (17-20h),Call Back Later,0,AGT-001,True
CALL-79079,CUST-67824,153,Afternoon (13-17h),Not Interested,0,AGT-012,False
CALL-51903,CUST-67824,66,Morning (8-11h),Not Interested,0,AGT-004,False
CALL-97176,CUST-67824,121,Morning (8-11h),Success,703000,AGT-005,False
CALL-23014,CUST-68455,14,Afternoon (13-17h),Not Interested,0,AGT-005,False
CALL-51472,CUST-35524,183,Morning (8-11h),Success,441000,AGT-001,False
CALL-89631,CUST-35524,83,Noon (11-13h),No Answer,0,AGT-001,False
CALL-17848,CUST-35524,239,Morning (8-11h),Success,861000,AGT-007,True
CALL-92691,CUST-35524,111,Afternoon (13-17h),Call Back Later,0,AGT-003,True
CALL-49345,CUST-35524,90,Evening (17-20h),Success,350000,AGT-002,False
CALL-66324,CUST-35524,73,Evening (17-20h),Success,567000,AGT-018,False
CALL-90538,CUST-35524,83,Morning (8-11h),Call Back Later,0,AGT-001,True
CALL-12188,CUST-35524,80,Morning (8-11h),Call Back Later,0,AGT-002,True
CALL-18596,CUST-35524,64,Afternoon (13-17h),Call Back Later,0,AGT-004,True
CALL-49839,CUST-35524,70,Morning (8-11h),Success,1675000,AGT-001,False
CALL-14574,CUST-35524,438,Afternoon (13-17h),No Answer,0,AGT-005,False
CALL-83655,CUST-59103,113,Afternoon (13-17h),Not Interested,0,AGT-011,False
CALL-48552,CUST-98511,22,Noon (11-13h),Not Interested,0,AGT-010,False
CALL-64120,CUST-98511,22,Noon (11-13h),Success,350000,AGT-005,False
CALL-60196,CUST-98511,445,Noon (11-13h),Success,1889000,AGT-019,True
CALL-84147,CUST-98511,110,Morning (8-11h),Success,689000,AGT-001,False
CALL-93357,CUST-98511,44,Noon (11-13h),Call Back Later,0,AGT-015,True
CALL-44240,CUST-78536,259,Afternoon (13-17h),Not Interested,0,AGT-003,False
CALL-88091,CUST-78536,71,Afternoon (13-17h),Call Back Later,0,AGT-006,True
CALL-82274,CUST-78536,126,Afternoon (13-17h),Success,1229000,AGT-001,False
CALL-66708,CUST-10286,142,Noon (11-13h),Success,2385000,AGT-002,False
CALL-78535,CUST-10286,47,Noon (11-13h),Not Interested,0,AGT-005,False
CALL-25544,CUST-13707,73,Afternoon (13-17h),Not Interested,0,AGT-002,False
CALL-62013,CUST-13707,205,Afternoon (13-17h),Success,857000,AGT-002,False
CALL-82948,CUST-63103,320,Morning (8-11h),Success,647000,AGT-001,False
CALL-68867,CUST-63103,221,Afternoon (13-17h),Success,2500000,AGT-001,False
CALL-11005,CUST-63103,160,Morning (8-11h),Success,1300000,AGT-005,False
CALL-99502,CUST-63103,89,Evening (17-20h),No Answer,0,AGT-018,True
CALL-13257,CUST-63103,176,Noon (11-13h),Success,1508000,AGT-007,False
CALL-52804,CUST-92152,200,Morning (8-11h),Success,1298000,AGT-001,True
CALL-30408,CUST-92152,314,Afternoon (13-17h),Not Interested,0,AGT-007,False
CALL-36836,CUST-92152,121,Afternoon (13-17h),Success,673000,AGT-001,False
CALL-86712,CUST-92152,549,Afternoon (13-17h),Not Interested,0,AGT-007,False
CALL-16465,CUST-92152,245,Morning (8-11h),Success,1689000,AGT-001,True
CALL-15479,CUST-92152,111,Afternoon (13-17h),Call Back Later,0,AGT-003,True
CALL-86468,CUST-92152,278,Afternoon (13-17h),Call Back Later,0,AGT-006,True
CALL-39415,CUST-92152,92,Afternoon (13-17h),No Answer,0,AGT-001,False
CALL-36774,CUST-32934,72,Afternoon (13-17h),Success,1070000,AGT-009,False
CALL-90911,CUST-32934,23,Morning (8-11h),Success,350000,AGT-002,False
CALL-36658,CUST-32934,431,Noon (11-13h),Success,1324000,AGT-003,False
CALL-22530,CUST-32934,90,Afternoon (13-17h),Not Interested,0,AGT-009,False
CALL-46564,CUST-33751,198,Morning (8-11h),Success,571000,AGT-002,False
CALL-48027,CUST-33751,247,Evening (17-20h),Success,1144000,AGT-001,False
CALL-66830,CUST-33751,93,Morning (8-11h),Call Back Later,0,AGT-001,True
CALL-48510,CUST-83965,100,Morning (8-11h),Call Back Later,0,AGT-015,True
CALL-17459,CUST-83965,22,Morning (8-11h),Success,430000,AGT-008,False
CALL-14973,CUST-83965,50,Morning (8-11h),Not Interested,0,AGT-006,False
CALL-26282,CUST-83965,31,Afternoon (13-17h),No Answer,0,AGT-013,False
CALL-76767,CUST-83965,507,Afternoon (13-17h),Call Back Later,0,AGT-019,True
CALL-10060,CUST-83965,106,Morning (8-11h),Not Interested,0,AGT-004,False
CALL-13662,CUST-83965,69,Evening (17-20h),Call Back Later,0,AGT-011,True
CALL-95502,CUST-58211,86,Afternoon (13-17h),Not Interested,0,AGT-001,False
CALL-51354,CUST-46902,124,Afternoon (13-17h),Call Back Later,0,AGT-003,True
CALL-71073,CUST-46902,60,Morning (8-11h),Call Back Later,0,AGT-004,True
CALL-97258,CUST-79115,194,Evening (17-20h),Call Back Later,0,AGT-003,True
CALL-82173,CUST-79115,248,Afternoon (13-17h),Success,1108000,AGT-003,False
CALL-19011,CUST-57378,108,Morning (8-11h),Call Back Later,0,AGT-003,True
CALL-62456,CUST-57378,75,Afternoon (13-17h),No Answer,0,AGT-007,False
CALL-83882,CUST-57378,91,Morning (8-11h),Not Interested,0,AGT-001,False
CALL-36578,CUST-57378,52,Morning (8-11h),No Answer,0,AGT-003,False
CALL-34888,CUST-57378,101,Morning (8-11h),Call Back Later,0,AGT-008,True
CALL-29003,CUST-57378,208,Noon (11-13h),Not Interested,0,AGT-006,False
CALL-80819,CUST-57378,369,Afternoon (13-17h),Success,350000,AGT-004,False
CALL-11607,CUST-24928,160,Afternoon (13-17h),Success,1159000,AGT-001,False
CALL-20487,CUST-89761,205,Afternoon (13-17h),Success,438000,AGT-004,False
CALL-24637,CUST-89761,110,Morning (8-11h),No Answer,0,AGT-009,False
CALL-18259,CUST-89761,266,Morning (8-11h),No Answer,0,AGT-006,False
CALL-84713,CUST-89761,63,Noon (11-13h),No Answer,0,AGT-002,False
CALL-68355,CUST-67931,38,Evening (17-20h),No Answer,0,AGT-004,False
CALL-53197,CUST-40866,105,Afternoon (13-17h),Success,1164000,AGT-003,False
CALL-42425,CUST-40866,174,Morning (8-11h),Success,916000,AGT-001,False
CALL-51189,CUST-25706,36,Morning (8-11h),No Answer,0,AGT-001,False
CALL-57189,CUST-30396,414,Morning (8-11h),Success,1369000,AGT-001,False
CALL-52401,CUST-30396,53,Morning (8-11h),Not Interested,0,AGT-017,True
CALL-60435,CUST-30396,84,Afternoon (13-17h),Not Interested,0,AGT-009,False
CALL-55647,CUST-30396,174,Morning (8-11h),Success,770000,AGT-002,False
CALL-48095,CUST-22589,156,Morning (8-11h),Call Back Later,0,AGT-017,True
CALL-67654,CUST-22589,272,Afternoon (13-17h),Success,1075000,AGT-009,False
CALL-28626,CUST-22589,213,Morning (8-11h),Success,1788000,AGT-008,False
CALL-48756,CUST-22589,55,Morning (8-11h),Call Back Later,0,AGT-019,True
CALL-48391,CUST-22589,87,Evening (17-20h),Success,684000,AGT-004,True
CALL-52587,CUST-22589,186,Afternoon (13-17h),Not Interested,0,AGT-005,False
CALL-47270,CUST-22589,109,Afternoon (13-17h),Success,1642000,AGT-008,False
CALL-24819,CUST-22589,53,Morning (8-11h),Not Interested,0,AGT-017,False
CALL-12854,CUST-22589,14,Evening (17-20h),No Answer,0,AGT-015,False
CALL-32947,CUST-22589,318,Afternoon (13-17h),Call Back Later,0,AGT-008,True
CALL-97110,CUST-22589,83,Morning (8-11h),No Answer,0,AGT-015,False
CALL-68868,CUST-24405,184,Noon (11-13h),Success,1412000,AGT-003,False
CALL-54361,CUST-60800,57,Morning (8-11h),Not Interested,0,AGT-005,False
CALL-77925,CUST-60800,161,Noon (11-13h),Success,976000,AGT-011,False
CALL-78165,CUST-60800,18,Morning (8-11h),Not Interested,0,AGT-001,True
CALL-78405,CUST-60800,56,Morning (8-11h),Not Interested,0,AGT-011,False
CALL-19419,CUST-60800,95,Morning (8-11h),Success,633000,AGT-006,False
CALL-42394,CUST-60800,64,Morning (8-11h),Success,1548000,AGT-009,False
CALL-73511,CUST-60800,72,Noon (11-13h),Success,2500000,AGT-015,False
CALL-62030,CUST-60800,219,Evening (17-20h),Call Back Later,0,AGT-004,True
CALL-93812,CUST-60800,83,Morning (8-11h),Call Back Later,0,AGT-002,True
CALL-13739,CUST-26247,47,Afternoon (13-17h),Not Interested,0,AGT-019,True
CALL-19256,CUST-26247,84,Afternoon (13-17h),Success,350000,AGT-017,False
CALL-46947,CUST-26247,14,Afternoon (13-17h),No Answer,0,AGT-003,False
CALL-84860,CUST-26247,98,Noon (11-13h),Call Back Later,0,AGT-001,True
CALL-66386,CUST-46935,91,Noon (11-13h),Success,359000,AGT-003,False
CALL-71906,CUST-46935,97,Evening (17-20h),No Answer,0,AGT-001,False
CALL-89561,CUST-46935,32,Evening (17-20h),No Answer,0,AGT-001,False
CALL-15637,CUST-46935,143,Afternoon (13-17h),Success,2500000,AGT-004,True
CALL-29025,CUST-46935,104,Evening (17-20h),No Answer,0,AGT-002,False
CALL-99910,CUST-46935,311,Afternoon (13-17h),Success,2153000,AGT-004,False
CALL-76199,CUST-46935,232,Afternoon (13-17h),Success,1335000,AGT-005,False
CALL-31812,CUST-46935,58,Morning (8-11h),Success,648000,AGT-006,False
CALL-20270,CUST-46935,56,Noon (11-13h),No Answer,0,AGT-001,False
CALL-98351,CUST-46935,237,Morning (8-11h),Call Back Later,0,AGT-007,True
CALL-82666,CUST-46935,49,Afternoon (13-17h),Success,1237000,AGT-011,False
CALL-99780,CUST-46935,52,Noon (11-13h),No Answer,0,AGT-005,False
CALL-19445,CUST-46935,152,Afternoon (13-17h),Success,1095000,AGT-018,False
CALL-12543,CUST-46935,72,Noon (11-13h),No Answer,0,AGT-005,False
CALL-61790,CUST-46935,153,Morning (8-11h),Success,1183000,AGT-020,False
CALL-43815,CUST-46935,20,Evening (17-20h),Not Interested,0,AGT-005,False
CALL-24202,CUST-46935,83,Noon (11-13h),Call Back Later,0,AGT-012,True
CALL-56772,CUST-55943,255,Morning (8-11h),Success,901000,AGT-017,False
CALL-66698,CUST-14646,55,Afternoon (13-17h),Not Interested,0,AGT-001,False
CALL-56168,CUST-57825,75,Morning (8-11h),Success,381000,AGT-011,False
CALL-52236,CUST-57825,96,Morning (8-11h),Call Back Later,0,AGT-013,True
CALL-43772,CUST-57825,78,Morning (8-11h),Call Back Later,0,AGT-001,True
CALL-42687,CUST-87940,20,Evening (17-20h),Not Interested,0,AGT-004,False
CALL-81097,CUST-87940,240,Afternoon (13-17h),Call Back Later,0,AGT-011,True
CALL-74781,CUST-87940,102,Afternoon (13-17h),No Answer,0,AGT-001,False
CALL-80818,CUST-87940,162,Afternoon (13-17h),Success,1487000,AGT-002,False
CALL-75599,CUST-87940,267,Afternoon (13-17h),Success,1583000,AGT-001,False
CALL-78778,CUST-87940,74,Morning (8-11h),Not Interested,0,AGT-002,False
CALL-79459,CUST-87940,145,Afternoon (13-17h),Success,947000,AGT-005,False
CALL-97869,CUST-87940,5,Afternoon (13-17h),No Answer,0,AGT-001,False
CALL-79878,CUST-24368,8,Afternoon (13-17h),No Answer,0,AGT-002,True
CALL-64009,CUST-24368,114,Evening (17-20h),Success,1207000,AGT-001,False
CALL-21195,CUST-24368,27,Afternoon (13-17h),No Answer,0,AGT-016,False
CALL-13898,CUST-24368,165,Evening (17-20h),Call Back Later,0,AGT-003,True
CALL-55568,CUST-88645,189,Evening (17-20h),Success,447000,AGT-004,False
CALL-42303,CUST-20661,62,Morning (8-11h),Success,667000,AGT-001,False
CALL-73048,CUST-20661,179,Morning (8-11h),Call Back Later,0,AGT-006,True
CALL-35556,CUST-20661,89,Noon (11-13h),No Answer,0,AGT-001,False
CALL-69253,CUST-20661,298,Morning (8-11h),Not Interested,0,AGT-006,False
CALL-62934,CUST-20661,35,Afternoon (13-17h),Not Interested,0,AGT-005,False
CALL-31615,CUST-20661,102,Afternoon (13-17h),Success,1043000,AGT-005,True
CALL-69793,CUST-20661,138,Morning (8-11h),Not Interested,0,AGT-004,False
CALL-60491,CUST-23583,210,Afternoon (13-17h),Success,911000,AGT-001,False
CALL-90406,CUST-23583,197,Afternoon (13-17h),Success,350000,AGT-003,False
CALL-95690,CUST-23583,80,Noon (11-13h),Success,608000,AGT-003,False
CALL-26424,CUST-23583,92,Noon (11-13h),Call Back Later,0,AGT-010,True
CALL-32015,CUST-23583,53,Noon (11-13h),No Answer,0,AGT-020,False
CALL-82900,CUST-23583,275,Morning (8-11h),Call Back Later,0,AGT-009,True
CALL-87782,CUST-23583,361,Noon (11-13h),Success,571000,AGT-004,False
CALL-69930,CUST-96902,16,Afternoon (13-17h),No Answer,0,AGT-002,False
CALL-54817,CUST-96902,234,Evening (17-20h),Success,688000,AGT-001,False
CALL-39035,CUST-96902,189,Morning (8-11h),Success,958000,AGT-001,False
CALL-35906,CUST-96902,6,Evening (17-20h),Not Interested,0,AGT-001,False
CALL-68072,CUST-96902,220,Noon (11-13h),Success,725000,AGT-006,False
CALL-43048,CUST-96902,309,Afternoon (13-17h),Not Interested,0,AGT-005,False
CALL-33510,CUST-96902,205,Afternoon (13-17h),Success,1016000,AGT-013,False
CALL-73015,CUST-96902,49,Afternoon (13-17h),Call Back Later,0,AGT-004,True
CALL-93773,CUST-21286,406,Morning (8-11h),Success,1378000,AGT-002,False
CALL-15546,CUST-41833,245,Morning (8-11h),Success,1384000,AGT-001,False
CALL-93866,CUST-41833,52,Morning (8-11h),Not Interested,0,AGT-002,False
CALL-76644,CUST-41833,169,Morning (8-11h),Success,2500000,AGT-016,False
CALL-62548,CUST-41833,161,Afternoon (13-17h),Success,596000,AGT-001,False
CALL-35299,CUST-97776,33,Afternoon (13-17h),Call Back Later,0,AGT-001,True
CALL-50421,CUST-27483,127,Afternoon (13-17h),Call Back Later,0,AGT-004,True
CALL-68342,CUST-85037,154,Evening (17-20h),Call Back Later,0,AGT-004,True
CALL-51738,CUST-95560,77,Morning (8-11h),Success,1217000,AGT-001,False
CALL-81205,CUST-95560,334,Morning (8-11h),Success,531000,AGT-002,False
CALL-55753,CUST-34175,97,Morning (8-11h),Call Back Later,0,AGT-015,True
CALL-49876,CUST-34175,179,Afternoon (13-17h),Success,1783000,AGT-018,False
CALL-39577,CUST-22703,122,Morning (8-11h),Success,973000,AGT-002,False
CALL-67887,CUST-22703,62,Noon (11-13h),Success,350000,AGT-001,False
CALL-80134,CUST-22703,146,Afternoon (13-17h),Success,1392000,AGT-001,False
CALL-32586,CUST-22703,111,Morning (8-11h),Success,380000,AGT-019,False
CALL-56595,CUST-22703,401,Evening (17-20h),Success,694000,AGT-003,False
CALL-30623,CUST-42492,236,Evening (17-20h),Success,1776000,AGT-011,False
CALL-86595,CUST-42492,24,Afternoon (13-17h),Not Interested,0,AGT-005,False
CALL-66285,CUST-24393,60,Afternoon (13-17h),Not Interested,0,AGT-004,False
CALL-19035,CUST-24393,51,Afternoon (13-17h),Call Back Later,0,AGT-020,True
CALL-22597,CUST-24393,6,Morning (8-11h),No Answer,0,AGT-002,False
CALL-48922,CUST-24393,192,Afternoon (13-17h),Call Back Later,0,AGT-012,True
CALL-66025,CUST-24393,165,Morning (8-11h),Call Back Later,0,AGT-011,True
CALL-26038,CUST-24393,42,Afternoon (13-17h),Not Interested,0,AGT-004,False
CALL-19732,CUST-24393,43,Morning (8-11h),No Answer,0,AGT-011,False
CALL-56530,CUST-24393,12,Afternoon (13-17h),Not Interested,0,AGT-011,False
CALL-56171,CUST-24393,55,Afternoon (13-17h),No Answer,0,AGT-001,False
CALL-80902,CUST-24393,159,Morning (8-11h),Success,721000,AGT-001,False
CALL-74503,CUST-24393,434,Morning (8-11h),Call Back Later,0,AGT-003,True
CALL-53486,CUST-24393,25,Morning (8-11h),Call Back Later,0,AGT-002,True
CALL-52338,CUST-24393,148,Evening (17-20h),Success,1755000,AGT-004,False
CALL-40222,CUST-24393,478,Morning (8-11h),Success,634000,AGT-001,False
CALL-93032,CUST-24393,103,Afternoon (13-17h),Success,738000,AGT-002,False
CALL-82888,CUST-25857,101,Morning (8-11h),Success,537000,AGT-009,True
CALL-90050,CUST-25857,119,Afternoon (13-17h),Not Interested,0,AGT-004,False
CALL-16228,CUST-25857,108,Afternoon (13-17h),Success,1578000,AGT-013,False
CALL-44207,CUST-25857,199,Evening (17-20h),No Answer,0,AGT-012,False
CALL-87174,CUST-25857,583,Afternoon (13-17h),Not Interested,0,AGT-001,False
CALL-16682,CUST-42845,62,Afternoon (13-17h),Call Back Later,0,AGT-005,True
CALL-43261,CUST-42845,31,Morning (8-11h),Not Interested,0,AGT-001,False
CALL-22140,CUST-42845,45,Afternoon (13-17h),No Answer,0,AGT-015,False
CALL-69692,CUST-42845,211,Evening (17-20h),Success,951000,AGT-001,False
CALL-91240,CUST-42845,137,Noon (11-13h),Success,350000,AGT-001,False
CALL-50098,CUST-42845,238,Afternoon (13-17h),Call Back Later,0,AGT-001,True
CALL-41197,CUST-92375,16,Afternoon (13-17h),No Answer,0,AGT-005,False
CALL-59946,CUST-92375,97,Afternoon (13-17h),No Answer,0,AGT-003,False
CALL-86816,CUST-22927,194,Afternoon (13-17h),Success,860000,AGT-002,False
CALL-76961,CUST-57921,16,Noon (11-13h),Not Interested,0,AGT-009,False
CALL-85570,CUST-57921,147,Afternoon (13-17h),Call Back Later,0,AGT-005,True
CALL-72333,CUST-63098,100,Morning (8-11h),Not Interested,0,AGT-001,False
CALL-98325,CUST-63098,362,Evening (17-20h),Success,909000,AGT-010,False
CALL-78516,CUST-63098,28,Morning (8-11h),Call Back Later,0,AGT-003,True
CALL-19935,CUST-63098,253,Morning (8-11h),Call Back Later,0,AGT-011,True
CALL-71637,CUST-59975,79,Afternoon (13-17h),Success,801000,AGT-014,False
CALL-99054,CUST-78196,15,Afternoon (13-17h),Not Interested,0,AGT-003,False
CALL-35484,CUST-78196,65,Morning (8-11h),Success,805000,AGT-010,True
CALL-62150,CUST-33917,231,Afternoon (13-17h),Success,2500000,AGT-003,False
CALL-63583,CUST-33917,216,Afternoon (13-17h),Success,1388000,AGT-002,False
CALL-77246,CUST-33917,178,Afternoon (13-17h),Success,1089000,AGT-007,False
CALL-92918,CUST-33917,45,Afternoon (13-17h),No Answer,0,AGT-003,False
CALL-57217,CUST-33917,369,Morning (8-11h),Call Back Later,0,AGT-002,True
CALL-56494,CUST-33917,118,Evening (17-20h),No Answer,0,AGT-006,False
CALL-70078,CUST-60722,97,Evening (17-20h),No Answer,0,AGT-001,False
CALL-84680,CUST-60722,118,Afternoon (13-17h),Success,453000,AGT-001,False
CALL-73099,CUST-60722,32,Afternoon (13-17h),Not Interested,0,AGT-001,False
CALL-65283,CUST-60722,17,Afternoon (13-17h),No Answer,0,AGT-004,False
CALL-54973,CUST-60722,102,Evening (17-20h),Not Interested,0,AGT-004,False
CALL-75915,CUST-60722,11,Morning (8-11h),No Answer,0,AGT-008,False
CALL-13197,CUST-60722,224,Afternoon (13-17h),Not Interested,0,AGT-019,False
CALL-89558,CUST-45404,321,Noon (11-13h),Success,1730000,AGT-002,True
CALL-14192,CUST-45404,558,Morning (8-11h),Success,482000,AGT-001,False
CALL-83602,CUST-45404,59,Noon (11-13h),No Answer,0,AGT-002,False
CALL-90942,CUST-45404,217,Evening (17-20h),Call Back Later,0,AGT-003,True
CALL-30176,CUST-45404,208,Morning (8-11h),Success,350000,AGT-006,False
CALL-22242,CUST-45404,105,Morning (8-11h),Success,1114000,AGT-014,True
CALL-18903,CUST-45404,170,Afternoon (13-17h),Success,2179000,AGT-003,False
CALL-81136,CUST-45404,288,Morning (8-11h),Success,1140000,AGT-003,False
CALL-79130,CUST-82359,85,Morning (8-11h),Call Back Later,0,AGT-001,True
CALL-54942,CUST-82359,183,Evening (17-20h),No Answer,0,AGT-012,False
CALL-81302,CUST-82359,166,Noon (11-13h),Success,1429000,AGT-019,True
CALL-82444,CUST-82359,141,Morning (8-11h),Not Interested,0,AGT-003,False
CALL-72382,CUST-82359,52,Afternoon (13-17h),Not Interested,0,AGT-003,False
CALL-80660,CUST-82359,42,Morning (8-11h),Success,404000,AGT-001,False
CALL-47666,CUST-82359,86,Morning (8-11h),Success,798000,AGT-004,False
CALL-13271,CUST-82359,226,Afternoon (13-17h),Success,350000,AGT-003,False
CALL-33492,CUST-84861,142,Morning (8-11h),Success,1256000,AGT-012,False
CALL-76020,CUST-89791,180,Evening (17-20h),Success,2500000,AGT-002,False
CALL-99652,CUST-89791,170,Morning (8-11h),Success,922000,AGT-015,False
CALL-54267,CUST-89791,530,Morning (8-11h),Success,1106000,AGT-017,False
CALL-61820,CUST-49444,209,Afternoon (13-17h),Success,460000,AGT-002,False
CALL-10183,CUST-49444,52,Evening (17-20h),No Answer,0,AGT-011,False
CALL-53576,CUST-49444,103,Morning (8-11h),Success,934000,AGT-001,False
CALL-91061,CUST-63362,241,Afternoon (13-17h),Success,786000,AGT-005,False
CALL-14743,CUST-80977,13,Afternoon (13-17h),No Answer,0,AGT-020,False
CALL-56324,CUST-80347,114,Evening (17-20h),Success,622000,AGT-005,False
CALL-37653,CUST-80347,81,Morning (8-11h),Not Interested,0,AGT-003,False
CALL-54572,CUST-80347,45,Evening (17-20h),No Answer,0,AGT-002,False
CALL-90112,CUST-80347,43,Morning (8-11h),Not Interested,0,AGT-001,False
CALL-66615,CUST-80347,202,Afternoon (13-17h),Call Back Later,0,AGT-018,True
CALL-78831,CUST-80347,225,Morning (8-11h),Success,644000,AGT-004,False
CALL-89788,CUST-80347,84,Afternoon (13-17h),Not Interested,0,AGT-009,False
CALL-10855,CUST-49773,90,Noon (11-13h),Success,1163000,AGT-002,False
CALL-74983,CUST-49773,107,Noon (11-13h),No Answer,0,AGT-018,False
CALL-36907,CUST-56530,5,Noon (11-13h),No Answer,0,AGT-002,False
CALL-83335,CUST-56530,409,Afternoon (13-17h),Not Interested,0,AGT-007,False
CALL-74658,CUST-56530,193,Noon (11-13h),No Answer,0,AGT-002,False
CALL-93423,CUST-54668,241,Evening (17-20h),Call Back Later,0,AGT-017,True
CALL-82831,CUST-75859,85,Morning (8-11h),Call Back Later,0,AGT-003,True
CALL-67502,CUST-75859,191,Morning (8-11h),Not Interested,0,AGT-001,False
CALL-20053,CUST-75859,33,Morning (8-11h),No Answer,0,AGT-001,False
CALL-37550,CUST-64737,184,Evening (17-20h),Call Back Later,0,AGT-008,True
CALL-88359,CUST-70392,120,Afternoon (13-17h),No Answer,0,AGT-011,True
CALL-10086,CUST-70392,35,Afternoon (13-17h),Call Back Later,0,AGT-002,True
CALL-67453,CUST-51267,355,Evening (17-20h),Success,516000,AGT-019,False
CALL-96241,CUST-14125,198,Afternoon (13-17h),Success,620000,AGT-015,False
CALL-56414,CUST-14125,566,Noon (11-13h),Success,350000,AGT-003,False
CALL-78203,CUST-67795,52,Morning (8-11h),Call Back Later,0,AGT-001,True
CALL-23823,CUST-67795,99,Morning (8-11h),No Answer,0,AGT-001,False
CALL-27549,CUST-67795,201,Afternoon (13-17h),Call Back Later,0,AGT-014,True
CALL-56487,CUST-67795,10,Morning (8-11h),Not Interested,0,AGT-002,False
CALL-17152,CUST-67795,145,Evening (17-20h),Not Interested,0,AGT-002,False
CALL-72801,CUST-67795,203,Afternoon (13-17h),Success,1309000,AGT-003,False
CALL-98514,CUST-67795,44,Evening (17-20h),Not Interested,0,AGT-005,False
CALL-57812,CUST-67795,123,Afternoon (13-17h),Not Interested,0,AGT-010,False
CALL-41822,CUST-46709,62,Afternoon (13-17h),Success,1872000,AGT-002,False
CALL-75697,CUST-46709,159,Afternoon (13-17h),Success,970000,AGT-004,False
CALL-63222,CUST-46709,188,Afternoon (13-17h),Success,1283000,AGT-004,False
CALL-87955,CUST-17978,119,Noon (11-13h),No Answer,0,AGT-001,False
CALL-33606,CUST-31266,222,Afternoon (13-17h),Success,622000,AGT-006,False
CALL-70874,CUST-31266,33,Evening (17-20h),Not Interested,0,AGT-001,False
CALL-92950,CUST-16569,228,Afternoon (13-17h),Success,1078000,AGT-001,False
CALL-82664,CUST-16569,408,Afternoon (13-17h),Not Interested,0,AGT-019,False
CALL-99708,CUST-16569,39,Afternoon (13-17h),Call Back Later,0,AGT-003,True
CALL-45016,CUST-16569,37,Morning (8-11h),Call Back Later,0,AGT-016,True
CALL-37101,CUST-16569,324,Noon (11-13h),Call Back Later,0,AGT-006,True
CALL-57560,CUST-16569,141,Afternoon (13-17h),Success,489000,AGT-011,False
CALL-63071,CUST-16569,208,Morning (8-11h),Success,606000,AGT-019,False
CALL-41710,CUST-16569,65,Afternoon (13-17h),Success,707000,AGT-013,False
CALL-14859,CUST-16569,80,Afternoon (13-17h),Success,350000,AGT-005,False
CALL-77973,CUST-16569,278,Morning (8-11h),Success,1158000,AGT-012,False
CALL-77450,CUST-16569,91,Afternoon (13-17h),Call Back Later,0,AGT-013,True
CALL-83550,CUST-16569,72,Morning (8-11h),No Answer,0,AGT-005,False
CALL-18804,CUST-16569,16,Morning (8-11h),Not Interested,0,AGT-002,False
CALL-17905,CUST-16569,79,Morning (8-11h),Success,939000,AGT-002,False
CALL-30686,CUST-59526,38,Morning (8-11h),Not Interested,0,AGT-011,False
CALL-17999,CUST-17874,46,Evening (17-20h),Success,350000,AGT-017,False
CALL-37239,CUST-17874,58,Afternoon (13-17h),Success,2261000,AGT-002,False
CALL-44703,CUST-17874,238,Morning (8-11h),Success,350000,AGT-017,False
CALL-84861,CUST-17874,14,Evening (17-20h),Not Interested,0,AGT-007,True
CALL-95622,CUST-69764,129,Afternoon (13-17h),Success,1902000,AGT-004,False
CALL-10015,CUST-69764,83,Afternoon (13-17h),No Answer,0,AGT-001,False
CALL-12907,CUST-69764,151,Afternoon (13-17h),Success,851000,AGT-001,False
CALL-65791,CUST-69764,169,Afternoon (13-17h),Success,972000,AGT-009,False
CALL-99200,CUST-69764,58,Afternoon (13-17h),Not Interested,0,AGT-002,False
CALL-35202,CUST-21809,246,Afternoon (13-17h),Call Back Later,0,AGT-014,True
CALL-65423,CUST-21809,422,Morning (8-11h),Success,1931000,AGT-004,False
CALL-91217,CUST-21809,35,Morning (8-11h),Call Back Later,0,AGT-003,True
CALL-82794,CUST-21809,195,Morning (8-11h),Call Back Later,0,AGT-004,True
CALL-59596,CUST-21809,106,Afternoon (13-17h),Success,919000,AGT-005,False
CALL-10252,CUST-21809,121,Evening (17-20h),Not Interested,0,AGT-019,False
CALL-99455,CUST-19482,251,Morning (8-11h),Success,448000,AGT-001,False
CALL-36553,CUST-19482,194,Evening (17-20h),Success,1477000,AGT-013,False
CALL-19730,CUST-19482,90,Morning (8-11h),Not Interested,0,AGT-011,False
CALL-63073,CUST-19482,275,Afternoon (13-17h),Call Back Later,0,AGT-004,True
CALL-56969,CUST-19482,109,Morning (8-11h),Success,748000,AGT-012,False
CALL-37574,CUST-19482,58,Noon (11-13h),Success,1079000,AGT-003,False
CALL-21670,CUST-19482,136,Afternoon (13-17h),Success,2216000,AGT-001,False
CALL-67590,CUST-19482,301,Evening (17-20h),Success,1145000,AGT-001,False
CALL-46682,CUST-99456,24,Morning (8-11h),Not Interested,0,AGT-006,False
CALL-56149,CUST-99456,182,Afternoon (13-17h),Success,638000,AGT-007,False
CALL-86285,CUST-99456,11,Evening (17-20h),No Answer,0,AGT-001,False
CALL-48425,CUST-99456,207,Noon (11-13h),Success,787000,AGT-001,False
CALL-46727,CUST-99456,160,Morning (8-11h),Success,498000,AGT-020,False
CALL-35497,CUST-29054,347,Afternoon (13-17h),Success,777000,AGT-001,False
CALL-59848,CUST-29054,30,Morning (8-11h),No Answer,0,AGT-001,False
CALL-70481,CUST-36083,146,Morning (8-11h),Success,2245000,AGT-002,False
CALL-30502,CUST-36083,56,Afternoon (13-17h),Success,350000,AGT-005,True
CALL-84491,CUST-36083,86,Noon (11-13h),Call Back Later,0,AGT-001,True
CALL-28429,CUST-52227,390,Noon (11-13h),Success,915000,AGT-001,True
CALL-24079,CUST-52227,153,Evening (17-20h),Success,784000,AGT-012,False
CALL-90994,CUST-52227,181,Morning (8-11h),Success,416000,AGT-017,False
CALL-79467,CUST-52227,83,Noon (11-13h),Call Back Later,0,AGT-019,True
CALL-92891,CUST-52227,116,Afternoon (13-17h),Not Interested,0,AGT-003,False
CALL-85931,CUST-15816,256,Afternoon (13-17h),Call Back Later,0,AGT-007,True
CALL-12756,CUST-15816,346,Afternoon (13-17h),Success,1718000,AGT-001,False
CALL-66200,CUST-15816,118,Afternoon (13-17h),Success,1565000,AGT-008,False
CALL-31731,CUST-15816,299,Noon (11-13h),Call Back Later,0,AGT-009,True
CALL-28049,CUST-15816,115,Afternoon (13-17h),Success,1736000,AGT-006,False
CALL-68744,CUST-59046,60,Noon (11-13h),Call Back Later,0,AGT-002,True
CALL-42256,CUST-59046,140,Morning (8-11h),Success,921000,AGT-011,False
CALL-27570,CUST-92056,54,Noon (11-13h),Success,350000,AGT-016,True
CALL-12420,CUST-92056,148,Noon (11-13h),Success,393000,AGT-002,True
CALL-45009,CUST-92056,35,Noon (11-13h),No Answer,0,AGT-007,False
CALL-90622,CUST-92056,199,Evening (17-20h),Success,1125000,AGT-002,False
CALL-53434,CUST-92056,38,Noon (11-13h),No Answer,0,AGT-002,False
CALL-95074,CUST-92056,61,Noon (11-13h),Not Interested,0,AGT-002,False
CALL-71320,CUST-92056,71,Noon (11-13h),Call Back Later,0,AGT-003,True
CALL-94680,CUST-92056,42,Morning (8-11h),Not Interested,0,AGT-002,False
CALL-45702,CUST-46168,113,Afternoon (13-17h),Success,1145000,AGT-002,False
CALL-38670,CUST-46168,5,Evening (17-20h),No Answer,0,AGT-007,False
CALL-15386,CUST-46168,101,Morning (8-11h),Success,1080000,AGT-014,False
CALL-83289,CUST-46168,153,Afternoon (13-17h),Not Interested,0,AGT-001,False
CALL-26082,CUST-92701,34,Afternoon (13-17h),No Answer,0,AGT-002,False
CALL-72393,CUST-92701,163,Afternoon (13-17h),Call Back Later,0,AGT-003,True
CALL-32092,CUST-92701,291,Afternoon (13-17h),Call Back Later,0,AGT-006,True
CALL-57056,CUST-92701,72,Morning (8-11h),Success,402000,AGT-001,False
CALL-34679,CUST-92701,124,Noon (11-13h),Success,850000,AGT-001,False
CALL-12102,CUST-92701,28,Morning (8-11h),No Answer,0,AGT-001,False
CALL-81429,CUST-92701,164,Morning (8-11h),Success,382000,AGT-002,True
CALL-21477,CUST-92701,193,Morning (8-11h),Success,1231000,AGT-002,False
CALL-39641,CUST-92701,23,Morning (8-11h),No Answer,0,AGT-003,False
CALL-60394,CUST-92701,197,Morning (8-11h),Success,2500000,AGT-019,False
CALL-90386,CUST-84026,89,Morning (8-11h),Call Back Later,0,AGT-002,True
CALL-91691,CUST-84026,75,Noon (11-13h),Call Back Later,0,AGT-004,True
CALL-35544,CUST-84026,248,Morning (8-11h),Success,1120000,AGT-007,False
CALL-54542,CUST-84026,69,Afternoon (13-17h),No Answer,0,AGT-003,False
CALL-25695,CUST-21683,30,Morning (8-11h),Call Back Later,0,AGT-003,True
CALL-99086,CUST-21683,104,Afternoon (13-17h),Not Interested,0,AGT-003,False
CALL-89575,CUST-21683,213,Morning (8-11h),Success,352000,AGT-018,False
CALL-35710,CUST-76777,109,Afternoon (13-17h),Not Interested,0,AGT-001,False
CALL-37427,CUST-76777,89,Morning (8-11h),No Answer,0,AGT-003,False
CALL-37640,CUST-76777,172,Evening (17-20h),Success,443000,AGT-011,False
CALL-15926,CUST-97304,51,Afternoon (13-17h),Not Interested,0,AGT-019,False
CALL-25388,CUST-18307,129,Evening (17-20h),Success,1982000,AGT-002,False
CALL-77102,CUST-18307,12,Morning (8-11h),Not Interested,0,AGT-006,False
CALL-21112,CUST-18307,165,Afternoon (13-17h),Success,518000,AGT-001,False
CALL-50637,CUST-75431,261,Morning (8-11h),Success,1606000,AGT-014,False
CALL-46055,CUST-75431,335,Noon (11-13h),Success,989000,AGT-002,False
CALL-24004,CUST-75431,227,Evening (17-20h),Not Interested,0,AGT-003,False
CALL-37057,CUST-75431,191,Noon (11-13h),Success,1177000,AGT-001,True
CALL-47477,CUST-75431,108,Afternoon (13-17h),Success,960000,AGT-007,True
CALL-61326,CUST-54586,199,Afternoon (13-17h),Success,574000,AGT-001,False
CALL-96223,CUST-16061,120,Noon (11-13h),Not Interested,0,AGT-004,False
CALL-37952,CUST-16061,34,Morning (8-11h),Call Back Later,0,AGT-008,True
CALL-93395,CUST-16061,270,Evening (17-20h),Success,1137000,AGT-014,False
CALL-18238,CUST-16061,12,Afternoon (13-17h),Not Interested,0,AGT-009,False
CALL-86566,CUST-16061,77,Evening (17-20h),Not Interested,0,AGT-001,False
CALL-58190,CUST-90382,57,Afternoon (13-17h),No Answer,0,AGT-004,False
CALL-93359,CUST-90382,122,Morning (8-11h),Success,570000,AGT-001,False
CALL-96378,CUST-42021,221,Noon (11-13h),Call Back Later,0,AGT-004,True
CALL-73092,CUST-42021,185,Morning (8-11h),Success,1139000,AGT-001,False
CALL-30786,CUST-85908,19,Evening (17-20h),Not Interested,0,AGT-016,False
CALL-39610,CUST-85908,35,Morning (8-11h),Success,1568000,AGT-013,False
CALL-17429,CUST-85908,192,Noon (11-13h),Success,1111000,AGT-005,False
CALL-26911,CUST-85908,513,Evening (17-20h),Call Back Later,0,AGT-005,True
CALL-25935,CUST-85908,69,Morning (8-11h),Not Interested,0,AGT-005,False
CALL-77727,CUST-85908,31,Afternoon (13-17h),No Answer,0,AGT-008,False
CALL-85757,CUST-85908,83,Afternoon (13-17h),Call Back Later,0,AGT-010,True
CALL-24565,CUST-85908,26,Noon (11-13h),Success,686000,AGT-012,False
CALL-34509,CUST-85908,100,Morning (8-11h),No Answer,0,AGT-002,True
CALL-57745,CUST-80584,124,Afternoon (13-17h),Success,984000,AGT-003,False
CALL-28462,CUST-80584,259,Morning (8-11h),Not Interested,0,AGT-013,False
CALL-72744,CUST-80584,173,Afternoon (13-17h),Not Interested,0,AGT-001,False
CALL-66965,CUST-80584,215,Afternoon (13-17h),Success,2500000,AGT-004,False
CALL-48635,CUST-80584,99,Morning (8-11h),Call Back Later,0,AGT-002,True
CALL-85055,CUST-80584,396,Afternoon (13-17h),Success,607000,AGT-003,False
CALL-27081,CUST-80584,27,Afternoon (13-17h),Not Interested,0,AGT-003,False
CALL-82049,CUST-60446,103,Noon (11-13h),Success,1085000,AGT-009,False
CALL-69184,CUST-60446,99,Afternoon (13-17h),Call Back Later,0,AGT-001,True
CALL-63364,CUST-40074,60,Evening (17-20h),No Answer,0,AGT-003,False
CALL-88222,CUST-40074,293,Afternoon (13-17h),Success,829000,AGT-006,False
CALL-60047,CUST-40074,5,Morning (8-11h),No Answer,0,AGT-012,False
CALL-63553,CUST-40074,41,Noon (11-13h),Call Back Later,0,AGT-008,True
CALL-41365,CUST-40074,124,Evening (17-20h),Success,485000,AGT-005,False
CALL-55081,CUST-40074,87,Noon (11-13h),Call Back Later,0,AGT-002,True
CALL-25816,CUST-40074,105,Morning (8-11h),No Answer,0,AGT-019,True
CALL-46016,CUST-40074,46,Morning (8-11h),Not Interested,0,AGT-010,False
CALL-34835,CUST-14761,70,Afternoon (13-17h),Success,754000,AGT-001,False
CALL-27772,CUST-14761,249,Morning (8-11h),Call Back Later,0,AGT-002,True
CALL-26518,CUST-14761,184,Afternoon (13-17h),Success,1271000,AGT-007,False
CALL-28543,CUST-14761,111,Afternoon (13-17h),Call Back Later,0,AGT-006,True
CALL-25389,CUST-14761,207,Evening (17-20h),Success,939000,AGT-006,False
CALL-22542,CUST-14761,241,Afternoon (13-17h),Success,871000,AGT-003,False
CALL-77438,CUST-69484,446,Evening (17-20h),Success,705000,AGT-018,False
CALL-36432,CUST-10565,199,Morning (8-11h),Not Interested,0,AGT-001,False
CALL-91526,CUST-10565,233,Evening (17-20h),Success,1079000,AGT-001,False
CALL-23294,CUST-10565,55,Morning (8-11h),Not Interested,0,AGT-002,False
CALL-24406,CUST-10565,162,Morning (8-11h),Success,1191000,AGT-013,False
CALL-97527,CUST-10565,119,Evening (17-20h),Success,706000,AGT-017,False
CALL-42868,CUST-64692,239,Afternoon (13-17h),Success,462000,AGT-002,False
CALL-37742,CUST-32585,229,Noon (11-13h),Call Back Later,0,AGT-001,True
CALL-88545,CUST-20336,223,Afternoon (13-17h),Success,992000,AGT-009,False
CALL-76550,CUST-33310,282,Afternoon (13-17h),Call Back Later,0,AGT-012,True
CALL-20649,CUST-56694,174,Afternoon (13-17h),Success,368000,AGT-008,False
CALL-25499,CUST-56694,60,Afternoon (13-17h),No Answer,0,AGT-001,False
CALL-24292,CUST-48170,188,Afternoon (13-17h),Success,350000,AGT-003,False
CALL-46323,CUST-48170,236,Evening (17-20h),Success,2410000,AGT-007,False
CALL-65806,CUST-48170,242,Evening (17-20h),Not Interested,0,AGT-001,False
CALL-22591,CUST-48170,79,Afternoon (13-17h),No Answer,0,AGT-001,False
CALL-60066,CUST-48170,12,Afternoon (13-17h),Not Interested,0,AGT-004,False
CALL-17396,CUST-48170,321,Morning (8-11h),Success,1911000,AGT-001,False
CALL-95535,CUST-48170,72,Afternoon (13-17h),Not Interested,0,AGT-015,False
CALL-53046,CUST-48170,102,Evening (17-20h),Success,1213000,AGT-004,False
CALL-53996,CUST-53463,87,Afternoon (13-17h),Success,1544000,AGT-008,False
CALL-39371,CUST-53463,137,Noon (11-13h),Success,1042000,AGT-020,False
CALL-65136,CUST-66838,88,Afternoon (13-17h),Not Interested,0,AGT-001,False
CALL-16763,CUST-66838,127,Morning (8-11h),Success,1568000,AGT-013,False
CALL-99693,CUST-66838,55,Morning (8-11h),Call Back Later,0,AGT-001,True
CALL-97811,CUST-75059,294,Evening (17-20h),Success,690000,AGT-018,False
CALL-61865,CUST-75059,179,Morning (8-11h),Success,431000,AGT-009,False
CALL-29492,CUST-75059,126,Afternoon (13-17h),Success,1483000,AGT-002,False
CALL-90419,CUST-75059,7,Noon (11-13h),No Answer,0,AGT-001,True
CALL-88676,CUST-75059,45,Morning (8-11h),Not Interested,0,AGT-006,False
CALL-40729,CUST-75059,207,Morning (8-11h),Not Interested,0,AGT-002,False
CALL-80577,CUST-75059,52,Afternoon (13-17h),Success,1025000,AGT-020,False
CALL-63384,CUST-90362,166,Morning (8-11h),Success,697000,AGT-011,False
CALL-32416,CUST-90362,90,Morning (8-11h),Not Interested,0,AGT-015,False
CALL-76388,CUST-90362,126,Afternoon (13-17h),Call Back Later,0,AGT-001,True
CALL-91410,CUST-90362,93,Evening (17-20h),Not Interested,0,AGT-011,False
CALL-44574,CUST-90362,101,Afternoon (13-17h),Success,1211000,AGT-001,False
CALL-31782,CUST-69362,202,Afternoon (13-17h),Success,1917000,AGT-004,False
CALL-40297,CUST-69362,207,Noon (11-13h),Success,350000,AGT-003,False
CALL-83923,CUST-69362,136,Afternoon (13-17h),Success,1448000,AGT-013,False
CALL-78127,CUST-69362,211,Morning (8-11h),Success,700000,AGT-018,False
CALL-39266,CUST-69362,32,Morning (8-11h),Not Interested,0,AGT-004,False
CALL-50552,CUST-16908,116,Afternoon (13-17h),Success,350000,AGT-002,True
CALL-64469,CUST-60132,81,Evening (17-20h),Success,594000,AGT-008,False
CALL-43201,CUST-60132,78,Evening (17-20h),Success,1709000,AGT-006,False
CALL-75065,CUST-60132,71,Noon (11-13h),Success,1709000,AGT-012,False
CALL-66139,CUST-60132,269,Evening (17-20h),Success,806000,AGT-002,False
CALL-89082,CUST-60132,44,Morning (8-11h),Not Interested,0,AGT-005,False
CALL-90109,CUST-60132,71,Morning (8-11h),Not Interested,0,AGT-004,False
CALL-43857,CUST-60132,136,Afternoon (13-17h),Success,1073000,AGT-002,False
CALL-39461,CUST-36321,75,Afternoon (13-17h),Success,568000,AGT-005,False
CALL-51358,CUST-36321,74,Morning (8-11h),Not Interested,0,AGT-014,False
CALL-96916,CUST-36321,84,Afternoon (13-17h),Not Interested,0,AGT-008,False
CALL-73553,CUST-95595,182,Morning (8-11h),Success,350000,AGT-012,False
CALL-55987,CUST-95595,281,Evening (17-20h),Success,947000,AGT-006,False
CALL-38177,CUST-95595,205,Afternoon (13-17h),Success,1142000,AGT-016,False
CALL-58493,CUST-95595,423,Evening (17-20h),Success,899000,AGT-003,False
CALL-24999,CUST-95595,366,Afternoon (13-17h),Success,1979000,AGT-006,False
CALL-56801,CUST-95595,18,Afternoon (13-17h),Not Interested,0,AGT-006,False
CALL-11124,CUST-95595,273,Evening (17-20h),Success,787000,AGT-001,False
CALL-84572,CUST-95595,358,Afternoon (13-17h),Success,719000,AGT-013,False
CALL-83343,CUST-52660,177,Noon (11-13h),Success,759000,AGT-016,False
CALL-17508,CUST-20689,102,Noon (11-13h),Success,820000,AGT-005,False
CALL-27197,CUST-20689,53,Noon (11-13h),No Answer,0,AGT-004,False
CALL-57342,CUST-20689,194,Morning (8-11h),No Answer,0,AGT-006,False
CALL-29884,CUST-35959,34,Evening (17-20h),No Answer,0,AGT-014,False
CALL-91156,CUST-35959,130,Afternoon (13-17h),Success,1683000,AGT-001,False
CALL-93922,CUST-35959,600,Afternoon (13-17h),Success,1327000,AGT-001,False
CALL-43694,CUST-74282,27,Morning (8-11h),Not Interested,0,AGT-002,False
CALL-59083,CUST-74282,133,Evening (17-20h),Success,859000,AGT-020,False
CALL-55274,CUST-74282,242,Morning (8-11h),Call Back Later,0,AGT-003,True
CALL-36330,CUST-74282,147,Afternoon (13-17h),Success,796000,AGT-007,False
CALL-92108,CUST-74282,196,Evening (17-20h),Success,1112000,AGT-013,True
CALL-86989,CUST-16814,28,Morning (8-11h),Call Back Later,0,AGT-006,True
CALL-12917,CUST-16814,412,Afternoon (13-17h),Success,1207000,AGT-001,False
CALL-96346,CUST-16814,143,Afternoon (13-17h),Not Interested,0,AGT-008,False
CALL-20685,CUST-16814,36,Afternoon (13-17h),Not Interested,0,AGT-004,False
CALL-80434,CUST-16814,234,Noon (11-13h),Success,350000,AGT-006,False
CALL-88423,CUST-16814,405,Afternoon (13-17h),Success,871000,AGT-009,False
CALL-89794,CUST-16814,93,Evening (17-20h),No Answer,0,AGT-002,False
CALL-34544,CUST-16814,112,Morning (8-11h),Call Back Later,0,AGT-001,True
CALL-91292,CUST-16814,275,Morning (8-11h),Success,723000,AGT-017,False
CALL-81329,CUST-48804,225,Morning (8-11h),Success,1370000,AGT-010,False
CALL-56856,CUST-48804,60,Evening (17-20h),Not Interested,0,AGT-009,False
CALL-47936,CUST-48804,12,Afternoon (13-17h),No Answer,0,AGT-006,False
CALL-73985,CUST-72071,411,Afternoon (13-17h),Success,1528000,AGT-005,False
CALL-12069,CUST-72071,85,Morning (8-11h),No Answer,0,AGT-011,False
CALL-80070,CUST-72071,41,Noon (11-13h),Call Back Later,0,AGT-001,True
CALL-24443,CUST-58823,65,Afternoon (13-17h),Call Back Later,0,AGT-010,True
CALL-29043,CUST-58823,320,Morning (8-11h),Success,1012000,AGT-017,False
CALL-26207,CUST-58823,5,Afternoon (13-17h),No Answer,0,AGT-012,False
CALL-55029,CUST-58823,270,Morning (8-11h),Success,350000,AGT-019,False
CALL-91432,CUST-58823,177,Afternoon (13-17h),Call Back Later,0,AGT-004,True
CALL-62449,CUST-67474,99,Morning (8-11h),Success,1088000,AGT-015,False
CALL-86382,CUST-96668,135,Evening (17-20h),Success,772000,AGT-009,False
CALL-36211,CUST-13117,215,Evening (17-20h),Success,942000,AGT-014,False
CALL-31715,CUST-13117,89,Morning (8-11h),No Answer,0,AGT-001,False
CALL-93603,CUST-49036,65,Afternoon (13-17h),Success,350000,AGT-001,False
CALL-33102,CUST-49036,206,Morning (8-11h),Not Interested,0,AGT-011,False
CALL-54290,CUST-49036,147,Afternoon (13-17h),Success,1399000,AGT-005,False
CALL-18221,CUST-49036,335,Afternoon (13-17h),Success,1098000,AGT-001,False
CALL-68164,CUST-49036,315,Afternoon (13-17h),Success,1195000,AGT-001,False
CALL-60414,CUST-49036,99,Afternoon (13-17h),No Answer,0,AGT-001,False
CALL-96446,CUST-49036,121,Morning (8-11h),Success,992000,AGT-002,True
CALL-76729,CUST-49036,302,Afternoon (13-17h),Success,1600000,AGT-020,True
CALL-77916,CUST-49036,245,Evening (17-20h),No Answer,0,AGT-005,False
CALL-70779,CUST-49036,182,Morning (8-11h),Success,671000,AGT-019,False
CALL-88576,CUST-57377,278,Morning (8-11h),Success,1008000,AGT-001,False
CALL-29822,CUST-97306,31,Morning (8-11h),Call Back Later,0,AGT-004,True
CALL-10174,CUST-77959,181,Afternoon (13-17h),Call Back Later,0,AGT-005,True
CALL-48650,CUST-77959,56,Evening (17-20h),Not Interested,0,AGT-013,False
CALL-82717,CUST-12309,231,Morning (8-11h),Success,2295000,AGT-001,False
CALL-95278,CUST-12309,178,Morning (8-11h),Success,754000,AGT-004,False
CALL-51098,CUST-12309,269,Evening (17-20h),Success,609000,AGT-002,False
CALL-30966,CUST-12309,321,Afternoon (13-17h),Not Interested,0,AGT-012,False
CALL-85313,CUST-12309,38,Noon (11-13h),Not Interested,0,AGT-004,False
CALL-85506,CUST-12309,183,Afternoon (13-17h),Success,638000,AGT-001,False
CALL-69178,CUST-12309,78,Morning (8-11h),No Answer,0,AGT-001,False
CALL-68337,CUST-12309,215,Afternoon (13-17h),Success,1141000,AGT-001,False
CALL-45956,CUST-57500,75,Morning (8-11h),Call Back Later,0,AGT-001,True
CALL-49418,CUST-57500,80,Afternoon (13-17h),Success,939000,AGT-002,False
CALL-58221,CUST-57500,142,Afternoon (13-17h),Success,506000,AGT-016,False
CALL-76131,CUST-46508,36,Noon (11-13h),No Answer,0,AGT-007,False
CALL-30030,CUST-46508,57,Afternoon (13-17h),Not Interested,0,AGT-002,False
CALL-82014,CUST-98358,195,Evening (17-20h),Success,943000,AGT-001,False
CALL-83559,CUST-98358,375,Afternoon (13-17h),Not Interested,0,AGT-002,False
CALL-54656,CUST-98358,18,Morning (8-11h),Not Interested,0,AGT-012,False
CALL-66068,CUST-98358,71,Morning (8-11h),Success,1030000,AGT-001,True
CALL-21157,CUST-98358,169,Morning (8-11h),Success,1170000,AGT-010,False
CALL-55782,CUST-52451,24,Afternoon (13-17h),No Answer,0,AGT-013,False
CALL-94619,CUST-52451,102,Morning (8-11h),Success,477000,AGT-009,False
CALL-46627,CUST-52451,155,Morning (8-11h),Success,1294000,AGT-005,False
CALL-93703,CUST-89479,125,Evening (17-20h),Success,688000,AGT-002,False
CALL-23321,CUST-89479,85,Afternoon (13-17h),Success,350000,AGT-008,False
CALL-99701,CUST-89479,31,Noon (11-13h),Not Interested,0,AGT-005,False
CALL-48731,CUST-89479,547,Afternoon (13-17h),No Answer,0,AGT-001,False
CALL-57833,CUST-89479,68,Afternoon (13-17h),Call Back Later,0,AGT-019,True
CALL-67764,CUST-89479,226,Afternoon (13-17h),Success,350000,AGT-011,False
CALL-66186,CUST-89479,198,Evening (17-20h),Success,1966000,AGT-001,False
CALL-52319,CUST-89479,103,Afternoon (13-17h),Not Interested,0,AGT-003,False
CALL-67449,CUST-57145,86,Afternoon (13-17h),Success,1571000,AGT-007,False
CALL-41218,CUST-57145,34,Morning (8-11h),No Answer,0,AGT-014,False
CALL-78887,CUST-57145,252,Morning (8-11h),Success,764000,AGT-007,False
CALL-26529,CUST-98960,268,Afternoon (13-17h),Success,1120000,AGT-001,False
CALL-55992,CUST-98960,107,Morning (8-11h),Success,1467000,AGT-008,True
CALL-59402,CUST-98960,72,Evening (17-20h),Call Back Later,0,AGT-005,True
CALL-79037,CUST-98960,51,Afternoon (13-17h),Not Interested,0,AGT-004,True
CALL-97122,CUST-98960,114,Morning (8-11h),Call Back Later,0,AGT-007,True
CALL-46066,CUST-98960,60,Morning (8-11h),No Answer,0,AGT-016,False
CALL-99540,CUST-98960,142,Morning (8-11h),Success,827000,AGT-001,True
CALL-31214,CUST-98960,158,Afternoon (13-17h),Success,1022000,AGT-003,False
CALL-80073,CUST-98960,159,Noon (11-13h),Not Interested,0,AGT-006,False
CALL-17386,CUST-98960,53,Afternoon (13-17h),Success,486000,AGT-005,False
CALL-77708,CUST-98960,58,Noon (11-13h),No Answer,0,AGT-013,False
CALL-98819,CUST-98960,105,Afternoon (13-17h),Not Interested,0,AGT-007,True
CALL-83591,CUST-42811,248,Noon (11-13h),Success,755000,AGT-001,False
CALL-92228,CUST-42811,159,Noon (11-13h),Success,986000,AGT-003,False
CALL-38276,CUST-42811,49,Morning (8-11h),Success,705000,AGT-005,False
CALL-59864,CUST-42811,162,Afternoon (13-17h),Success,888000,AGT-006,False
CALL-44315,CUST-42811,209,Afternoon (13-17h),Success,411000,AGT-003,False
CALL-39285,CUST-39743,277,Morning (8-11h),Not Interested,0,AGT-012,False
CALL-62142,CUST-39743,81,Afternoon (13-17h),Success,421000,AGT-013,False
CALL-53641,CUST-39743,130,Noon (11-13h),Success,1066000,AGT-011,False
CALL-78411,CUST-39743,56,Morning (8-11h),Call Back Later,0,AGT-007,True
CALL-28367,CUST-39743,43,Afternoon (13-17h),Call Back Later,0,AGT-003,True
CALL-39273,CUST-39743,242,Afternoon (13-17h),Success,2121000,AGT-011,False
CALL-69086,CUST-39743,59,Noon (11-13h),Not Interested,0,AGT-002,False
CALL-37531,CUST-55985,127,Afternoon (13-17h),Success,552000,AGT-002,False
CALL-34319,CUST-55967,185,Afternoon (13-17h),Success,1024000,AGT-001,False
CALL-18138,CUST-55967,142,Afternoon (13-17h),Not Interested,0,AGT-018,False
CALL-57979,CUST-55967,30,Afternoon (13-17h),Call Back Later,0,AGT-007,True
CALL-59721,CUST-55967,108,Afternoon (13-17h),Success,1553000,AGT-001,False
CALL-30646,CUST-55967,205,Afternoon (13-17h),Success,2500000,AGT-020,False
CALL-65522,CUST-55967,109,Morning (8-11h),Success,1834000,AGT-017,True
CALL-55811,CUST-55967,113,Afternoon (13-17h),Call Back Later,0,AGT-003,True
CALL-67923,CUST-55967,229,Morning (8-11h),Success,2500000,AGT-003,False
CALL-71658,CUST-55967,192,Morning (8-11h),Success,640000,AGT-001,False
CALL-82434,CUST-55967,82,Evening (17-20h),Success,718000,AGT-012,False
CALL-95814,CUST-55967,325,Afternoon (13-17h),Not Interested,0,AGT-004,False
CALL-94062,CUST-55967,61,Noon (11-13h),Success,983000,AGT-006,False
CALL-44451,CUST-55967,79,Afternoon (13-17h),No Answer,0,AGT-006,False
CALL-15320,CUST-55967,126,Noon (11-13h),Success,527000,AGT-015,False
CALL-63332,CUST-55967,185,Noon (11-13h),Success,1714000,AGT-018,False
CALL-50068,CUST-55967,292,Afternoon (13-17h),Success,2500000,AGT-007,False
CALL-27303,CUST-49226,81,Afternoon (13-17h),Not Interested,0,AGT-001,False
CALL-59124,CUST-35891,129,Afternoon (13-17h),No Answer,0,AGT-006,False
CALL-37493,CUST-94989,325,Morning (8-11h),Call Back Later,0,AGT-005,True
CALL-74368,CUST-94989,240,Afternoon (13-17h),Success,698000,AGT-001,False
CALL-95986,CUST-94989,164,Noon (11-13h),Success,449000,AGT-002,False
CALL-67818,CUST-18665,142,Afternoon (13-17h),Success,1561000,AGT-009,False
CALL-41956,CUST-18665,26,Noon (11-13h),Success,1234000,AGT-002,False
CALL-78713,CUST-18665,183,Afternoon (13-17h),Success,962000,AGT-011,False
CALL-34736,CUST-89488,87,Afternoon (13-17h),Success,1379000,AGT-001,False
CALL-80269,CUST-89488,262,Evening (17-20h),Success,1270000,AGT-008,False
CALL-44115,CUST-89488,137,Evening (17-20h),Not Interested,0,AGT-005,False
CALL-72560,CUST-82031,36,Morning (8-11h),Call Back Later,0,AGT-014,True
CALL-64883,CUST-82031,49,Evening (17-20h),Call Back Later,0,AGT-011,True
CALL-42662,CUST-82031,458,Noon (11-13h),Call Back Later,0,AGT-001,True
CALL-45969,CUST-82031,192,Afternoon (13-17h),Success,1191000,AGT-001,False
CALL-73672,CUST-82031,78,Afternoon (13-17h),No Answer,0,AGT-008,False
CALL-65819,CUST-82031,143,Afternoon (13-17h),Success,864000,AGT-018,False
CALL-29529,CUST-82031,105,Afternoon (13-17h),Success,2236000,AGT-001,False
CALL-59240,CUST-60313,260,Noon (11-13h),Success,752000,AGT-003,False
CALL-98265,CUST-60313,207,Afternoon (13-17h),Success,355000,AGT-006,False
CALL-38699,CUST-60313,600,Afternoon (13-17h),Not Interested,0,AGT-019,False
CALL-42383,CUST-60313,158,Morning (8-11h),Not Interested,0,AGT-005,True
CALL-12665,CUST-60313,42,Afternoon (13-17h),Call Back Later,0,AGT-011,True
CALL-61089,CUST-60313,17,Afternoon (13-17h),Not Interested,0,AGT-004,False
CALL-94555,CUST-60313,243,Morning (8-11h),Call Back Later,0,AGT-003,True
CALL-14455,CUST-75198,135,Afternoon (13-17h),Success,1488000,AGT-008,False
CALL-10789,CUST-75198,105,Evening (17-20h),Success,2221000,AGT-007,False
CALL-55701,CUST-14297,53,Afternoon (13-17h),Not Interested,0,AGT-001,False
CALL-39620,CUST-75943,117,Noon (11-13h),Success,1692000,AGT-001,False
CALL-12191,CUST-75943,206,Morning (8-11h),Call Back Later,0,AGT-017,True
CALL-90074,CUST-75943,107,Morning (8-11h),Success,555000,AGT-007,False
CALL-17592,CUST-75943,273,Morning (8-11h),Success,455000,AGT-001,False
CALL-62530,CUST-47263,387,Noon (11-13h),Not Interested,0,AGT-001,False
CALL-31548,CUST-47263,143,Morning (8-11h),No Answer,0,AGT-014,False
CALL-33294,CUST-43490,99,Afternoon (13-17h),Success,744000,AGT-012,False
CALL-71089,CUST-43490,92,Evening (17-20h),Success,754000,AGT-004,True
CALL-22663,CUST-43490,138,Afternoon (13-17h),Success,1465000,AGT-016,False
CALL-40971,CUST-43490,142,Afternoon (13-17h),Success,830000,AGT-002,False
CALL-16732,CUST-43490,159,Afternoon (13-17h),Success,1815000,AGT-019,False
CALL-84421,CUST-43490,25,Evening (17-20h),No Answer,0,AGT-006,False
CALL-47840,CUST-43490,154,Morning (8-11h),Not Interested,0,AGT-003,False
CALL-70008,CUST-43490,151,Evening (17-20h),Success,2430000,AGT-001,False
CALL-38321,CUST-45486,201,Afternoon (13-17h),Success,1712000,AGT-001,False
CALL-22169,CUST-45486,224,Noon (11-13h),Call Back Later,0,AGT-001,True
CALL-10916,CUST-45486,286,Afternoon (13-17h),Success,652000,AGT-004,False
CALL-89835,CUST-45486,164,Evening (17-20h),Success,2500000,AGT-001,False
CALL-72420,CUST-23735,225,Evening (17-20h),Not Interested,0,AGT-004,False
CALL-64538,CUST-23735,165,Afternoon (13-17h),Success,1467000,AGT-017,False
CALL-95399,CUST-23735,282,Evening (17-20h),Success,2073000,AGT-011,False
CALL-65908,CUST-23735,121,Afternoon (13-17h),Success,1159000,AGT-020,False
CALL-72842,CUST-50460,80,Morning (8-11h),No Answer,0,AGT-011,False
CALL-50338,CUST-78626,133,Morning (8-11h),Success,820000,AGT-004,False
CALL-87602,CUST-78626,328,Noon (11-13h),Success,685000,AGT-002,False
CALL-79912,CUST-78626,85,Afternoon (13-17h),No Answer,0,AGT-020,False
CALL-56788,CUST-54124,324,Evening (17-20h),Success,1084000,AGT-006,False
CALL-92364,CUST-54124,170,Morning (8-11h),Success,730000,AGT-003,False
CALL-77838,CUST-54124,241,Morning (8-11h),Success,741000,AGT-013,False
CALL-76633,CUST-54124,182,Afternoon (13-17h),Success,984000,AGT-014,False
CALL-91909,CUST-54124,141,Noon (11-13h),Success,394000,AGT-005,False
CALL-56794,CUST-54124,79,Afternoon (13-17h),No Answer,0,AGT-004,False
CALL-72429,CUST-51073,572,Noon (11-13h),Call Back Later,0,AGT-016,True
CALL-93315,CUST-51073,32,Morning (8-11h),Not Interested,0,AGT-002,False
CALL-78640,CUST-79153,267,Morning (8-11h),Call Back Later,0,AGT-015,True
CALL-15473,CUST-79153,21,Afternoon (13-17h),Call Back Later,0,AGT-013,True
CALL-73539,CUST-11609,365,Morning (8-11h),Success,393000,AGT-001,False
CALL-26052,CUST-11609,206,Morning (8-11h),Success,587000,AGT-001,False
CALL-93782,CUST-11609,61,Noon (11-13h),No Answer,0,AGT-001,False
CALL-82499,CUST-11609,65,Evening (17-20h),Success,788000,AGT-016,False
CALL-44952,CUST-11609,133,Afternoon (13-17h),Success,1157000,AGT-008,False
CALL-46739,CUST-11609,19,Morning (8-11h),No Answer,0,AGT-002,False
CALL-51801,CUST-11609,279,Afternoon (13-17h),Call Back Later,0,AGT-005,True
CALL-46954,CUST-11609,73,Afternoon (13-17h),Success,1445000,AGT-003,False
CALL-58934,CUST-11609,37,Evening (17-20h),Not Interested,0,AGT-017,False
CALL-80468,CUST-91082,247,Evening (17-20h),Call Back Later,0,AGT-002,True
CALL-53025,CUST-91082,15,Afternoon (13-17h),Not Interested,0,AGT-001,False
CALL-70931,CUST-91082,122,Noon (11-13h),Success,1473000,AGT-004,False
CALL-91466,CUST-91082,50,Afternoon (13-17h),No Answer,0,AGT-001,False
CALL-98775,CUST-91082,177,Morning (8-11h),Success,1325000,AGT-014,False
CALL-23346,CUST-91082,283,Afternoon (13-17h),Success,391000,AGT-007,False
CALL-20720,CUST-91082,18,Morning (8-11h),Not Interested,0,AGT-008,False
CALL-25620,CUST-91082,285,Afternoon (13-17h),Success,505000,AGT-002,False
CALL-52924,CUST-95865,109,Afternoon (13-17h),Success,413000,AGT-005,False
CALL-23250,CUST-95865,44,Morning (8-11h),No Answer,0,AGT-002,False
CALL-95272,CUST-95865,41,Afternoon (13-17h),Not Interested,0,AGT-016,False
CALL-58862,CUST-95865,109,Evening (17-20h),Not Interested,0,AGT-007,False
CALL-82639,CUST-95865,15,Afternoon (13-17h),Not Interested,0,AGT-014,False
CALL-53540,CUST-95865,105,Afternoon (13-17h),Success,474000,AGT-001,False
CALL-88037,CUST-95865,117,Afternoon (13-17h),Success,350000,AGT-004,False
CALL-87944,CUST-95865,188,Morning (8-11h),No Answer,0,AGT-006,False
CALL-32369,CUST-95865,266,Afternoon (13-17h),Success,1027000,AGT-003,False
CALL-11583,CUST-55703,200,Evening (17-20h),Success,686000,AGT-003,False
CALL-96923,CUST-55703,330,Morning (8-11h),Success,701000,AGT-008,False
CALL-76269,CUST-55703,51,Afternoon (13-17h),Success,947000,AGT-020,False
CALL-77780,CUST-55703,170,Noon (11-13h),Call Back Later,0,AGT-001,True
CALL-36304,CUST-55703,181,Noon (11-13h),Success,1325000,AGT-004,False
CALL-54566,CUST-55703,325,Morning (8-11h),Success,1357000,AGT-001,False
CALL-98556,CUST-55703,179,Morning (8-11h),Success,857000,AGT-001,False
CALL-11715,CUST-10271,66,Evening (17-20h),Success,794000,AGT-001,False
CALL-71152,CUST-84025,124,Morning (8-11h),Call Back Later,0,AGT-001,True
CALL-72142,CUST-49856,171,Noon (11-13h),Call Back Later,0,AGT-002,True
CALL-25371,CUST-49856,28,Evening (17-20h),No Answer,0,AGT-004,False
CALL-77646,CUST-49856,355,Morning (8-11h),Success,371000,AGT-015,False
CALL-84118,CUST-49856,126,Afternoon (13-17h),Success,1134000,AGT-016,False
CALL-80234,CUST-49856,465,Evening (17-20h),Success,1479000,AGT-001,False
CALL-74396,CUST-49856,34,Evening (17-20h),No Answer,0,AGT-001,True
CALL-46017,CUST-49856,54,Evening (17-20h),No Answer,0,AGT-017,False
CALL-45945,CUST-19880,186,Evening (17-20h),Not Interested,0,AGT-004,False
CALL-62989,CUST-44028,92,Morning (8-11h),Call Back Later,0,AGT-005,True
CALL-29836,CUST-44028,258,Evening (17-20h),Success,1556000,AGT-003,False
CALL-51262,CUST-74361,134,Afternoon (13-17h),No Answer,0,AGT-018,False
CALL-29632,CUST-74361,129,Morning (8-11h),Success,972000,AGT-018,False
CALL-74222,CUST-75461,125,Evening (17-20h),Not Interested,0,AGT-018,False
CALL-55066,CUST-75461,38,Morning (8-11h),Not Interested,0,AGT-009,False
CALL-60664,CUST-75461,137,Morning (8-11h),Success,2500000,AGT-009,False
CALL-92690,CUST-75461,51,Morning (8-11h),No Answer,0,AGT-001,False
CALL-17198,CUST-19234,478,Noon (11-13h),Call Back Later,0,AGT-002,True
CALL-91449,CUST-19234,11,Noon (11-13h),Not Interested,0,AGT-002,False
CALL-40148,CUST-19234,151,Morning (8-11h),Success,1094000,AGT-005,False
CALL-84792,CUST-77117,166,Afternoon (13-17h),Success,709000,AGT-001,False
CALL-87020,CUST-77117,187,Evening (17-20h),Success,2500000,AGT-015,False
CALL-11379,CUST-77117,225,Morning (8-11h),Not Interested,0,AGT-020,False
CALL-15829,CUST-66508,22,Afternoon (13-17h),Call Back Later,0,AGT-005,True
CALL-46071,CUST-60961,171,Evening (17-20h),Success,601000,AGT-003,False
CALL-45699,CUST-60961,118,Morning (8-11h),No Answer,0,AGT-010,False
CALL-80116,CUST-60961,105,Morning (8-11h),No Answer,0,AGT-004,False
CALL-76576,CUST-60961,247,Noon (11-13h),Success,1649000,AGT-004,False
CALL-52836,CUST-60961,303,Morning (8-11h),Success,350000,AGT-011,False
CALL-63375,CUST-60961,32,Morning (8-11h),Success,1134000,AGT-001,False
CALL-90499,CUST-60961,126,Evening (17-20h),Success,1707000,AGT-010,False
CALL-77781,CUST-60961,216,Morning (8-11h),Not Interested,0,AGT-001,False
CALL-64670,CUST-60961,136,Noon (11-13h),Success,1220000,AGT-003,False
CALL-36609,CUST-60961,287,Morning (8-11h),Success,2500000,AGT-003,False
CALL-24796,CUST-60961,64,Noon (11-13h),Success,1938000,AGT-020,False
CALL-23120,CUST-60961,270,Morning (8-11h),Success,1178000,AGT-012,False
CALL-33074,CUST-60961,93,Morning (8-11h),Success,1085000,AGT-001,False
CALL-56789,CUST-60961,50,Afternoon (13-17h),No Answer,0,AGT-001,False
CALL-12816,CUST-60961,137,Noon (11-13h),Success,1225000,AGT-002,False
CALL-84725,CUST-59347,110,Morning (8-11h),Not Interested,0,AGT-008,False
CALL-21271,CUST-59347,28,Evening (17-20h),No Answer,0,AGT-013,False
CALL-63199,CUST-49868,127,Evening (17-20h),Success,512000,AGT-004,False
CALL-37250,CUST-49868,239,Afternoon (13-17h),Success,642000,AGT-011,True
CALL-54347,CUST-49868,316,Morning (8-11h),Success,722000,AGT-002,False
CALL-62498,CUST-49868,215,Evening (17-20h),Success,1772000,AGT-013,False
CALL-15333,CUST-49868,60,Noon (11-13h),Not Interested,0,AGT-010,True
CALL-41532,CUST-49868,164,Afternoon (13-17h),Success,1065000,AGT-011,False
CALL-34356,CUST-49868,195,Afternoon (13-17h),Success,1094000,AGT-001,False
CALL-60446,CUST-88351,183,Afternoon (13-17h),Success,350000,AGT-001,False
CALL-41149,CUST-88351,59,Afternoon (13-17h),Success,1289000,AGT-005,False
CALL-81182,CUST-88351,91,Afternoon (13-17h),Success,490000,AGT-011,False
CALL-44734,CUST-88351,152,Evening (17-20h),Call Back Later,0,AGT-002,True
CALL-55834,CUST-15503,181,Afternoon (13-17h),Success,2500000,AGT-001,False
CALL-71283,CUST-30824,247,Afternoon (13-17h),Success,1171000,AGT-001,False
CALL-66752,CUST-30824,23,Morning (8-11h),Call Back Later,0,AGT-002,True
CALL-74014,CUST-30824,21,Afternoon (13-17h),No Answer,0,AGT-015,False
CALL-45080,CUST-30824,155,Morning (8-11h),Success,1765000,AGT-003,False
CALL-15210,CUST-30824,210,Noon (11-13h),Success,488000,AGT-001,False
CALL-20944,CUST-30824,97,Noon (11-13h),Not Interested,0,AGT-003,False
CALL-14753,CUST-30824,89,Afternoon (13-17h),Call Back Later,0,AGT-003,True
CALL-32542,CUST-30824,49,Morning (8-11h),Call Back Later,0,AGT-001,True
CALL-78197,CUST-30824,223,Morning (8-11h),Call Back Later,0,AGT-002,True
CALL-92369,CUST-50232,143,Morning (8-11h),Success,636000,AGT-001,False
CALL-97971,CUST-50232,177,Noon (11-13h),Success,1224000,AGT-002,False
CALL-51182,CUST-47752,105,Morning (8-11h),Not Interested,0,AGT-001,False
CALL-22516,CUST-47752,93,Afternoon (13-17h),Success,366000,AGT-012,False
CALL-82889,CUST-47752,120,Afternoon (13-17h),No Answer,0,AGT-004,False
CALL-44786,CUST-47752,110,Morning (8-11h),No Answer,0,AGT-002,False
CALL-44156,CUST-47752,300,Afternoon (13-17h),Not Interested,0,AGT-004,False
CALL-28364,CUST-30083,44,Afternoon (13-17h),Call Back Later,0,AGT-018,True
CALL-63836,CUST-30083,226,Morning (8-11h),Success,913000,AGT-001,False
CALL-84168,CUST-30083,73,Afternoon (13-17h),Success,587000,AGT-003,False
CALL-57857,CUST-30083,89,Afternoon (13-17h),Success,2453000,AGT-003,False
CALL-63420,CUST-93652,155,Afternoon (13-17h),Success,1632000,AGT-002,False
CALL-76602,CUST-93652,206,Noon (11-13h),Success,945000,AGT-005,False
CALL-47331,CUST-93652,106,Morning (8-11h),Success,533000,AGT-012,False
CALL-80882,CUST-93652,41,Evening (17-20h),No Answer,0,AGT-014,False
CALL-87437,CUST-93652,378,Evening (17-20h),Not Interested,0,AGT-003,False
CALL-44042,CUST-93652,26,Morning (8-11h),No Answer,0,AGT-007,False
CALL-44839,CUST-31385,43,Morning (8-11h),Not Interested,0,AGT-001,False
CALL-24712,CUST-31385,325,Afternoon (13-17h),Success,1001000,AGT-009,False
CALL-54066,CUST-31385,269,Noon (11-13h),Success,586000,AGT-013,False
CALL-15112,CUST-31385,345,Afternoon (13-17h),No Answer,0,AGT-001,False
CALL-73762,CUST-31385,73,Morning (8-11h),Not Interested,0,AGT-007,False
CALL-94618,CUST-31385,56,Afternoon (13-17h),Call Back Later,0,AGT-001,True
CALL-47539,CUST-70702,242,Noon (11-13h),Success,828000,AGT-013,False
CALL-62383,CUST-70702,39,Afternoon (13-17h),Success,1193000,AGT-002,False
CALL-77133,CUST-70702,57,Afternoon (13-17h),Not Interested,0,AGT-001,False
CALL-73024,CUST-70702,27,Evening (17-20h),Success,712000,AGT-018,False
CALL-23696,CUST-70702,69,Noon (11-13h),Not Interested,0,AGT-002,False
CALL-29640,CUST-70702,49,Morning (8-11h),No Answer,0,AGT-005,False
CALL-29804,CUST-52777,34,Evening (17-20h),Not Interested,0,AGT-001,False
CALL-37426,CUST-52777,129,Afternoon (13-17h),Success,2500000,AGT-018,False
CALL-24987,CUST-52777,85,Evening (17-20h),Call Back Later,0,AGT-011,True
CALL-94146,CUST-75933,172,Afternoon (13-17h),Success,1040000,AGT-001,False
CALL-92257,CUST-75933,42,Afternoon (13-17h),Not Interested,0,AGT-011,False
CALL-21495,CUST-75933,67,Morning (8-11h),Success,852000,AGT-001,False
CALL-38204,CUST-75933,22,Morning (8-11h),No Answer,0,AGT-002,False
CALL-72701,CUST-75933,83,Afternoon (13-17h),No Answer,0,AGT-013,False
CALL-82852,CUST-75933,241,Afternoon (13-17h),Success,1843000,AGT-003,False
CALL-38891,CUST-75933,209,Morning (8-11h),Success,689000,AGT-002,False
CALL-63057,CUST-75933,109,Afternoon (13-17h),No Answer,0,AGT-003,False
CALL-42810,CUST-55406,24,Morning (8-11h),Call Back Later,0,AGT-007,True
CALL-82532,CUST-55406,265,Morning (8-11h),Success,1141000,AGT-012,False
CALL-29993,CUST-55406,44,Morning (8-11h),Call Back Later,0,AGT-003,True
CALL-89021,CUST-55406,115,Morning (8-11h),Not Interested,0,AGT-001,False
CALL-16633,CUST-55406,187,Morning (8-11h),Not Interested,0,AGT-015,False
CALL-85011,CUST-55406,61,Afternoon (13-17h),Success,1118000,AGT-007,False
CALL-60243,CUST-55406,72,Evening (17-20h),Success,1188000,AGT-008,False
CALL-73864,CUST-58462,265,Evening (17-20h),Success,520000,AGT-005,False
CALL-39634,CUST-58462,126,Noon (11-13h),Success,498000,AGT-004,False
CALL-77506,CUST-58462,27,Evening (17-20h),Not Interested,0,AGT-005,False
CALL-55328,CUST-58462,88,Morning (8-11h),Success,1662000,AGT-001,False
CALL-89752,CUST-58462,64,Afternoon (13-17h),Call Back Later,0,AGT-007,True
CALL-67963,CUST-58462,20,Afternoon (13-17h),Success,1599000,AGT-006,False
CALL-67705,CUST-38133,28,Noon (11-13h),Call Back Later,0,AGT-010,True
CALL-75802,CUST-38133,151,Morning (8-11h),Success,1358000,AGT-019,False
CALL-63441,CUST-38133,50,Noon (11-13h),Not Interested,0,AGT-001,False
CALL-28869,CUST-38133,490,Morning (8-11h),Call Back Later,0,AGT-011,True
CALL-54087,CUST-65505,159,Afternoon (13-17h),Success,1311000,AGT-004,False
CALL-40804,CUST-65505,244,Evening (17-20h),Success,2500000,AGT-006,False
CALL-17625,CUST-65505,15,Morning (8-11h),Not Interested,0,AGT-001,False
CALL-51039,CUST-65505,159,Afternoon (13-17h),Success,881000,AGT-010,False
CALL-71597,CUST-65505,132,Evening (17-20h),Success,2393000,AGT-008,False
CALL-26004,CUST-95626,179,Morning (8-11h),Success,1205000,AGT-009,False
CALL-49230,CUST-47847,5,Afternoon (13-17h),No Answer,0,AGT-015,False
CALL-34853,CUST-26384,399,Morning (8-11h),Success,716000,AGT-001,False
CALL-34646,CUST-26384,109,Morning (8-11h),No Answer,0,AGT-005,True
CALL-11086,CUST-26384,109,Afternoon (13-17h),No Answer,0,AGT-004,False
CALL-52906,CUST-26384,125,Morning (8-11h),Success,1129000,AGT-012,False
CALL-59145,CUST-26384,57,Evening (17-20h),No Answer,0,AGT-001,False
CALL-41665,CUST-26384,355,Evening (17-20h),Success,2500000,AGT-013,False
CALL-95865,CUST-26384,11,Morning (8-11h),No Answer,0,AGT-017,False
CALL-59762,CUST-26384,79,Morning (8-11h),Not Interested,0,AGT-008,False
CALL-40583,CUST-11891,82,Morning (8-11h),Call Back Later,0,AGT-001,True
CALL-21527,CUST-11891,58,Afternoon (13-17h),Not Interested,0,AGT-020,False
CALL-70623,CUST-11891,99,Noon (11-13h),Call Back Later,0,AGT-004,True
CALL-43276,CUST-11891,79,Afternoon (13-17h),Success,754000,AGT-006,False
CALL-68029,CUST-11891,48,Afternoon (13-17h),Call Back Later,0,AGT-001,True
CALL-32946,CUST-11891,114,Morning (8-11h),Call Back Later,0,AGT-009,True
CALL-35611,CUST-38083,134,Afternoon (13-17h),Success,420000,AGT-003,False
CALL-30856,CUST-38083,537,Noon (11-13h),Success,350000,AGT-002,False
CALL-18394,CUST-38083,47,Afternoon (13-17h),Not Interested,0,AGT-008,False
CALL-20041,CUST-21800,159,Afternoon (13-17h),Success,1307000,AGT-002,False
CALL-66720,CUST-21800,156,Morning (8-11h),Success,350000,AGT-007,False
CALL-46091,CUST-21800,230,Afternoon (13-17h),Success,1132000,AGT-006,False
CALL-93985,CUST-21800,205,Evening (17-20h),Success,608000,AGT-010,False
CALL-72619,CUST-21800,16,Morning (8-11h),Not Interested,0,AGT-004,False
CALL-78118,CUST-21800,94,Afternoon (13-17h),Call Back Later,0,AGT-012,True
CALL-85718,CUST-21800,43,Morning (8-11h),Success,351000,AGT-004,True
CALL-49563,CUST-21800,28,Noon (11-13h),Call Back Later,0,AGT-003,True
CALL-65920,CUST-21800,94,Afternoon (13-17h),Not Interested,0,AGT-001,False
CALL-24907,CUST-21800,164,Afternoon (13-17h),Call Back Later,0,AGT-005,True
CALL-14955,CUST-48693,321,Evening (17-20h),Success,829000,AGT-001,False
CALL-78077,CUST-48693,124,Afternoon (13-17h),Success,1497000,AGT-009,False
CALL-63708,CUST-48693,52,Evening (17-20h),Not Interested,0,AGT-006,False
CALL-28173,CUST-48693,136,Morning (8-11h),No Answer,0,AGT-001,False
CALL-39640,CUST-48693,176,Afternoon (13-17h),Success,1605000,AGT-003,True
CALL-12953,CUST-48693,288,Afternoon (13-17h),Call Back Later,0,AGT-006,True
CALL-44232,CUST-48693,44,Morning (8-11h),Success,1426000,AGT-001,False
CALL-32313,CUST-76859,28,Noon (11-13h),No Answer,0,AGT-005,False
CALL-94247,CUST-76859,144,Noon (11-13h),Success,1456000,AGT-018,False
CALL-83106,CUST-76859,113,Afternoon (13-17h),Success,598000,AGT-004,False
CALL-22146,CUST-22421,87,Afternoon (13-17h),Success,1150000,AGT-020,False
CALL-72187,CUST-95183,108,Evening (17-20h),Call Back Later,0,AGT-008,True
CALL-98179,CUST-68346,45,Morning (8-11h),Not Interested,0,AGT-002,False
CALL-51527,CUST-68346,14,Afternoon (13-17h),Not Interested,0,AGT-002,False
CALL-45351,CUST-68346,201,Morning (8-11h),Success,536000,AGT-001,False
CALL-41939,CUST-68346,192,Evening (17-20h),Success,863000,AGT-001,False
CALL-94424,CUST-68346,31,Noon (11-13h),No Answer,0,AGT-002,False
CALL-73923,CUST-68346,103,Morning (8-11h),Success,714000,AGT-001,False
CALL-92566,CUST-68346,184,Morning (8-11h),Success,379000,AGT-003,False
CALL-15413,CUST-68346,167,Morning (8-11h),Success,939000,AGT-012,False
CALL-65544,CUST-68346,59,Morning (8-11h),Not Interested,0,AGT-001,False
CALL-10053,CUST-68346,133,Noon (11-13h),Success,1512000,AGT-016,False
CALL-66117,CUST-32067,39,Morning (8-11h),No Answer,0,AGT-005,False
CALL-40317,CUST-32067,216,Afternoon (13-17h),Not Interested,0,AGT-016,False
CALL-27563,CUST-24629,97,Morning (8-11h),No Answer,0,AGT-003,False
CALL-42981,CUST-52541,137,Afternoon (13-17h),Success,662000,AGT-002,False
CALL-36860,CUST-52541,156,Morning (8-11h),Success,1166000,AGT-011,False
CALL-73685,CUST-52541,98,Morning (8-11h),Success,1754000,AGT-014,False
CALL-61755,CUST-52541,156,Afternoon (13-17h),Success,396000,AGT-016,True
CALL-33396,CUST-52541,221,Evening (17-20h),Success,1103000,AGT-018,False
CALL-23769,CUST-52541,45,Noon (11-13h),Not Interested,0,AGT-002,False
CALL-46020,CUST-50325,259,Afternoon (13-17h),No Answer,0,AGT-003,False
CALL-67308,CUST-64018,75,Noon (11-13h),Success,402000,AGT-016,False
CALL-73474,CUST-64018,162,Noon (11-13h),Success,1803000,AGT-020,True
CALL-85163,CUST-64018,95,Morning (8-11h),Not Interested,0,AGT-003,False
CALL-99699,CUST-64018,143,Afternoon (13-17h),Not Interested,0,AGT-005,False
CALL-48689,CUST-64018,245,Morning (8-11h),No Answer,0,AGT-004,False
CALL-84843,CUST-64018,114,Noon (11-13h),Success,715000,AGT-012,True
CALL-72326,CUST-64018,154,Noon (11-13h),Success,378000,AGT-009,False
CALL-23599,CUST-64018,297,Afternoon (13-17h),Success,464000,AGT-001,False
CALL-74465,CUST-64018,77,Afternoon (13-17h),No Answer,0,AGT-003,False
CALL-82594,CUST-64018,54,Morning (8-11h),Success,1868000,AGT-005,True
CALL-82261,CUST-64018,232,Afternoon (13-17h),Success,1158000,AGT-010,False
CALL-29187,CUST-64018,100,Morning (8-11h),No Answer,0,AGT-018,False
CALL-70386,CUST-64018,88,Morning (8-11h),Success,2239000,AGT-001,False
CALL-91937,CUST-64018,261,Noon (11-13h),Call Back Later,0,AGT-002,True
CALL-59232,CUST-64018,60,Morning (8-11h),No Answer,0,AGT-001,False
CALL-16132,CUST-64018,164,Evening (17-20h),Not Interested,0,AGT-001,False
CALL-54470,CUST-64018,334,Afternoon (13-17h),Success,630000,AGT-002,False
CALL-87420,CUST-64018,41,Afternoon (13-17h),No Answer,0,AGT-001,False
CALL-92700,CUST-64018,341,Morning (8-11h),Success,1958000,AGT-013,False
CALL-68181,CUST-72620,83,Evening (17-20h),Success,496000,AGT-013,False
CALL-92455,CUST-72620,88,Morning (8-11h),Success,861000,AGT-005,False
CALL-61478,CUST-85561,26,Morning (8-11h),No Answer,0,AGT-001,False
CALL-67387,CUST-85561,141,Evening (17-20h),Success,2021000,AGT-003,False
CALL-81055,CUST-84719,45,Afternoon (13-17h),No Answer,0,AGT-001,False
CALL-52552,CUST-84719,169,Afternoon (13-17h),Success,501000,AGT-002,False
CALL-16336,CUST-84719,106,Evening (17-20h),Success,1425000,AGT-020,False
CALL-40802,CUST-84719,139,Noon (11-13h),Not Interested,0,AGT-006,False
CALL-77645,CUST-84719,188,Morning (8-11h),Success,1049000,AGT-008,False
CALL-14342,CUST-84719,401,Morning (8-11h),Success,441000,AGT-010,False
CALL-43086,CUST-84719,115,Morning (8-11h),Success,350000,AGT-001,False
CALL-51008,CUST-84719,171,Afternoon (13-17h),Success,761000,AGT-015,True
CALL-54654,CUST-84719,153,Morning (8-11h),Success,518000,AGT-019,False
CALL-60690,CUST-84719,137,Morning (8-11h),Success,807000,AGT-006,False
CALL-54045,CUST-84719,31,Afternoon (13-17h),No Answer,0,AGT-003,False
CALL-43123,CUST-84719,56,Evening (17-20h),No Answer,0,AGT-016,False
CALL-58806,CUST-84719,34,Afternoon (13-17h),No Answer,0,AGT-006,False
CALL-32706,CUST-84719,311,Noon (11-13h),Not Interested,0,AGT-018,False
CALL-81802,CUST-48562,315,Morning (8-11h),Success,1345000,AGT-005,False
CALL-43331,CUST-48562,189,Afternoon (13-17h),Not Interested,0,AGT-002,False
CALL-35839,CUST-48562,234,Afternoon (13-17h),Success,951000,AGT-001,False
CALL-96490,CUST-48562,35,Morning (8-11h),Not Interested,0,AGT-001,False
CALL-74481,CUST-48562,171,Evening (17-20h),Success,1574000,AGT-002,False
CALL-35660,CUST-48562,67,Afternoon (13-17h),Success,1052000,AGT-011,False
CALL-53249,CUST-48562,45,Afternoon (13-17h),No Answer,0,AGT-004,False
CALL-94662,CUST-48562,234,Noon (11-13h),Success,1428000,AGT-008,False
CALL-83830,CUST-48562,170,Morning (8-11h),Success,773000,AGT-009,False
CALL-55392,CUST-48562,39,Afternoon (13-17h),Call Back Later,0,AGT-001,True
CALL-34866,CUST-48562,291,Noon (11-13h),Success,2500000,AGT-001,False
CALL-80405,CUST-48562,107,Morning (8-11h),Call Back Later,0,AGT-012,True
CALL-18832,CUST-48562,196,Morning (8-11h),Success,696000,AGT-010,False
CALL-86916,CUST-48562,76,Evening (17-20h),Not Interested,0,AGT-008,False
CALL-25711,CUST-48562,142,Evening (17-20h),Success,807000,AGT-002,False
CALL-66815,CUST-48562,206,Morning (8-11h),Success,655000,AGT-002,False
CALL-26463,CUST-48562,42,Morning (8-11h),Not Interested,0,AGT-001,False
CALL-52801,CUST-48562,348,Afternoon (13-17h),Success,1936000,AGT-002,False
CALL-64956,CUST-42720,191,Afternoon (13-17h),Success,994000,AGT-020,False
CALL-29328,CUST-42720,154,Noon (11-13h),Success,378000,AGT-004,False
CALL-67961,CUST-42720,9,Noon (11-13h),Not Interested,0,AGT-001,False
CALL-35227,CUST-90500,116,Evening (17-20h),Success,1134000,AGT-006,False
CALL-69883,CUST-25600,237,Morning (8-11h),Success,508000,AGT-007,False
CALL-81244,CUST-25600,12,Afternoon (13-17h),No Answer,0,AGT-002,False
CALL-20764,CUST-35243,313,Noon (11-13h),Call Back Later,0,AGT-001,True
CALL-35492,CUST-35243,25,Morning (8-11h),Call Back Later,0,AGT-005,True
CALL-74185,CUST-31565,141,Afternoon (13-17h),Not Interested,0,AGT-012,False
CALL-69965,CUST-28564,361,Evening (17-20h),Success,1223000,AGT-004,False
CALL-11953,CUST-28564,158,Afternoon (13-17h),Success,638000,AGT-007,False
CALL-36820,CUST-28564,215,Afternoon (13-17h),No Answer,0,AGT-001,False
CALL-43327,CUST-28564,234,Afternoon (13-17h),Not Interested,0,AGT-001,False
CALL-40740,CUST-28564,177,Morning (8-11h),Success,632000,AGT-001,False
CALL-92193,CUST-28564,54,Morning (8-11h),Success,1044000,AGT-011,False
CALL-10580,CUST-28564,95,Evening (17-20h),Success,770000,AGT-004,False
CALL-80441,CUST-28564,55,Afternoon (13-17h),Not Interested,0,AGT-010,False
CALL-41012,CUST-28564,337,Noon (11-13h),Success,1027000,AGT-016,False
CALL-44985,CUST-76035,97,Afternoon (13-17h),Success,1378000,AGT-001,False
CALL-17137,CUST-76035,250,Noon (11-13h),Success,1257000,AGT-004,False
CALL-96904,CUST-76035,196,Evening (17-20h),Success,1584000,AGT-002,False
CALL-80663,CUST-76035,136,Morning (8-11h),Success,552000,AGT-002,False
CALL-62886,CUST-76035,52,Morning (8-11h),Not Interested,0,AGT-002,False
CALL-34443,CUST-76035,64,Morning (8-11h),No Answer,0,AGT-006,False
CALL-86998,CUST-76035,72,Evening (17-20h),Success,1793000,AGT-010,False
CALL-91167,CUST-86391,36,Noon (11-13h),Success,391000,AGT-015,False
CALL-11366,CUST-86391,427,Evening (17-20h),Success,2274000,AGT-002,False
CALL-65740,CUST-86391,186,Morning (8-11h),Success,1390000,AGT-015,False
CALL-69893,CUST-86391,136,Morning (8-11h),No Answer,0,AGT-006,False
CALL-13288,CUST-86391,17,Afternoon (13-17h),Not Interested,0,AGT-001,False
CALL-51042,CUST-86391,103,Noon (11-13h),Call Back Later,0,AGT-001,True
CALL-69288,CUST-52326,110,Afternoon (13-17h),Success,2060000,AGT-017,False
CALL-56914,CUST-52326,127,Afternoon (13-17h),Success,689000,AGT-006,False
CALL-30130,CUST-52326,130,Afternoon (13-17h),Success,564000,AGT-003,False
CALL-17735,CUST-52326,178,Afternoon (13-17h),Call Back Later,0,AGT-003,True
CALL-91683,CUST-76973,33,Afternoon (13-17h),No Answer,0,AGT-013,False
CALL-70317,CUST-34910,79,Afternoon (13-17h),No Answer,0,AGT-011,False
CALL-52659,CUST-34910,168,Noon (11-13h),Not Interested,0,AGT-001,False
CALL-99483,CUST-34910,171,Afternoon (13-17h),Success,1064000,AGT-011,False
CALL-22557,CUST-34910,139,Morning (8-11h),Call Back Later,0,AGT-002,True
CALL-60711,CUST-77796,220,Morning (8-11h),Call Back Later,0,AGT-001,True
CALL-46876,CUST-77796,94,Morning (8-11h),Not Interested,0,AGT-008,False
CALL-56662,CUST-77796,116,Afternoon (13-17h),Success,538000,AGT-011,False
CALL-39613,CUST-77796,221,Afternoon (13-17h),Success,1001000,AGT-016,False
CALL-54005,CUST-77796,37,Morning (8-11h),No Answer,0,AGT-013,False
CALL-37916,CUST-77796,342,Afternoon (13-17h),Success,758000,AGT-002,False
CALL-71427,CUST-70216,203,Morning (8-11h),Call Back Later,0,AGT-003,True
CALL-13444,CUST-70216,72,Morning (8-11h),Not Interested,0,AGT-013,False
CALL-24240,CUST-70216,228,Morning (8-11h),Not Interested,0,AGT-005,False
CALL-24117,CUST-70216,42,Afternoon (13-17h),Not Interested,0,AGT-003,False
CALL-32658,CUST-70216,306,Morning (8-11h),Success,977000,AGT-001,False
CALL-45537,CUST-70216,18,Afternoon (13-17h),No Answer,0,AGT-001,False
CALL-93873,CUST-93251,33,Evening (17-20h),Success,1373000,AGT-011,False
CALL-94924,CUST-93251,58,Noon (11-13h),Not Interested,0,AGT-002,False
CALL-92341,CUST-93251,63,Evening (17-20h),Success,603000,AGT-009,False
CALL-86223,CUST-93251,150,Morning (8-11h),Success,1395000,AGT-004,False
CALL-68442,CUST-80015,216,Afternoon (13-17h),Success,448000,AGT-001,False
CALL-47753,CUST-80015,23,Evening (17-20h),Success,613000,AGT-001,False
CALL-13190,CUST-80015,320,Afternoon (13-17h),Success,566000,AGT-002,False
CALL-48875,CUST-80015,171,Afternoon (13-17h),Success,2290000,AGT-001,False
CALL-29724,CUST-71731,421,Afternoon (13-17h),Success,976000,AGT-013,False
CALL-66785,CUST-42744,112,Morning (8-11h),Success,420000,AGT-002,False
CALL-35081,CUST-42744,345,Evening (17-20h),Not Interested,0,AGT-016,False
CALL-94883,CUST-42744,447,Morning (8-11h),Success,484000,AGT-003,False
CALL-19038,CUST-42744,63,Afternoon (13-17h),Success,1052000,AGT-005,False
CALL-58173,CUST-42744,56,Morning (8-11h),No Answer,0,AGT-003,False
CALL-94829,CUST-42744,91,Afternoon (13-17h),Call Back Later,0,AGT-001,True
CALL-84766,CUST-42744,85,Afternoon (13-17h),Success,1333000,AGT-002,False
CALL-33423,CUST-87214,147,Afternoon (13-17h),Success,637000,AGT-008,True
CALL-32948,CUST-87214,87,Afternoon (13-17h),Call Back Later,0,AGT-008,True
CALL-24096,CUST-87214,227,Morning (8-11h),Not Interested,0,AGT-006,False
CALL-62955,CUST-87214,184,Noon (11-13h),Not Interested,0,AGT-001,False
CALL-37353,CUST-71637,59,Afternoon (13-17h),Not Interested,0,AGT-002,False
CALL-83779,CUST-71637,112,Noon (11-13h),Success,1348000,AGT-001,False
CALL-13914,CUST-71637,238,Noon (11-13h),Success,714000,AGT-018,False
CALL-60235,CUST-71637,160,Morning (8-11h),Success,1260000,AGT-005,False
CALL-16931,CUST-71637,193,Afternoon (13-17h),Success,773000,AGT-003,False
CALL-35811,CUST-51265,56,Noon (11-13h),No Answer,0,AGT-001,True
CALL-28677,CUST-51265,123,Morning (8-11h),Success,1851000,AGT-009,True
CALL-75429,CUST-51265,39,Afternoon (13-17h),Not Interested,0,AGT-001,False
CALL-75057,CUST-51265,136,Noon (11-13h),Call Back Later,0,AGT-002,True
CALL-81654,CUST-51265,106,Afternoon (13-17h),No Answer,0,AGT-002,False
CALL-29991,CUST-51265,143,Morning (8-11h),Success,1177000,AGT-019,False
CALL-45934,CUST-51265,52,Morning (8-11h),Success,1669000,AGT-006,False
CALL-94706,CUST-51265,171,Noon (11-13h),Success,1300000,AGT-009,False
CALL-94612,CUST-51265,243,Evening (17-20h),Success,2347000,AGT-012,False
CALL-36606,CUST-90314,10,Morning (8-11h),Not Interested,0,AGT-007,False
CALL-42830,CUST-90314,29,Morning (8-11h),Call Back Later,0,AGT-002,True
CALL-69594,CUST-90314,63,Afternoon (13-17h),Success,1906000,AGT-006,False
CALL-28201,CUST-90314,90,Afternoon (13-17h),Call Back Later,0,AGT-001,True
CALL-25714,CUST-90314,73,Noon (11-13h),Call Back Later,0,AGT-003,True
CALL-38263,CUST-90314,37,Afternoon (13-17h),Not Interested,0,AGT-001,False
CALL-79499,CUST-27825,144,Afternoon (13-17h),Success,513000,AGT-001,False
CALL-24544,CUST-33326,138,Morning (8-11h),Call Back Later,0,AGT-007,True
CALL-26559,CUST-33326,73,Afternoon (13-17h),Success,710000,AGT-008,False
CALL-96625,CUST-33326,161,Morning (8-11h),Success,1610000,AGT-009,False
CALL-72207,CUST-33326,103,Afternoon (13-17h),Success,1178000,AGT-002,False
CALL-50690,CUST-33326,356,Noon (11-13h),Success,2500000,AGT-001,False
CALL-92481,CUST-33326,24,Afternoon (13-17h),Success,350000,AGT-015,False
CALL-89579,CUST-33326,54,Evening (17-20h),No Answer,0,AGT-020,False
CALL-92344,CUST-33326,94,Afternoon (13-17h),Success,968000,AGT-013,False
CALL-12888,CUST-33326,250,Afternoon (13-17h),Success,962000,AGT-019,False
CALL-66782,CUST-33326,204,Morning (8-11h),Success,715000,AGT-001,False
CALL-99635,CUST-33326,171,Morning (8-11h),Not Interested,0,AGT-012,False
CALL-32302,CUST-33326,32,Afternoon (13-17h),Not Interested,0,AGT-001,False
CALL-60209,CUST-31974,66,Evening (17-20h),Success,350000,AGT-002,True
CALL-24061,CUST-30832,103,Morning (8-11h),Success,570000,AGT-001,False
CALL-93722,CUST-30832,227,Evening (17-20h),Call Back Later,0,AGT-014,True
CALL-92960,CUST-30832,109,Afternoon (13-17h),Call Back Later,0,AGT-001,True
CALL-28492,CUST-30832,182,Noon (11-13h),Success,519000,AGT-001,False
CALL-17012,CUST-30832,164,Afternoon (13-17h),Success,861000,AGT-003,False
CALL-37795,CUST-30832,183,Evening (17-20h),Success,1049000,AGT-018,False
CALL-55938,CUST-18735,61,Morning (8-11h),No Answer,0,AGT-009,False
CALL-62517,CUST-18735,207,Evening (17-20h),Success,1282000,AGT-002,False
CALL-52691,CUST-18735,175,Morning (8-11h),Success,686000,AGT-002,False
CALL-92252,CUST-18735,338,Afternoon (13-17h),No Answer,0,AGT-002,False
CALL-33571,CUST-18735,83,Afternoon (13-17h),Not Interested,0,AGT-008,False
CALL-63238,CUST-18735,136,Afternoon (13-17h),Success,1485000,AGT-019,False
CALL-74355,CUST-18735,37,Afternoon (13-17h),No Answer,0,AGT-002,False
CALL-50423,CUST-18735,24,Evening (17-20h),Not Interested,0,AGT-001,False
CALL-62342,CUST-18475,373,Afternoon (13-17h),Success,2064000,AGT-009,True
CALL-59472,CUST-18475,158,Evening (17-20h),Success,1151000,AGT-004,False
CALL-64000,CUST-18475,21,Morning (8-11h),No Answer,0,AGT-009,False
CALL-50709,CUST-18475,172,Noon (11-13h),Success,1066000,AGT-014,False
CALL-99945,CUST-18475,83,Morning (8-11h),Call Back Later,0,AGT-010,True
CALL-54387,CUST-18475,181,Noon (11-13h),Success,1613000,AGT-005,False
CALL-79067,CUST-18475,215,Evening (17-20h),Success,1139000,AGT-016,False
CALL-87932,CUST-18475,148,Afternoon (13-17h),Call Back Later,0,AGT-002,True
CALL-53000,CUST-18475,92,Afternoon (13-17h),Not Interested,0,AGT-008,False
CALL-17757,CUST-18475,120,Morning (8-11h),Call Back Later,0,AGT-004,True
CALL-20348,CUST-18475,187,Afternoon (13-17h),Success,397000,AGT-003,False
CALL-18510,CUST-18475,207,Evening (17-20h),Not Interested,0,AGT-006,False
CALL-63980,CUST-18475,59,Noon (11-13h),No Answer,0,AGT-001,False
CALL-92119,CUST-18475,30,Afternoon (13-17h),Call Back Later,0,AGT-001,True
CALL-94283,CUST-18475,39,Morning (8-11h),Not Interested,0,AGT-003,False
CALL-88382,CUST-44994,97,Afternoon (13-17h),Not Interested,0,AGT-012,False
CALL-24282,CUST-44994,202,Morning (8-11h),Not Interested,0,AGT-006,False
CALL-55388,CUST-44994,102,Afternoon (13-17h),Success,895000,AGT-016,False
CALL-38509,CUST-44994,35,Morning (8-11h),Call Back Later,0,AGT-003,True
CALL-68494,CUST-44994,144,Afternoon (13-17h),Success,996000,AGT-003,False
CALL-27666,CUST-75895,111,Afternoon (13-17h),Success,1115000,AGT-008,False
CALL-10127,CUST-75895,211,Noon (11-13h),Success,854000,AGT-012,False
CALL-19808,CUST-61997,48,Morning (8-11h),Call Back Later,0,AGT-001,True
CALL-50034,CUST-61997,154,Afternoon (13-17h),Not Interested,0,AGT-002,False
CALL-93306,CUST-61997,141,Morning (8-11h),Not Interested,0,AGT-001,True
CALL-20715,CUST-61997,178,Noon (11-13h),Success,480000,AGT-002,False
CALL-49397,CUST-61997,234,Morning (8-11h),Success,1874000,AGT-001,True
CALL-68001,CUST-61997,14,Morning (8-11h),No Answer,0,AGT-018,False
CALL-46917,CUST-61997,67,Afternoon (13-17h),Success,989000,AGT-019,False
CALL-90138,CUST-61997,104,Evening (17-20h),Success,631000,AGT-010,False
CALL-73372,CUST-61997,66,Evening (17-20h),Success,875000,AGT-009,False
CALL-31551,CUST-61997,132,Morning (8-11h),Success,1321000,AGT-001,False
CALL-14872,CUST-61997,105,Afternoon (13-17h),Not Interested,0,AGT-001,False
CALL-55126,CUST-61997,35,Evening (17-20h),Not Interested,0,AGT-001,False
CALL-32031,CUST-61997,183,Noon (11-13h),Success,377000,AGT-001,False
CALL-61414,CUST-44668,45,Afternoon (13-17h),Call Back Later,0,AGT-006,True
CALL-43679,CUST-44668,134,Morning (8-11h),Call Back Later,0,AGT-001,True
CALL-53760,CUST-60965,40,Evening (17-20h),Call Back Later,0,AGT-016,True
CALL-66331,CUST-60965,133,Afternoon (13-17h),Success,1115000,AGT-003,False
CALL-92557,CUST-60965,104,Afternoon (13-17h),Success,1366000,AGT-001,False
CALL-54333,CUST-60965,117,Afternoon (13-17h),Success,350000,AGT-016,False
CALL-16052,CUST-82788,140,Evening (17-20h),Call Back Later,0,AGT-015,True
CALL-86896,CUST-38855,218,Noon (11-13h),Success,804000,AGT-001,False
CALL-34559,CUST-38855,79,Morning (8-11h),Call Back Later,0,AGT-012,True
CALL-83491,CUST-38855,33,Afternoon (13-17h),Not Interested,0,AGT-001,False
CALL-97863,CUST-38785,97,Evening (17-20h),Success,447000,AGT-002,True
CALL-22239,CUST-22174,223,Evening (17-20h),Success,652000,AGT-002,False
CALL-13294,CUST-22174,6,Morning (8-11h),Not Interested,0,AGT-008,True
CALL-65559,CUST-22174,32,Morning (8-11h),Not Interested,0,AGT-002,False
CALL-79673,CUST-22174,101,Afternoon (13-17h),Success,1310000,AGT-001,False
CALL-13899,CUST-22174,238,Afternoon (13-17h),Not Interested,0,AGT-002,False
CALL-52722,CUST-22174,71,Afternoon (13-17h),Call Back Later,0,AGT-001,True
CALL-92757,CUST-22174,98,Afternoon (13-17h),Success,1199000,AGT-001,False
CALL-93973,CUST-71241,64,Morning (8-11h),Call Back Later,0,AGT-020,True
CALL-54841,CUST-71241,81,Noon (11-13h),Not Interested,0,AGT-003,False
CALL-58590,CUST-71241,190,Afternoon (13-17h),Success,1289000,AGT-009,False
CALL-29907,CUST-71241,212,Afternoon (13-17h),Success,533000,AGT-010,False
CALL-96171,CUST-71241,199,Afternoon (13-17h),Not Interested,0,AGT-005,False
CALL-29253,CUST-71241,177,Afternoon (13-17h),Success,722000,AGT-014,False
CALL-30941,CUST-13968,42,Afternoon (13-17h),Not Interested,0,AGT-007,False
CALL-89659,CUST-13968,342,Afternoon (13-17h),Success,1393000,AGT-016,False
CALL-20375,CUST-13968,321,Morning (8-11h),Success,687000,AGT-006,False
CALL-43693,CUST-13968,104,Afternoon (13-17h),Call Back Later,0,AGT-001,True
CALL-61781,CUST-13968,232,Afternoon (13-17h),Success,350000,AGT-001,False
CALL-31132,CUST-43463,11,Noon (11-13h),No Answer,0,AGT-003,False
CALL-11511,CUST-43463,249,Afternoon (13-17h),Success,1653000,AGT-016,False
CALL-64983,CUST-43463,131,Morning (8-11h),Success,971000,AGT-016,False
CALL-54138,CUST-43463,47,Afternoon (13-17h),No Answer,0,AGT-003,False
CALL-99901,CUST-43463,257,Evening (17-20h),Success,831000,AGT-002,False
CALL-44900,CUST-19047,15,Morning (8-11h),Not Interested,0,AGT-002,False
CALL-85040,CUST-19047,199,Noon (11-13h),Success,2188000,AGT-005,False
CALL-97406,CUST-19047,254,Evening (17-20h),Success,1108000,AGT-002,False
CALL-54816,CUST-19047,285,Morning (8-11h),Success,2168000,AGT-001,False
CALL-77723,CUST-92236,10,Morning (8-11h),No Answer,0,AGT-016,False
CALL-61888,CUST-29840,25,Afternoon (13-17h),Success,765000,AGT-008,False
CALL-22982,CUST-29840,28,Noon (11-13h),No Answer,0,AGT-013,False
CALL-99835,CUST-29840,186,Noon (11-13h),Success,1190000,AGT-001,False
CALL-35522,CUST-29840,332,Noon (11-13h),Success,535000,AGT-007,False
CALL-35546,CUST-85974,157,Evening (17-20h),Call Back Later,0,AGT-004,True
CALL-69564,CUST-85974,74,Morning (8-11h),Success,359000,AGT-011,False
CALL-95903,CUST-68295,308,Noon (11-13h),Success,878000,AGT-014,False
CALL-67345,CUST-68295,318,Noon (11-13h),Success,639000,AGT-001,False
CALL-11222,CUST-68295,354,Evening (17-20h),Call Back Later,0,AGT-007,True
CALL-80788,CUST-14191,46,Morning (8-11h),No Answer,0,AGT-004,False
CALL-41562,CUST-52955,33,Evening (17-20h),Not Interested,0,AGT-004,False
CALL-22605,CUST-52955,21,Noon (11-13h),Call Back Later,0,AGT-003,True
CALL-27546,CUST-52955,32,Afternoon (13-17h),No Answer,0,AGT-001,False
CALL-59393,CUST-52955,13,Afternoon (13-17h),No Answer,0,AGT-002,False
CALL-53460,CUST-52955,230,Afternoon (13-17h),Success,858000,AGT-014,True
CALL-83948,CUST-52955,154,Morning (8-11h),Not Interested,0,AGT-008,False
CALL-16196,CUST-52955,600,Afternoon (13-17h),Not Interested,0,AGT-012,False
CALL-73141,CUST-52955,112,Morning (8-11h),No Answer,0,AGT-004,False
CALL-51224,CUST-52955,123,Evening (17-20h),Success,1499000,AGT-015,False
CALL-64558,CUST-52955,261,Evening (17-20h),Call Back Later,0,AGT-008,True
CALL-81071,CUST-52955,80,Afternoon (13-17h),Not Interested,0,AGT-015,False
CALL-71552,CUST-52955,48,Morning (8-11h),No Answer,0,AGT-004,False
CALL-38353,CUST-52955,147,Morning (8-11h),Call Back Later,0,AGT-008,True
CALL-75888,CUST-52955,105,Evening (17-20h),No Answer,0,AGT-001,False
CALL-39462,CUST-83787,142,Morning (8-11h),Call Back Later,0,AGT-003,True
CALL-70597,CUST-83787,357,Afternoon (13-17h),Success,1799000,AGT-001,False
CALL-78375,CUST-83787,59,Afternoon (13-17h),Not Interested,0,AGT-001,False
CALL-63926,CUST-64962,62,Morning (8-11h),Call Back Later,0,AGT-003,True
CALL-95468,CUST-64962,213,Noon (11-13h),No Answer,0,AGT-003,False
CALL-22225,CUST-18654,63,Afternoon (13-17h),Success,689000,AGT-014,False
CALL-46548,CUST-18654,600,Afternoon (13-17h),Success,1464000,AGT-004,True
CALL-73279,CUST-18654,100,Noon (11-13h),Success,762000,AGT-001,False
CALL-51752,CUST-33685,153,Noon (11-13h),Success,394000,AGT-018,False
CALL-80814,CUST-33685,263,Morning (8-11h),Success,544000,AGT-002,False
CALL-91875,CUST-33685,128,Afternoon (13-17h),No Answer,0,AGT-002,False
CALL-81853,CUST-33685,105,Morning (8-11h),Call Back Later,0,AGT-020,True
CALL-67721,CUST-33685,239,Afternoon (13-17h),Call Back Later,0,AGT-006,True
CALL-70596,CUST-33685,57,Morning (8-11h),Call Back Later,0,AGT-001,True
CALL-92101,CUST-27018,149,Morning (8-11h),Success,874000,AGT-003,False
CALL-21859,CUST-27018,46,Afternoon (13-17h),Success,1554000,AGT-002,False
CALL-77541,CUST-27018,224,Noon (11-13h),Call Back Later,0,AGT-003,True
CALL-57382,CUST-45886,98,Afternoon (13-17h),Not Interested,0,AGT-005,False
CALL-72749,CUST-45886,151,Morning (8-11h),Success,610000,AGT-006,False
CALL-52884,CUST-45886,278,Evening (17-20h),Success,350000,AGT-002,False
CALL-19865,CUST-45886,51,Morning (8-11h),Success,1053000,AGT-001,False
CALL-97873,CUST-80285,172,Morning (8-11h),Success,1834000,AGT-005,False
CALL-46929,CUST-80285,227,Afternoon (13-17h),Success,2008000,AGT-007,False
CALL-53549,CUST-80285,205,Evening (17-20h),Call Back Later,0,AGT-001,True
CALL-58183,CUST-93864,97,Morning (8-11h),Not Interested,0,AGT-005,False
CALL-28343,CUST-93864,28,Morning (8-11h),Call Back Later,0,AGT-018,True
CALL-36651,CUST-93864,286,Afternoon (13-17h),Success,967000,AGT-002,False
CALL-95929,CUST-93864,28,Noon (11-13h),Not Interested,0,AGT-001,False
CALL-73208,CUST-93864,22,Morning (8-11h),Success,1091000,AGT-004,False
CALL-50131,CUST-93864,115,Morning (8-11h),Call Back Later,0,AGT-004,True
CALL-64943,CUST-93864,65,Evening (17-20h),No Answer,0,AGT-005,False
CALL-49586,CUST-93864,160,Morning (8-11h),Success,350000,AGT-002,False
CALL-53049,CUST-34103,214,Afternoon (13-17h),Call Back Later,0,AGT-009,True
CALL-42749,CUST-43140,96,Afternoon (13-17h),No Answer,0,AGT-001,False
CALL-92084,CUST-65348,491,Morning (8-11h),Call Back Later,0,AGT-012,True
CALL-79165,CUST-65348,54,Afternoon (13-17h),Not Interested,0,AGT-001,False
CALL-34902,CUST-92140,18,Afternoon (13-17h),No Answer,0,AGT-020,False
CALL-48973,CUST-92140,113,Afternoon (13-17h),Not Interested,0,AGT-001,False
CALL-58795,CUST-92140,122,Morning (8-11h),Success,1406000,AGT-018,False
CALL-94439,CUST-92140,181,Evening (17-20h),Not Interested,0,AGT-003,False
CALL-61956,CUST-92140,83,Evening (17-20h),Call Back Later,0,AGT-003,True
CALL-13635,CUST-92140,27,Noon (11-13h),Call Back Later,0,AGT-014,True
CALL-89013,CUST-92140,126,Noon (11-13h),Success,961000,AGT-001,False
CALL-60060,CUST-92140,160,Afternoon (13-17h),Call Back Later,0,AGT-002,True
CALL-89124,CUST-92140,134,Evening (17-20h),Success,1616000,AGT-001,False
CALL-71237,CUST-92140,164,Evening (17-20h),Success,980000,AGT-019,False
CALL-13174,CUST-92140,147,Morning (8-11h),Call Back Later,0,AGT-007,True
CALL-81020,CUST-92140,135,Afternoon (13-17h),Success,1665000,AGT-004,False
CALL-98403,CUST-92140,74,Noon (11-13h),Call Back Later,0,AGT-003,True
CALL-81522,CUST-34718,70,Morning (8-11h),Success,783000,AGT-014,False
CALL-87439,CUST-75209,371,Morning (8-11h),Success,350000,AGT-001,False
CALL-94179,CUST-75209,49,Morning (8-11h),Success,989000,AGT-003,False
CALL-16114,CUST-68683,376,Noon (11-13h),Not Interested,0,AGT-004,False
CALL-79591,CUST-68683,62,Afternoon (13-17h),Success,871000,AGT-001,False
CALL-80342,CUST-68683,312,Afternoon (13-17h),Not Interested,0,AGT-005,False
CALL-72228,CUST-68683,222,Evening (17-20h),Call Back Later,0,AGT-009,True
CALL-19573,CUST-68683,186,Afternoon (13-17h),Success,408000,AGT-008,False
CALL-29254,CUST-68683,5,Morning (8-11h),No Answer,0,AGT-012,False
CALL-21731,CUST-68683,72,Afternoon (13-17h),Success,622000,AGT-003,True
CALL-89979,CUST-68683,143,Morning (8-11h),Success,1467000,AGT-017,False
CALL-44112,CUST-93030,235,Morning (8-11h),Success,1020000,AGT-020,False
CALL-17003,CUST-93030,112,Evening (17-20h),Success,651000,AGT-002,False
CALL-53707,CUST-19120,33,Morning (8-11h),Success,679000,AGT-015,False
CALL-68399,CUST-19120,119,Afternoon (13-17h),Success,989000,AGT-006,False
CALL-46737,CUST-38161,164,Evening (17-20h),Success,1005000,AGT-007,True
CALL-49205,CUST-38161,99,Afternoon (13-17h),Not Interested,0,AGT-020,False
CALL-97242,CUST-38161,353,Afternoon (13-17h),Success,623000,AGT-002,False
CALL-79929,CUST-38161,126,Noon (11-13h),Success,1627000,AGT-015,False
CALL-16367,CUST-38161,247,Morning (8-11h),Success,2166000,AGT-006,False
CALL-98516,CUST-38161,72,Evening (17-20h),Success,1961000,AGT-013,False
CALL-95455,CUST-38161,204,Afternoon (13-17h),Success,1763000,AGT-014,False
CALL-93567,CUST-38161,61,Evening (17-20h),Success,2500000,AGT-001,False
CALL-58589,CUST-38161,208,Afternoon (13-17h),Success,613000,AGT-003,False
CALL-26221,CUST-38161,98,Afternoon (13-17h),Success,634000,AGT-007,False
CALL-63351,CUST-38161,34,Morning (8-11h),No Answer,0,AGT-001,False
CALL-80275,CUST-38161,84,Evening (17-20h),Not Interested,0,AGT-001,True
CALL-44446,CUST-74823,52,Morning (8-11h),Not Interested,0,AGT-004,False
CALL-86718,CUST-74823,90,Afternoon (13-17h),Success,1865000,AGT-004,False
CALL-69541,CUST-74823,35,Afternoon (13-17h),Success,1018000,AGT-008,True
CALL-39897,CUST-75060,28,Afternoon (13-17h),Not Interested,0,AGT-008,False
CALL-33310,CUST-75060,49,Afternoon (13-17h),Call Back Later,0,AGT-016,True
CALL-90480,CUST-75060,15,Noon (11-13h),Not Interested,0,AGT-010,False
CALL-22544,CUST-75060,272,Morning (8-11h),Success,677000,AGT-002,False
CALL-16201,CUST-75060,117,Afternoon (13-17h),Call Back Later,0,AGT-001,True
CALL-63436,CUST-75060,128,Evening (17-20h),Success,1695000,AGT-004,False
CALL-62423,CUST-94932,93,Morning (8-11h),Success,1369000,AGT-001,False
CALL-74412,CUST-94932,42,Afternoon (13-17h),Call Back Later,0,AGT-015,True
CALL-31706,CUST-94932,165,Morning (8-11h),Success,855000,AGT-009,False
CALL-93601,CUST-94932,149,Afternoon (13-17h),Success,787000,AGT-014,True
CALL-57882,CUST-94932,44,Afternoon (13-17h),Success,614000,AGT-001,False
CALL-85915,CUST-94932,212,Afternoon (13-17h),Success,929000,AGT-001,False
CALL-94878,CUST-94932,36,Morning (8-11h),Not Interested,0,AGT-004,False
CALL-90270,CUST-94932,125,Afternoon (13-17h),Success,670000,AGT-009,True
CALL-41011,CUST-94932,237,Morning (8-11h),Success,559000,AGT-006,True
CALL-45268,CUST-94932,308,Noon (11-13h),Not Interested,0,AGT-001,False
CALL-47519,CUST-94932,99,Afternoon (13-17h),No Answer,0,AGT-004,False
CALL-22152,CUST-94932,56,Afternoon (13-17h),Success,939000,AGT-004,False
CALL-28342,CUST-94932,23,Evening (17-20h),No Answer,0,AGT-013,False
CALL-33788,CUST-95915,86,Afternoon (13-17h),Success,579000,AGT-007,False
CALL-66267,CUST-95915,83,Afternoon (13-17h),Success,1668000,AGT-005,False
CALL-61545,CUST-95915,247,Noon (11-13h),Call Back Later,0,AGT-009,True
CALL-17807,CUST-95915,127,Afternoon (13-17h),Success,460000,AGT-006,False
CALL-28170,CUST-95915,34,Afternoon (13-17h),No Answer,0,AGT-005,False
CALL-95658,CUST-95915,209,Afternoon (13-17h),Success,674000,AGT-020,False
CALL-98716,CUST-24899,240,Morning (8-11h),Success,1024000,AGT-001,True
CALL-28823,CUST-24899,140,Noon (11-13h),Success,403000,AGT-014,False
CALL-63786,CUST-91750,214,Afternoon (13-17h),Success,825000,AGT-004,False
CALL-17695,CUST-91750,113,Evening (17-20h),Success,754000,AGT-005,False
CALL-38950,CUST-91750,198,Afternoon (13-17h),Success,731000,AGT-009,True
CALL-53443,CUST-91750,72,Afternoon (13-17h),No Answer,0,AGT-004,False
CALL-63710,CUST-91750,315,Morning (8-11h),Success,997000,AGT-004,True
CALL-82649,CUST-62878,38,Morning (8-11h),No Answer,0,AGT-012,False
CALL-96793,CUST-62878,592,Evening (17-20h),Success,1196000,AGT-005,False
CALL-47819,CUST-62878,417,Morning (8-11h),Success,350000,AGT-020,False
CALL-34375,CUST-62878,323,Afternoon (13-17h),Success,2054000,AGT-016,False
CALL-40290,CUST-62878,57,Afternoon (13-17h),Success,798000,AGT-006,True
CALL-25504,CUST-62878,88,Afternoon (13-17h),Call Back Later,0,AGT-013,True
CALL-36644,CUST-62878,76,Morning (8-11h),Call Back Later,0,AGT-007,True
CALL-23363,CUST-62878,60,Noon (11-13h),No Answer,0,AGT-004,False
CALL-53384,CUST-23831,73,Evening (17-20h),Success,960000,AGT-002,False
CALL-97467,CUST-23831,174,Afternoon (13-17h),Success,732000,AGT-015,False
CALL-50658,CUST-23831,92,Evening (17-20h),Not Interested,0,AGT-004,False
CALL-39059,CUST-52775,44,Morning (8-11h),No Answer,0,AGT-005,False
CALL-31537,CUST-52775,20,Morning (8-11h),Call Back Later,0,AGT-001,True
CALL-45710,CUST-52775,225,Afternoon (13-17h),Success,680000,AGT-001,False
CALL-76838,CUST-52775,135,Morning (8-11h),Success,350000,AGT-003,False
CALL-65838,CUST-52775,119,Afternoon (13-17h),Call Back Later,0,AGT-002,True
CALL-38695,CUST-85659,6,Noon (11-13h),Not Interested,0,AGT-006,False
CALL-91441,CUST-85659,45,Morning (8-11h),Not Interested,0,AGT-008,False
CALL-95131,CUST-85659,122,Morning (8-11h),Success,1342000,AGT-001,False
CALL-33013,CUST-85659,166,Afternoon (13-17h),Success,599000,AGT-008,False
CALL-25925,CUST-85659,5,Morning (8-11h),No Answer,0,AGT-004,False
CALL-51324,CUST-85659,118,Afternoon (13-17h),Success,791000,AGT-002,False
CALL-64655,CUST-82448,144,Morning (8-11h),Success,622000,AGT-009,False
CALL-85913,CUST-82448,51,Morning (8-11h),Call Back Later,0,AGT-018,True
CALL-98085,CUST-82448,267,Afternoon (13-17h),Success,579000,AGT-004,False
CALL-21058,CUST-82448,34,Evening (17-20h),Success,1103000,AGT-011,False
CALL-54140,CUST-82448,147,Morning (8-11h),Call Back Later,0,AGT-020,True
CALL-32253,CUST-82448,78,Evening (17-20h),Success,1139000,AGT-019,False
CALL-71567,CUST-82448,179,Afternoon (13-17h),Not Interested,0,AGT-004,False
CALL-17797,CUST-33704,114,Morning (8-11h),Success,1518000,AGT-001,False
CALL-40301,CUST-33361,248,Noon (11-13h),Success,728000,AGT-003,False
CALL-57888,CUST-33361,44,Afternoon (13-17h),No Answer,0,AGT-006,False
CALL-72077,CUST-33361,78,Morning (8-11h),Success,834000,AGT-016,False
CALL-26385,CUST-28586,181,Afternoon (13-17h),Success,996000,AGT-014,False
CALL-13589,CUST-28586,129,Morning (8-11h),Success,918000,AGT-013,False
CALL-36589,CUST-28586,184,Evening (17-20h),Success,532000,AGT-001,False
CALL-17300,CUST-28586,208,Noon (11-13h),Success,2500000,AGT-009,False
CALL-85420,CUST-28586,201,Evening (17-20h),Success,1290000,AGT-009,False
CALL-29428,CUST-28586,144,Noon (11-13h),No Answer,0,AGT-009,False
CALL-22579,CUST-49002,205,Morning (8-11h),No Answer,0,AGT-002,False
CALL-50915,CUST-49002,105,Noon (11-13h),Not Interested,0,AGT-013,False
CALL-24780,CUST-49002,172,Noon (11-13h),Not Interested,0,AGT-002,False
CALL-56806,CUST-49002,39,Noon (11-13h),Success,1891000,AGT-001,False
CALL-31133,CUST-12888,133,Afternoon (13-17h),Call Back Later,0,AGT-020,True
CALL-74001,CUST-12888,139,Afternoon (13-17h),Success,1506000,AGT-014,False
CALL-97640,CUST-12888,342,Evening (17-20h),Success,797000,AGT-004,False
CALL-67285,CUST-12888,96,Afternoon (13-17h),Success,1890000,AGT-004,False
CALL-83610,CUST-12888,29,Afternoon (13-17h),No Answer,0,AGT-001,False
CALL-42884,CUST-12888,28,Morning (8-11h),Not Interested,0,AGT-014,False
CALL-56866,CUST-88760,341,Afternoon (13-17h),Success,350000,AGT-006,False
CALL-61524,CUST-96713,295,Afternoon (13-17h),Success,786000,AGT-004,False
CALL-51277,CUST-52236,153,Morning (8-11h),Success,716000,AGT-006,False
CALL-68271,CUST-52236,21,Morning (8-11h),Call Back Later,0,AGT-002,True
CALL-86267,CUST-52236,155,Morning (8-11h),Success,798000,AGT-005,False
CALL-68585,CUST-52236,165,Afternoon (13-17h),Success,492000,AGT-002,False
CALL-12234,CUST-52236,119,Afternoon (13-17h),No Answer,0,AGT-014,False
CALL-83260,CUST-52236,154,Noon (11-13h),Success,796000,AGT-001,False
CALL-38236,CUST-42862,85,Morning (8-11h),Success,752000,AGT-007,False
CALL-25439,CUST-42862,21,Morning (8-11h),Success,431000,AGT-007,False
CALL-41788,CUST-42862,223,Noon (11-13h),Success,513000,AGT-002,False
CALL-39238,CUST-42862,149,Afternoon (13-17h),Success,537000,AGT-019,False
CALL-32053,CUST-42862,295,Afternoon (13-17h),Success,1168000,AGT-008,False
CALL-35487,CUST-45687,198,Evening (17-20h),Not Interested,0,AGT-006,False
CALL-90749,CUST-67495,56,Afternoon (13-17h),Success,1027000,AGT-010,False
CALL-16503,CUST-25285,16,Afternoon (13-17h),No Answer,0,AGT-011,False
CALL-81954,CUST-25285,162,Noon (11-13h),Success,1441000,AGT-001,False
CALL-76663,CUST-57842,119,Noon (11-13h),No Answer,0,AGT-005,False
CALL-56545,CUST-57842,126,Afternoon (13-17h),Success,1694000,AGT-013,False
CALL-32016,CUST-57842,151,Afternoon (13-17h),Success,1034000,AGT-001,False
CALL-41445,CUST-56828,13,Morning (8-11h),Not Interested,0,AGT-005,False
CALL-58485,CUST-56828,104,Afternoon (13-17h),Success,512000,AGT-014,False
CALL-85248,CUST-56828,56,Afternoon (13-17h),Not Interested,0,AGT-010,False
CALL-81363,CUST-56828,134,Evening (17-20h),Success,1318000,AGT-004,False
CALL-79719,CUST-56828,59,Evening (17-20h),Not Interested,0,AGT-002,False
CALL-34977,CUST-56828,85,Morning (8-11h),Success,477000,AGT-001,False
CALL-83187,CUST-56828,81,Noon (11-13h),Call Back Later,0,AGT-013,True
CALL-38397,CUST-56828,85,Morning (8-11h),Success,1327000,AGT-019,False
CALL-14673,CUST-53377,213,Afternoon (13-17h),Call Back Later,0,AGT-006,True
CALL-54183,CUST-53377,80,Evening (17-20h),Success,615000,AGT-016,True
CALL-46465,CUST-53377,226,Afternoon (13-17h),Call Back Later,0,AGT-005,True
CALL-42765,CUST-53377,8,Morning (8-11h),No Answer,0,AGT-002,False
CALL-98165,CUST-53377,60,Afternoon (13-17h),Call Back Later,0,AGT-001,True
CALL-62762,CUST-53377,12,Morning (8-11h),Not Interested,0,AGT-009,False
CALL-55010,CUST-53377,190,Morning (8-11h),Success,350000,AGT-005,True
CALL-18274,CUST-53377,109,Morning (8-11h),No Answer,0,AGT-015,False
CALL-34990,CUST-53377,94,Morning (8-11h),Call Back Later,0,AGT-001,True
CALL-71629,CUST-53377,68,Evening (17-20h),Success,472000,AGT-015,False
CALL-91819,CUST-53377,214,Morning (8-11h),Not Interested,0,AGT-012,False
CALL-62616,CUST-53377,140,Morning (8-11h),Call Back Later,0,AGT-018,True
CALL-28932,CUST-21133,69,Morning (8-11h),Success,350000,AGT-013,False
CALL-90359,CUST-21133,436,Noon (11-13h),Success,1341000,AGT-003,False
CALL-94772,CUST-21133,84,Morning (8-11h),Call Back Later,0,AGT-012,True
CALL-71809,CUST-21133,20,Morning (8-11h),Call Back Later,0,AGT-007,True
CALL-20974,CUST-21133,247,Evening (17-20h),Success,814000,AGT-017,False
CALL-83531,CUST-21133,72,Afternoon (13-17h),Success,885000,AGT-011,False
CALL-13529,CUST-21133,48,Morning (8-11h),Not Interested,0,AGT-004,False
CALL-35246,CUST-21133,182,Noon (11-13h),Success,873000,AGT-017,False
CALL-69334,CUST-21133,151,Noon (11-13h),Success,1064000,AGT-005,False
CALL-62259,CUST-21133,67,Noon (11-13h),Success,2500000,AGT-002,False
CALL-16075,CUST-21133,63,Morning (8-11h),Success,1820000,AGT-001,False
CALL-52015,CUST-21133,206,Noon (11-13h),Success,820000,AGT-003,False
CALL-56838,CUST-21133,124,Evening (17-20h),Success,518000,AGT-017,True
CALL-95143,CUST-21133,207,Afternoon (13-17h),Success,1083000,AGT-013,False
CALL-80790,CUST-56635,104,Morning (8-11h),No Answer,0,AGT-005,False
CALL-87267,CUST-35092,41,Afternoon (13-17h),Success,1097000,AGT-001,False
CALL-78188,CUST-35092,151,Noon (11-13h),Success,507000,AGT-007,False
CALL-62583,CUST-60309,167,Afternoon (13-17h),Success,359000,AGT-014,False
CALL-75768,CUST-60309,92,Noon (11-13h),Success,1111000,AGT-001,False
CALL-65906,CUST-60309,104,Afternoon (13-17h),Call Back Later,0,AGT-003,True
CALL-74997,CUST-60309,48,Afternoon (13-17h),No Answer,0,AGT-018,False
CALL-50606,CUST-60309,26,Afternoon (13-17h),Call Back Later,0,AGT-004,True
CALL-58125,CUST-17871,188,Evening (17-20h),Success,1639000,AGT-012,False
CALL-70066,CUST-17871,38,Afternoon (13-17h),No Answer,0,AGT-001,False
CALL-17052,CUST-17871,148,Afternoon (13-17h),Not Interested,0,AGT-005,False
CALL-69924,CUST-17871,219,Afternoon (13-17h),Success,866000,AGT-002,False
CALL-57579,CUST-17871,169,Noon (11-13h),Success,788000,AGT-002,False
CALL-71174,CUST-17871,196,Afternoon (13-17h),Success,984000,AGT-013,False
CALL-42524,CUST-17871,267,Morning (8-11h),Success,797000,AGT-020,False
CALL-93573,CUST-17871,17,Afternoon (13-17h),Not Interested,0,AGT-005,False
CALL-17591,CUST-17871,168,Afternoon (13-17h),Call Back Later,0,AGT-003,True
CALL-53822,CUST-85843,128,Afternoon (13-17h),Success,682000,AGT-013,False
CALL-99916,CUST-85843,127,Afternoon (13-17h),Success,1062000,AGT-005,False
CALL-98972,CUST-22028,169,Morning (8-11h),Success,1824000,AGT-005,False
CALL-93668,CUST-22028,30,Afternoon (13-17h),Not Interested,0,AGT-001,False
CALL-72244,CUST-75265,296,Afternoon (13-17h),Success,1559000,AGT-004,False
CALL-98074,CUST-75265,156,Noon (11-13h),Success,1303000,AGT-013,False
CALL-60297,CUST-75265,15,Morning (8-11h),Not Interested,0,AGT-003,False
CALL-72655,CUST-75265,179,Morning (8-11h),Not Interested,0,AGT-001,False
CALL-75852,CUST-75265,17,Morning (8-11h),Not Interested,0,AGT-001,False
CALL-65910,CUST-75265,219,Afternoon (13-17h),Success,387000,AGT-011,False
CALL-35584,CUST-75265,215,Morning (8-11h),Success,1585000,AGT-007,False
CALL-75563,CUST-75265,38,Afternoon (13-17h),Not Interested,0,AGT-002,False
CALL-49918,CUST-92089,20,Morning (8-11h),No Answer,0,AGT-003,False
CALL-58463,CUST-92089,163,Afternoon (13-17h),Call Back Later,0,AGT-002,True
CALL-26401,CUST-92089,18,Afternoon (13-17h),No Answer,0,AGT-002,False
CALL-68999,CUST-92089,92,Morning (8-11h),Call Back Later,0,AGT-001,True
CALL-94303,CUST-92089,325,Afternoon (13-17h),Success,459000,AGT-004,False
CALL-38225,CUST-92089,99,Afternoon (13-17h),Not Interested,0,AGT-014,True
CALL-27993,CUST-92089,212,Morning (8-11h),Call Back Later,0,AGT-019,True
CALL-53077,CUST-92089,275,Afternoon (13-17h),Success,1798000,AGT-001,True
CALL-13669,CUST-92089,249,Afternoon (13-17h),Success,908000,AGT-001,False
CALL-53495,CUST-92089,132,Afternoon (13-17h),Success,455000,AGT-004,False
CALL-46575,CUST-20248,55,Evening (17-20h),No Answer,0,AGT-001,False
CALL-77086,CUST-20248,276,Afternoon (13-17h),Success,712000,AGT-007,False
CALL-55230,CUST-46419,5,Afternoon (13-17h),No Answer,0,AGT-009,False
CALL-87263,CUST-46419,27,Morning (8-11h),Call Back Later,0,AGT-009,True
CALL-54025,CUST-46419,127,Afternoon (13-17h),Success,1335000,AGT-017,False
CALL-57819,CUST-46419,317,Evening (17-20h),Call Back Later,0,AGT-001,True
CALL-27031,CUST-46419,268,Evening (17-20h),Success,350000,AGT-011,False
CALL-46344,CUST-46419,94,Afternoon (13-17h),Success,1234000,AGT-007,False
CALL-58894,CUST-15464,219,Morning (8-11h),Success,2257000,AGT-010,False
CALL-86321,CUST-15464,109,Morning (8-11h),Success,1048000,AGT-002,False
CALL-71577,CUST-15464,80,Evening (17-20h),Success,512000,AGT-001,False
CALL-55798,CUST-15464,168,Afternoon (13-17h),No Answer,0,AGT-007,False
CALL-29435,CUST-15464,97,Afternoon (13-17h),Call Back Later,0,AGT-002,True
CALL-87032,CUST-15464,158,Noon (11-13h),Success,1374000,AGT-014,False
CALL-58416,CUST-15464,233,Morning (8-11h),Success,725000,AGT-020,False
CALL-26904,CUST-15464,186,Afternoon (13-17h),Not Interested,0,AGT-014,False
CALL-12056,CUST-84443,37,Afternoon (13-17h),No Answer,0,AGT-010,False
CALL-98152,CUST-84443,63,Morning (8-11h),Success,528000,AGT-016,False
CALL-92819,CUST-84443,321,Afternoon (13-17h),Success,708000,AGT-015,False
CALL-14260,CUST-84443,220,Noon (11-13h),Not Interested,0,AGT-010,False
CALL-30847,CUST-84443,131,Evening (17-20h),Success,1807000,AGT-006,False
CALL-65323,CUST-69459,83,Afternoon (13-17h),Not Interested,0,AGT-017,False
CALL-98859,CUST-69459,214,Evening (17-20h),Call Back Later,0,AGT-002,True
CALL-35662,CUST-69459,72,Noon (11-13h),Success,1376000,AGT-005,False
CALL-75730,CUST-69459,162,Morning (8-11h),Success,1242000,AGT-002,False
CALL-27204,CUST-69459,105,Afternoon (13-17h),Success,1321000,AGT-003,False
CALL-61529,CUST-69459,134,Noon (11-13h),Success,483000,AGT-011,False
CALL-73478,CUST-69459,90,Afternoon (13-17h),Call Back Later,0,AGT-004,True
CALL-41232,CUST-69459,195,Afternoon (13-17h),Success,350000,AGT-001,False
CALL-11617,CUST-56793,10,Afternoon (13-17h),No Answer,0,AGT-001,False
CALL-66475,CUST-49021,34,Afternoon (13-17h),Not Interested,0,AGT-001,False
CALL-63856,CUST-49021,93,Morning (8-11h),Success,521000,AGT-002,False
CALL-73483,CUST-49021,124,Morning (8-11h),Success,1230000,AGT-002,False
CALL-79761,CUST-88643,288,Noon (11-13h),Success,818000,AGT-005,False
CALL-21841,CUST-88643,229,Afternoon (13-17h),Success,896000,AGT-002,False
CALL-75270,CUST-88643,24,Afternoon (13-17h),Not Interested,0,AGT-003,False
CALL-12260,CUST-88643,136,Afternoon (13-17h),Success,899000,AGT-006,False
CALL-89477,CUST-88643,120,Afternoon (13-17h),Success,466000,AGT-017,False
CALL-40553,CUST-88643,18,Afternoon (13-17h),No Answer,0,AGT-005,False
CALL-41895,CUST-88643,162,Afternoon (13-17h),Success,1206000,AGT-006,False
CALL-68814,CUST-88643,139,Morning (8-11h),Success,484000,AGT-005,False
CALL-28043,CUST-46298,232,Afternoon (13-17h),Success,795000,AGT-011,False
CALL-85002,CUST-46298,126,Afternoon (13-17h),Success,982000,AGT-001,False
CALL-35613,CUST-46298,56,Afternoon (13-17h),No Answer,0,AGT-016,False
CALL-29113,CUST-46298,125,Afternoon (13-17h),Success,1374000,AGT-001,True
CALL-83229,CUST-46298,36,Morning (8-11h),No Answer,0,AGT-004,False
CALL-26195,CUST-46298,95,Morning (8-11h),No Answer,0,AGT-009,False
CALL-66641,CUST-46298,50,Afternoon (13-17h),No Answer,0,AGT-004,False
CALL-57760,CUST-69559,282,Morning (8-11h),Success,616000,AGT-001,False
CALL-90497,CUST-69559,106,Morning (8-11h),No Answer,0,AGT-005,False
CALL-84352,CUST-89434,49,Evening (17-20h),No Answer,0,AGT-005,False
CALL-41804,CUST-89434,336,Evening (17-20h),Not Interested,0,AGT-005,False
CALL-95527,CUST-89434,115,Afternoon (13-17h),No Answer,0,AGT-001,False
CALL-67376,CUST-89434,59,Morning (8-11h),No Answer,0,AGT-003,False
CALL-30712,CUST-89434,85,Afternoon (13-17h),No Answer,0,AGT-001,False
CALL-86932,CUST-89434,202,Afternoon (13-17h),Call Back Later,0,AGT-001,True
CALL-26540,CUST-89434,165,Noon (11-13h),Success,1426000,AGT-006,False
CALL-64251,CUST-89434,134,Afternoon (13-17h),Success,1522000,AGT-002,False
CALL-87288,CUST-69750,33,Morning (8-11h),No Answer,0,AGT-001,False
CALL-14363,CUST-69750,320,Afternoon (13-17h),Success,977000,AGT-005,False
CALL-50101,CUST-69750,224,Morning (8-11h),Success,623000,AGT-002,False
CALL-32175,CUST-69750,449,Evening (17-20h),Success,350000,AGT-002,False
CALL-13920,CUST-69750,107,Noon (11-13h),No Answer,0,AGT-001,False
CALL-44661,CUST-69750,114,Morning (8-11h),Success,459000,AGT-004,False
CALL-47555,CUST-69750,9,Morning (8-11h),Not Interested,0,AGT-008,False
CALL-69900,CUST-69750,94,Morning (8-11h),Success,350000,AGT-002,False
CALL-89380,CUST-69750,21,Morning (8-11h),Not Interested,0,AGT-004,False
CALL-76640,CUST-69750,87,Afternoon (13-17h),Not Interested,0,AGT-002,False
CALL-11905,CUST-69750,259,Morning (8-11h),Success,2500000,AGT-005,False
CALL-38808,CUST-69750,162,Afternoon (13-17h),Success,595000,AGT-002,False
CALL-23985,CUST-69750,274,Afternoon (13-17h),Success,704000,AGT-012,False
CALL-68218,CUST-69750,212,Evening (17-20h),Success,925000,AGT-002,True
CALL-17142,CUST-69750,93,Afternoon (13-17h),No Answer,0,AGT-006,False
CALL-14256,CUST-69750,38,Afternoon (13-17h),Success,601000,AGT-002,False
CALL-55577,CUST-69750,220,Morning (8-11h),Success,350000,AGT-001,False
CALL-26212,CUST-69750,107,Afternoon (13-17h),No Answer,0,AGT-014,False
CALL-29580,CUST-69750,247,Evening (17-20h),Success,744000,AGT-009,False
CALL-25801,CUST-43070,143,Afternoon (13-17h),Not Interested,0,AGT-001,False
CALL-14900,CUST-43070,164,Afternoon (13-17h),Call Back Later,0,AGT-001,True
CALL-96888,CUST-62342,208,Afternoon (13-17h),Success,1372000,AGT-020,False
CALL-66142,CUST-77316,296,Noon (11-13h),Success,678000,AGT-009,False
CALL-52107,CUST-77316,104,Afternoon (13-17h),Success,804000,AGT-001,False
CALL-54196,CUST-77316,107,Evening (17-20h),Success,475000,AGT-001,False
CALL-92354,CUST-77316,201,Afternoon (13-17h),Call Back Later,0,AGT-004,True
CALL-77547,CUST-77316,59,Evening (17-20h),Success,1229000,AGT-003,False
CALL-63097,CUST-77316,191,Afternoon (13-17h),Call Back Later,0,AGT-015,True
CALL-19144,CUST-77316,213,Afternoon (13-17h),Success,567000,AGT-008,False
CALL-61320,CUST-77316,489,Afternoon (13-17h),Success,839000,AGT-020,False
CALL-36908,CUST-88056,184,Afternoon (13-17h),Success,1193000,AGT-002,False
CALL-31210,CUST-88056,280,Noon (11-13h),No Answer,0,AGT-002,False
CALL-20262,CUST-88056,91,Afternoon (13-17h),Success,623000,AGT-008,False
CALL-37800,CUST-90100,85,Afternoon (13-17h),Success,350000,AGT-015,False
CALL-19295,CUST-90100,114,Afternoon (13-17h),No Answer,0,AGT-015,False
CALL-78206,CUST-41852,71,Morning (8-11h),No Answer,0,AGT-005,False
CALL-59817,CUST-41852,189,Noon (11-13h),Success,1168000,AGT-003,False
CALL-31495,CUST-41852,54,Afternoon (13-17h),No Answer,0,AGT-001,False
CALL-18415,CUST-41852,51,Afternoon (13-17h),No Answer,0,AGT-009,False
CALL-38144,CUST-41852,47,Morning (8-11h),Not Interested,0,AGT-008,False
CALL-80572,CUST-41852,165,Afternoon (13-17h),Not Interested,0,AGT-008,False
CALL-14702,CUST-41852,52,Evening (17-20h),Not Interested,0,AGT-001,False
CALL-51299,CUST-41852,51,Morning (8-11h),Not Interested,0,AGT-005,False
CALL-15380,CUST-41852,52,Evening (17-20h),No Answer,0,AGT-014,False
CALL-71426,CUST-49363,9,Morning (8-11h),Not Interested,0,AGT-009,False
CALL-20277,CUST-49363,81,Morning (8-11h),Success,848000,AGT-004,False
CALL-45782,CUST-44782,193,Afternoon (13-17h),Success,1592000,AGT-012,True
CALL-57238,CUST-44782,177,Evening (17-20h),Success,740000,AGT-003,True
CALL-33621,CUST-54835,181,Afternoon (13-17h),Not Interested,0,AGT-007,False
CALL-42528,CUST-13854,212,Morning (8-11h),Success,655000,AGT-009,False
CALL-27176,CUST-13854,196,Morning (8-11h),Not Interested,0,AGT-015,False
CALL-30361,CUST-13854,91,Evening (17-20h),Success,890000,AGT-002,False
CALL-55454,CUST-13854,200,Morning (8-11h),Call Back Later,0,AGT-009,True
CALL-71946,CUST-13854,45,Morning (8-11h),No Answer,0,AGT-002,False
CALL-29827,CUST-13854,132,Afternoon (13-17h),Not Interested,0,AGT-005,False
CALL-71966,CUST-56881,47,Morning (8-11h),Not Interested,0,AGT-005,False
CALL-78947,CUST-56881,73,Afternoon (13-17h),Not Interested,0,AGT-020,False
CALL-62618,CUST-56881,294,Evening (17-20h),Not Interested,0,AGT-002,False
CALL-23944,CUST-56881,92,Afternoon (13-17h),Success,1061000,AGT-002,False
CALL-85534,CUST-56881,72,Noon (11-13h),Success,1940000,AGT-006,False
CALL-96211,CUST-56881,232,Afternoon (13-17h),Success,999000,AGT-001,False
CALL-42538,CUST-56881,66,Noon (11-13h),Not Interested,0,AGT-001,False
CALL-85828,CUST-93531,173,Evening (17-20h),Success,350000,AGT-019,False
CALL-47457,CUST-49579,143,Afternoon (13-17h),Success,488000,AGT-001,False
CALL-26184,CUST-49579,111,Afternoon (13-17h),Success,733000,AGT-007,False
CALL-25561,CUST-50918,60,Evening (17-20h),Not Interested,0,AGT-006,False
CALL-28453,CUST-50918,352,Afternoon (13-17h),Call Back Later,0,AGT-007,True
CALL-18608,CUST-50918,69,Morning (8-11h),Not Interested,0,AGT-004,False
CALL-98937,CUST-66691,305,Evening (17-20h),Success,413000,AGT-012,False
CALL-79856,CUST-66691,182,Morning (8-11h),Call Back Later,0,AGT-001,True
CALL-37364,CUST-16546,230,Morning (8-11h),Call Back Later,0,AGT-011,True
CALL-24733,CUST-16546,141,Noon (11-13h),Success,720000,AGT-002,False
CALL-42433,CUST-64881,360,Evening (17-20h),Success,773000,AGT-006,False
CALL-58800,CUST-57980,426,Afternoon (13-17h),Success,792000,AGT-001,False
CALL-23711,CUST-57980,101,Afternoon (13-17h),No Answer,0,AGT-001,False
CALL-42742,CUST-57980,73,Morning (8-11h),Success,1474000,AGT-006,False
CALL-71493,CUST-57980,130,Noon (11-13h),Call Back Later,0,AGT-001,True
CALL-92330,CUST-57980,98,Morning (8-11h),Call Back Later,0,AGT-002,True
CALL-94209,CUST-85514,273,Morning (8-11h),Call Back Later,0,AGT-001,True
CALL-94525,CUST-23394,189,Afternoon (13-17h),Success,1046000,AGT-009,False
CALL-47643,CUST-23394,41,Morning (8-11h),No Answer,0,AGT-012,False
CALL-80630,CUST-23394,40,Evening (17-20h),Not Interested,0,AGT-001,True
CALL-68205,CUST-23394,147,Afternoon (13-17h),Success,885000,AGT-009,False
CALL-82295,CUST-72190,272,Afternoon (13-17h),Success,1007000,AGT-006,False
CALL-55943,CUST-72190,63,Noon (11-13h),Success,350000,AGT-002,False
CALL-61745,CUST-89931,178,Noon (11-13h),Success,637000,AGT-014,False
CALL-27669,CUST-89931,213,Noon (11-13h),Success,2024000,AGT-005,False
CALL-32495,CUST-14278,185,Afternoon (13-17h),Success,1596000,AGT-003,True
CALL-74451,CUST-14278,32,Afternoon (13-17h),No Answer,0,AGT-006,False
CALL-96192,CUST-14278,88,Noon (11-13h),Not Interested,0,AGT-011,False
CALL-29842,CUST-14278,89,Evening (17-20h),Success,1292000,AGT-001,False
CALL-40794,CUST-14278,213,Noon (11-13h),Success,350000,AGT-001,False
CALL-77335,CUST-69285,81,Afternoon (13-17h),Success,1171000,AGT-001,False
CALL-84396,CUST-69285,43,Noon (11-13h),No Answer,0,AGT-001,False
CALL-25148,CUST-12092,203,Morning (8-11h),Success,774000,AGT-020,False
CALL-85731,CUST-71571,55,Evening (17-20h),Not Interested,0,AGT-009,False
CALL-96976,CUST-71571,22,Afternoon (13-17h),Call Back Later,0,AGT-008,True
CALL-93312,CUST-71571,85,Morning (8-11h),Success,1376000,AGT-006,False
CALL-52447,CUST-71571,25,Noon (11-13h),No Answer,0,AGT-003,False
CALL-63024,CUST-71571,18,Evening (17-20h),Not Interested,0,AGT-001,False
CALL-46060,CUST-71571,7,Afternoon (13-17h),Not Interested,0,AGT-001,False
CALL-84134,CUST-71571,169,Afternoon (13-17h),Call Back Later,0,AGT-007,True
CALL-47299,CUST-71571,123,Afternoon (13-17h),Success,2429000,AGT-002,False
CALL-98211,CUST-12361,480,Noon (11-13h),Success,364000,AGT-009,False
CALL-31385,CUST-12361,73,Afternoon (13-17h),Call Back Later,0,AGT-009,True
CALL-18523,CUST-12361,331,Evening (17-20h),Call Back Later,0,AGT-018,True
CALL-87625,CUST-65491,176,Morning (8-11h),Call Back Later,0,AGT-001,True
CALL-55362,CUST-65491,78,Evening (17-20h),Call Back Later,0,AGT-018,True
CALL-90425,CUST-65491,46,Evening (17-20h),No Answer,0,AGT-005,False
CALL-26026,CUST-65491,146,Noon (11-13h),Success,2308000,AGT-011,True
CALL-62088,CUST-65491,53,Evening (17-20h),Success,456000,AGT-001,False
CALL-90700,CUST-65491,144,Morning (8-11h),Call Back Later,0,AGT-009,True
CALL-91099,CUST-24485,51,Afternoon (13-17h),Call Back Later,0,AGT-003,True
CALL-85259,CUST-24485,38,Afternoon (13-17h),No Answer,0,AGT-001,False
CALL-34483,CUST-50228,16,Afternoon (13-17h),Not Interested,0,AGT-005,False
CALL-20366,CUST-13578,136,Evening (17-20h),Call Back Later,0,AGT-003,True
CALL-37158,CUST-13578,113,Afternoon (13-17h),Success,1513000,AGT-009,False
CALL-89517,CUST-13578,37,Evening (17-20h),Call Back Later,0,AGT-002,True
CALL-27502,CUST-13578,104,Morning (8-11h),Success,833000,AGT-007,False
CALL-69173,CUST-13578,26,Afternoon (13-17h),No Answer,0,AGT-005,False
CALL-94413,CUST-13578,121,Morning (8-11h),Call Back Later,0,AGT-005,True
CALL-15594,CUST-13578,107,Morning (8-11h),Not Interested,0,AGT-007,False
CALL-83698,CUST-13578,196,Evening (17-20h),Success,651000,AGT-013,False
CALL-15767,CUST-13578,24,Afternoon (13-17h),Call Back Later,0,AGT-009,True
CALL-79481,CUST-13578,7,Morning (8-11h),Not Interested,0,AGT-002,False
CALL-92052,CUST-13578,311,Afternoon (13-17h),Success,2043000,AGT-001,False
CALL-25257,CUST-13578,157,Afternoon (13-17h),Success,1282000,AGT-008,False
CALL-91321,CUST-31022,63,Evening (17-20h),Success,764000,AGT-003,False
CALL-43509,CUST-31022,293,Morning (8-11h),Success,423000,AGT-007,False
CALL-82614,CUST-31022,472,Morning (8-11h),Call Back Later,0,AGT-001,True
CALL-63123,CUST-31022,165,Afternoon (13-17h),Success,502000,AGT-001,False
CALL-22342,CUST-31022,104,Noon (11-13h),Call Back Later,0,AGT-001,True
CALL-42324,CUST-31022,33,Afternoon (13-17h),Call Back Later,0,AGT-006,True
CALL-31147,CUST-36511,82,Morning (8-11h),Not Interested,0,AGT-018,False
CALL-57141,CUST-36511,33,Afternoon (13-17h),Call Back Later,0,AGT-002,True
CALL-75146,CUST-44980,163,Morning (8-11h),Not Interested,0,AGT-003,False
CALL-21235,CUST-44980,573,Noon (11-13h),Call Back Later,0,AGT-008,True
CALL-93392,CUST-44980,177,Evening (17-20h),Success,2150000,AGT-017,False
CALL-13140,CUST-44980,294,Morning (8-11h),Success,1199000,AGT-001,False
CALL-19173,CUST-25132,101,Morning (8-11h),Success,1091000,AGT-001,False
CALL-63800,CUST-25132,159,Afternoon (13-17h),Call Back Later,0,AGT-001,True
CALL-14567,CUST-25132,90,Morning (8-11h),Call Back Later,0,AGT-012,True
CALL-61643,CUST-25132,23,Afternoon (13-17h),Not Interested,0,AGT-018,False
CALL-42585,CUST-25132,10,Afternoon (13-17h),No Answer,0,AGT-001,False
CALL-90493,CUST-25132,537,Evening (17-20h),Success,1217000,AGT-012,False
CALL-19488,CUST-25132,69,Morning (8-11h),Not Interested,0,AGT-002,False
CALL-99889,CUST-25132,103,Evening (17-20h),Not Interested,0,AGT-015,False
CALL-99237,CUST-25132,11,Afternoon (13-17h),No Answer,0,AGT-006,False
CALL-46143,CUST-25132,91,Evening (17-20h),Not Interested,0,AGT-014,False
CALL-46808,CUST-30806,205,Noon (11-13h),Success,1261000,AGT-011,False
CALL-80636,CUST-30806,191,Morning (8-11h),Call Back Later,0,AGT-002,True
CALL-69741,CUST-68511,122,Evening (17-20h),Success,1034000,AGT-006,False
CALL-27613,CUST-17888,214,Noon (11-13h),Success,1066000,AGT-008,False
CALL-37884,CUST-17888,71,Afternoon (13-17h),Call Back Later,0,AGT-003,True
CALL-96505,CUST-17888,301,Noon (11-13h),Success,1178000,AGT-001,False
CALL-38718,CUST-17888,600,Morning (8-11h),Success,529000,AGT-006,False
CALL-37587,CUST-17888,267,Morning (8-11h),Call Back Later,0,AGT-003,True
CALL-33327,CUST-17888,105,Evening (17-20h),Not Interested,0,AGT-002,False
CALL-97666,CUST-17888,57,Afternoon (13-17h),Not Interested,0,AGT-001,False
CALL-78866,CUST-17888,34,Afternoon (13-17h),Not Interested,0,AGT-001,False
CALL-39852,CUST-92693,117,Morning (8-11h),No Answer,0,AGT-001,False
CALL-61317,CUST-92693,35,Evening (17-20h),Not Interested,0,AGT-001,False
CALL-51243,CUST-92693,145,Evening (17-20h),Success,380000,AGT-001,False
CALL-51200,CUST-92693,108,Morning (8-11h),Not Interested,0,AGT-002,False
CALL-85461,CUST-16474,56,Afternoon (13-17h),No Answer,0,AGT-001,False
CALL-58213,CUST-76640,129,Evening (17-20h),No Answer,0,AGT-001,False
CALL-97178,CUST-10418,140,Evening (17-20h),Success,1180000,AGT-003,False
CALL-55744,CUST-10418,176,Afternoon (13-17h),Success,1652000,AGT-002,False
CALL-67032,CUST-10418,113,Afternoon (13-17h),Not Interested,0,AGT-010,False
CALL-70103,CUST-10418,165,Morning (8-11h),Call Back Later,0,AGT-001,True
CALL-36803,CUST-10418,283,Afternoon (13-17h),Not Interested,0,AGT-004,False
CALL-49383,CUST-10418,38,Evening (17-20h),Not Interested,0,AGT-002,False
CALL-55092,CUST-10418,36,Morning (8-11h),No Answer,0,AGT-009,False
CALL-92844,CUST-10418,208,Morning (8-11h),Success,1444000,AGT-001,False
CALL-39779,CUST-10418,69,Afternoon (13-17h),Success,876000,AGT-005,False
CALL-12690,CUST-10418,290,Evening (17-20h),Success,775000,AGT-020,False
CALL-70212,CUST-85818,241,Morning (8-11h),Success,1242000,AGT-011,False
CALL-44127,CUST-68075,296,Morning (8-11h),Success,350000,AGT-001,False
CALL-94426,CUST-68075,22,Noon (11-13h),No Answer,0,AGT-003,False
CALL-18020,CUST-68075,109,Evening (17-20h),No Answer,0,AGT-007,False
CALL-78008,CUST-68075,166,Morning (8-11h),Success,917000,AGT-013,False
CALL-12068,CUST-68075,44,Morning (8-11h),Call Back Later,0,AGT-002,True
CALL-53766,CUST-68075,104,Evening (17-20h),No Answer,0,AGT-016,False
CALL-40948,CUST-68075,151,Noon (11-13h),Success,1120000,AGT-001,True
CALL-99215,CUST-22565,60,Afternoon (13-17h),Success,654000,AGT-001,False
CALL-48610,CUST-79073,43,Noon (11-13h),Not Interested,0,AGT-004,True
CALL-57258,CUST-79073,86,Afternoon (13-17h),Not Interested,0,AGT-020,False
CALL-47071,CUST-79073,307,Afternoon (13-17h),Call Back Later,0,AGT-014,True
CALL-91784,CUST-79073,174,Morning (8-11h),Success,916000,AGT-011,False
CALL-79334,CUST-79073,136,Morning (8-11h),Call Back Later,0,AGT-002,True
CALL-44947,CUST-79073,230,Morning (8-11h),Success,539000,AGT-010,False
CALL-99314,CUST-79073,112,Morning (8-11h),No Answer,0,AGT-001,False
CALL-79039,CUST-79073,75,Morning (8-11h),Success,1596000,AGT-010,False
CALL-17888,CUST-84070,47,Evening (17-20h),Success,898000,AGT-009,False
CALL-78836,CUST-84070,96,Morning (8-11h),Success,985000,AGT-004,False
CALL-30107,CUST-84070,198,Evening (17-20h),Success,729000,AGT-002,False
CALL-47514,CUST-84070,5,Evening (17-20h),No Answer,0,AGT-004,False
CALL-45407,CUST-26510,76,Noon (11-13h),No Answer,0,AGT-011,False
CALL-46633,CUST-26510,102,Morning (8-11h),Success,1128000,AGT-020,False
CALL-41043,CUST-26510,75,Evening (17-20h),Success,457000,AGT-013,False
CALL-66832,CUST-28326,236,Afternoon (13-17h),Success,834000,AGT-007,False
CALL-84186,CUST-57208,167,Noon (11-13h),Success,972000,AGT-003,False
CALL-42817,CUST-57208,79,Morning (8-11h),Success,1397000,AGT-010,False
CALL-19329,CUST-53028,222,Evening (17-20h),Call Back Later,0,AGT-001,True
CALL-98833,CUST-53028,27,Afternoon (13-17h),Not Interested,0,AGT-010,False
CALL-37304,CUST-41099,171,Morning (8-11h),Success,911000,AGT-003,False
CALL-63506,CUST-41099,52,Morning (8-11h),Not Interested,0,AGT-008,False
CALL-78829,CUST-29343,182,Afternoon (13-17h),Success,864000,AGT-011,True
CALL-68568,CUST-29343,142,Evening (17-20h),Success,369000,AGT-001,False
CALL-37339,CUST-29343,145,Afternoon (13-17h),Success,368000,AGT-017,False
CALL-81750,CUST-29343,149,Morning (8-11h),Success,634000,AGT-003,False
CALL-48273,CUST-37572,101,Morning (8-11h),Success,1024000,AGT-003,False
CALL-77938,CUST-37572,142,Afternoon (13-17h),Not Interested,0,AGT-001,False
CALL-98284,CUST-37572,36,Morning (8-11h),Not Interested,0,AGT-008,False
CALL-29293,CUST-37572,103,Morning (8-11h),No Answer,0,AGT-003,False
CALL-47220,CUST-37572,34,Morning (8-11h),No Answer,0,AGT-018,False
CALL-44835,CUST-37572,365,Afternoon (13-17h),Success,2343000,AGT-002,False
CALL-29163,CUST-37572,53,Afternoon (13-17h),Not Interested,0,AGT-001,True
CALL-11753,CUST-37572,322,Evening (17-20h),Success,691000,AGT-004,False
CALL-36029,CUST-11299,247,Morning (8-11h),Success,505000,AGT-012,False
CALL-33346,CUST-11299,86,Evening (17-20h),No Answer,0,AGT-001,False
CALL-62092,CUST-11299,64,Afternoon (13-17h),Not Interested,0,AGT-002,False
CALL-70485,CUST-11299,94,Evening (17-20h),Not Interested,0,AGT-017,False
CALL-40063,CUST-11299,447,Morning (8-11h),Not Interested,0,AGT-001,False
CALL-40744,CUST-11299,80,Morning (8-11h),Not Interested,0,AGT-018,False
CALL-86692,CUST-80443,283,Noon (11-13h),Not Interested,0,AGT-006,False
CALL-24314,CUST-80443,319,Morning (8-11h),Success,542000,AGT-009,False
CALL-33364,CUST-27740,69,Morning (8-11h),Success,662000,AGT-018,False
CALL-17728,CUST-11101,101,Noon (11-13h),Success,400000,AGT-014,False
CALL-31488,CUST-11101,21,Afternoon (13-17h),Call Back Later,0,AGT-001,True
CALL-37189,CUST-11101,138,Afternoon (13-17h),Call Back Later,0,AGT-001,True
CALL-34167,CUST-11101,138,Morning (8-11h),Success,1542000,AGT-011,False
CALL-13962,CUST-11101,110,Afternoon (13-17h),Call Back Later,0,AGT-003,True
CALL-83959,CUST-11101,96,Noon (11-13h),Success,589000,AGT-005,True
CALL-61034,CUST-61501,207,Afternoon (13-17h),Success,903000,AGT-009,False
CALL-44388,CUST-62379,251,Morning (8-11h),Success,759000,AGT-011,False
CALL-39777,CUST-62379,224,Morning (8-11h),Success,587000,AGT-019,False
CALL-55339,CUST-62379,111,Afternoon (13-17h),Success,820000,AGT-010,False
CALL-97389,CUST-62379,189,Morning (8-11h),Success,429000,AGT-019,False
CALL-20055,CUST-62379,118,Morning (8-11h),Call Back Later,0,AGT-001,True
CALL-62050,CUST-62379,92,Evening (17-20h),Success,1002000,AGT-006,False
CALL-11541,CUST-62379,125,Afternoon (13-17h),Success,1593000,AGT-001,False
CALL-29544,CUST-62379,80,Afternoon (13-17h),Success,970000,AGT-019,False
CALL-66296,CUST-62379,294,Afternoon (13-17h),Success,514000,AGT-004,True
CALL-61789,CUST-62379,209,Morning (8-11h),Success,350000,AGT-003,False
CALL-77214,CUST-36648,53,Afternoon (13-17h),No Answer,0,AGT-008,False
CALL-64811,CUST-36648,59,Afternoon (13-17h),Not Interested,0,AGT-012,False
CALL-82957,CUST-36648,143,Afternoon (13-17h),Success,1738000,AGT-001,False
CALL-85869,CUST-63970,117,Evening (17-20h),No Answer,0,AGT-006,False
CALL-32034,CUST-79434,73,Morning (8-11h),No Answer,0,AGT-016,False
CALL-46361,CUST-85022,86,Afternoon (13-17h),Success,1015000,AGT-008,True
CALL-52972,CUST-85022,65,Noon (11-13h),No Answer,0,AGT-001,False
CALL-12999,CUST-20580,149,Noon (11-13h),Success,910000,AGT-002,False
CALL-21341,CUST-20580,238,Morning (8-11h),Success,1240000,AGT-001,False
CALL-40382,CUST-20580,124,Evening (17-20h),Success,579000,AGT-003,False
CALL-83356,CUST-20580,99,Afternoon (13-17h),Success,1533000,AGT-006,True
CALL-43089,CUST-20580,46,Afternoon (13-17h),No Answer,0,AGT-005,False
CALL-88331,CUST-20580,27,Evening (17-20h),Not Interested,0,AGT-005,False
CALL-97396,CUST-20580,35,Morning (8-11h),Not Interested,0,AGT-015,False
CALL-39628,CUST-20580,151,Afternoon (13-17h),Success,350000,AGT-001,True
CALL-80830,CUST-20580,154,Afternoon (13-17h),Success,1061000,AGT-005,False
CALL-66583,CUST-20580,18,Afternoon (13-17h),No Answer,0,AGT-001,False
CALL-72099,CUST-46526,34,Afternoon (13-17h),No Answer,0,AGT-001,False
CALL-40906,CUST-39824,78,Morning (8-11h),No Answer,0,AGT-007,False
CALL-67950,CUST-85679,83,Evening (17-20h),Success,971000,AGT-001,True
CALL-69767,CUST-42505,512,Afternoon (13-17h),Success,922000,AGT-002,False
CALL-61191,CUST-42505,12,Afternoon (13-17h),No Answer,0,AGT-017,False
CALL-83767,CUST-42505,93,Noon (11-13h),Success,811000,AGT-010,True
CALL-35942,CUST-42505,29,Morning (8-11h),No Answer,0,AGT-015,False
CALL-60070,CUST-42505,144,Afternoon (13-17h),Success,783000,AGT-002,False
CALL-41852,CUST-42505,70,Afternoon (13-17h),Success,741000,AGT-016,False
CALL-31822,CUST-42505,82,Morning (8-11h),No Answer,0,AGT-009,False
CALL-69097,CUST-19786,5,Morning (8-11h),Not Interested,0,AGT-001,False
CALL-76317,CUST-19786,197,Afternoon (13-17h),Success,1705000,AGT-007,False
CALL-64179,CUST-44233,462,Afternoon (13-17h),Success,1075000,AGT-001,False
CALL-61981,CUST-44233,108,Afternoon (13-17h),Not Interested,0,AGT-005,False
CALL-30868,CUST-44233,122,Noon (11-13h),Call Back Later,0,AGT-001,True
CALL-69156,CUST-44233,215,Morning (8-11h),Success,434000,AGT-001,False
CALL-16980,CUST-44233,116,Afternoon (13-17h),Not Interested,0,AGT-015,False
CALL-88274,CUST-52389,114,Morning (8-11h),Call Back Later,0,AGT-010,True
CALL-47704,CUST-52389,195,Afternoon (13-17h),Success,502000,AGT-002,False
CALL-15454,CUST-82236,14,Noon (11-13h),Not Interested,0,AGT-010,False
CALL-50914,CUST-82236,142,Afternoon (13-17h),Success,997000,AGT-001,False
CALL-16123,CUST-82236,69,Afternoon (13-17h),Success,1084000,AGT-019,False
CALL-39913,CUST-82236,287,Afternoon (13-17h),Success,795000,AGT-003,False
CALL-64869,CUST-66855,141,Afternoon (13-17h),Success,1947000,AGT-009,True
CALL-28510,CUST-66855,69,Morning (8-11h),Call Back Later,0,AGT-003,True
CALL-66102,CUST-89501,173,Morning (8-11h),Success,751000,AGT-005,False
CALL-85439,CUST-89501,217,Morning (8-11h),Success,764000,AGT-002,False
CALL-40139,CUST-89501,117,Afternoon (13-17h),Success,1359000,AGT-017,True
CALL-87317,CUST-89501,319,Morning (8-11h),Call Back Later,0,AGT-009,True
CALL-56778,CUST-89501,274,Afternoon (13-17h),Call Back Later,0,AGT-001,True
CALL-88849,CUST-28040,138,Noon (11-13h),Success,1012000,AGT-002,True
CALL-76959,CUST-28040,76,Noon (11-13h),Success,1011000,AGT-001,False
CALL-40703,CUST-28040,15,Afternoon (13-17h),No Answer,0,AGT-001,True
CALL-65987,CUST-28040,92,Afternoon (13-17h),Not Interested,0,AGT-001,False
CALL-82133,CUST-25010,70,Morning (8-11h),Call Back Later,0,AGT-019,True
CALL-19616,CUST-36842,136,Noon (11-13h),Not Interested,0,AGT-008,False
CALL-99743,CUST-36842,106,Afternoon (13-17h),Not Interested,0,AGT-006,False
CALL-77503,CUST-36842,119,Afternoon (13-17h),Not Interested,0,AGT-008,False
CALL-10641,CUST-36842,137,Morning (8-11h),Success,350000,AGT-009,False
CALL-11387,CUST-36842,252,Evening (17-20h),Success,940000,AGT-006,True
CALL-16582,CUST-36842,79,Evening (17-20h),Success,1000000,AGT-012,False
CALL-91607,CUST-69680,84,Afternoon (13-17h),No Answer,0,AGT-006,False
CALL-11944,CUST-69680,192,Noon (11-13h),Call Back Later,0,AGT-001,True
CALL-97332,CUST-69680,331,Evening (17-20h),Call Back Later,0,AGT-001,True
CALL-40746,CUST-69680,160,Morning (8-11h),Success,1034000,AGT-001,False
CALL-18515,CUST-69680,508,Afternoon (13-17h),Success,511000,AGT-001,False
CALL-22942,CUST-69680,112,Afternoon (13-17h),No Answer,0,AGT-001,False
CALL-25753,CUST-29456,168,Afternoon (13-17h),Success,1495000,AGT-004,False
CALL-16197,CUST-29456,80,Morning (8-11h),Not Interested,0,AGT-001,False
CALL-90891,CUST-29456,598,Morning (8-11h),Success,1616000,AGT-007,False
CALL-58692,CUST-29456,221,Noon (11-13h),Success,439000,AGT-019,True
CALL-90853,CUST-29456,151,Afternoon (13-17h),Success,1223000,AGT-002,False
CALL-33718,CUST-29456,600,Noon (11-13h),Success,905000,AGT-001,False
CALL-14565,CUST-29456,74,Afternoon (13-17h),Success,2500000,AGT-006,False
CALL-60995,CUST-29456,10,Morning (8-11h),Not Interested,0,AGT-002,False
CALL-81488,CUST-29456,53,Afternoon (13-17h),No Answer,0,AGT-003,False
CALL-93129,CUST-13808,68,Morning (8-11h),Success,1585000,AGT-020,False
CALL-54986,CUST-13808,159,Noon (11-13h),Success,1240000,AGT-003,False
CALL-70567,CUST-13808,211,Noon (11-13h),Success,1368000,AGT-002,True
CALL-96190,CUST-13808,29,Afternoon (13-17h),Success,1193000,AGT-001,True
CALL-58592,CUST-95738,174,Afternoon (13-17h),Success,732000,AGT-011,False
CALL-34567,CUST-95738,13,Noon (11-13h),No Answer,0,AGT-006,False
CALL-40426,CUST-87636,44,Afternoon (13-17h),Call Back Later,0,AGT-001,True
CALL-28924,CUST-87636,237,Evening (17-20h),Success,640000,AGT-012,False
CALL-14286,CUST-87636,332,Noon (11-13h),Call Back Later,0,AGT-013,True
CALL-76801,CUST-87636,242,Afternoon (13-17h),Success,1192000,AGT-005,False
CALL-57561,CUST-87636,90,Noon (11-13h),Success,660000,AGT-001,False
CALL-19268,CUST-87636,61,Afternoon (13-17h),No Answer,0,AGT-008,False
CALL-45168,CUST-87636,265,Morning (8-11h),Call Back Later,0,AGT-010,True
CALL-73252,CUST-87636,53,Evening (17-20h),Success,734000,AGT-017,True
CALL-87830,CUST-87636,176,Morning (8-11h),Success,1384000,AGT-003,False
CALL-24504,CUST-82815,76,Evening (17-20h),Call Back Later,0,AGT-003,True
CALL-27417,CUST-82815,164,Afternoon (13-17h),No Answer,0,AGT-004,False
CALL-94965,CUST-40716,27,Morning (8-11h),Not Interested,0,AGT-007,False
CALL-53668,CUST-29105,350,Afternoon (13-17h),Not Interested,0,AGT-004,False
CALL-46021,CUST-26106,32,Morning (8-11h),Call Back Later,0,AGT-009,True
CALL-94327,CUST-26106,49,Morning (8-11h),Call Back Later,0,AGT-006,True
CALL-21399,CUST-26106,136,Afternoon (13-17h),Success,420000,AGT-018,False
CALL-80197,CUST-26106,312,Afternoon (13-17h),Success,829000,AGT-001,False
CALL-42172,CUST-71433,41,Noon (11-13h),Call Back Later,0,AGT-003,True
CALL-33197,CUST-55537,91,Evening (17-20h),Success,557000,AGT-001,False
CALL-86024,CUST-57380,115,Afternoon (13-17h),No Answer,0,AGT-013,False
CALL-95844,CUST-57380,245,Afternoon (13-17h),Call Back Later,0,AGT-010,True
CALL-58986,CUST-84871,35,Afternoon (13-17h),Not Interested,0,AGT-015,False
CALL-36741,CUST-84871,192,Noon (11-13h),Success,523000,AGT-009,False
CALL-49688,CUST-84871,286,Morning (8-11h),Success,596000,AGT-006,False
CALL-63905,CUST-50527,146,Afternoon (13-17h),Success,386000,AGT-010,False
CALL-19335,CUST-45200,21,Afternoon (13-17h),No Answer,0,AGT-003,True
CALL-31439,CUST-45200,204,Evening (17-20h),Success,1034000,AGT-002,False
CALL-52083,CUST-97024,302,Morning (8-11h),Success,1491000,AGT-018,False
CALL-55191,CUST-97024,90,Afternoon (13-17h),Success,1142000,AGT-002,False
CALL-13438,CUST-97024,28,Morning (8-11h),Not Interested,0,AGT-001,False
CALL-42986,CUST-97024,149,Morning (8-11h),Success,1042000,AGT-004,False
CALL-75305,CUST-97024,112,Morning (8-11h),No Answer,0,AGT-001,False
CALL-14331,CUST-99830,39,Evening (17-20h),No Answer,0,AGT-004,False
CALL-72901,CUST-50654,199,Afternoon (13-17h),Success,1038000,AGT-011,False
CALL-26798,CUST-50654,153,Noon (11-13h),Call Back Later,0,AGT-003,True
CALL-61155,CUST-50654,110,Evening (17-20h),Call Back Later,0,AGT-002,True
CALL-95290,CUST-50654,99,Morning (8-11h),Call Back Later,0,AGT-003,True
CALL-50147,CUST-53843,150,Noon (11-13h),Success,655000,AGT-006,False
CALL-74300,CUST-53843,44,Morning (8-11h),No Answer,0,AGT-019,False
CALL-18904,CUST-53843,244,Noon (11-13h),Call Back Later,0,AGT-002,True
CALL-41989,CUST-53843,288,Morning (8-11h),Success,2126000,AGT-007,False
CALL-41146,CUST-53843,100,Evening (17-20h),Success,840000,AGT-007,False
CALL-60331,CUST-53843,85,Morning (8-11h),Not Interested,0,AGT-007,False
CALL-30517,CUST-49681,54,Morning (8-11h),Call Back Later,0,AGT-013,True
CALL-78951,CUST-49681,31,Morning (8-11h),Success,1867000,AGT-002,False
CALL-63009,CUST-49681,77,Afternoon (13-17h),Call Back Later,0,AGT-001,True
CALL-95840,CUST-81010,125,Morning (8-11h),Success,1899000,AGT-004,False
CALL-46669,CUST-81010,204,Afternoon (13-17h),Success,1574000,AGT-016,False
CALL-57205,CUST-81010,36,Noon (11-13h),Not Interested,0,AGT-004,False
CALL-53477,CUST-81010,104,Evening (17-20h),Not Interested,0,AGT-005,False
CALL-12753,CUST-81010,110,Morning (8-11h),Call Back Later,0,AGT-002,True
CALL-30947,CUST-81010,171,Noon (11-13h),No Answer,0,AGT-018,False
CALL-77524,CUST-81010,69,Evening (17-20h),Success,559000,AGT-005,False
CALL-44331,CUST-81010,318,Noon (11-13h),Success,1198000,AGT-019,False
CALL-35726,CUST-81010,237,Noon (11-13h),Call Back Later,0,AGT-005,True
CALL-51768,CUST-81010,135,Morning (8-11h),Success,1091000,AGT-018,False
CALL-81936,CUST-81010,294,Afternoon (13-17h),Success,497000,AGT-004,False
CALL-75825,CUST-81010,178,Noon (11-13h),Success,940000,AGT-001,False
CALL-84353,CUST-81010,268,Afternoon (13-17h),Success,673000,AGT-003,False
CALL-17011,CUST-62533,221,Evening (17-20h),Call Back Later,0,AGT-003,True
CALL-10687,CUST-62533,160,Afternoon (13-17h),Not Interested,0,AGT-013,False
CALL-75203,CUST-62533,165,Morning (8-11h),No Answer,0,AGT-014,False
CALL-38822,CUST-62533,138,Afternoon (13-17h),Success,1987000,AGT-016,False
CALL-41304,CUST-62533,526,Afternoon (13-17h),Success,725000,AGT-002,False
CALL-73724,CUST-62533,247,Afternoon (13-17h),Success,1987000,AGT-010,False
CALL-87927,CUST-62533,129,Morning (8-11h),Success,642000,AGT-004,True
CALL-32460,CUST-62533,310,Noon (11-13h),Success,1879000,AGT-001,False
CALL-12555,CUST-62533,68,Afternoon (13-17h),Call Back Later,0,AGT-005,True
CALL-88033,CUST-62533,144,Noon (11-13h),Success,2044000,AGT-001,False
CALL-64981,CUST-62533,70,Evening (17-20h),Call Back Later,0,AGT-008,True
CALL-94397,CUST-62533,121,Evening (17-20h),Success,749000,AGT-011,False
CALL-60505,CUST-15031,89,Afternoon (13-17h),Call Back Later,0,AGT-009,True
CALL-42744,CUST-15031,128,Evening (17-20h),Success,650000,AGT-003,False
CALL-58058,CUST-15031,69,Evening (17-20h),Call Back Later,0,AGT-004,True
CALL-27248,CUST-15031,147,Noon (11-13h),Success,353000,AGT-009,False
CALL-21011,CUST-11819,33,Noon (11-13h),Call Back Later,0,AGT-001,True
CALL-62831,CUST-11819,96,Morning (8-11h),Success,1255000,AGT-001,False
CALL-74549,CUST-11819,76,Morning (8-11h),Success,507000,AGT-009,False
CALL-22717,CUST-11819,5,Morning (8-11h),Not Interested,0,AGT-001,False
CALL-77189,CUST-11819,257,Morning (8-11h),Success,521000,AGT-006,False
CALL-72486,CUST-23664,383,Morning (8-11h),Success,755000,AGT-001,False
CALL-91740,CUST-23664,170,Noon (11-13h),Success,1484000,AGT-003,False
CALL-98942,CUST-23664,117,Afternoon (13-17h),Not Interested,0,AGT-004,False
CALL-16951,CUST-23664,76,Evening (17-20h),Not Interested,0,AGT-014,False
CALL-64938,CUST-23664,143,Morning (8-11h),Success,851000,AGT-003,False
CALL-84490,CUST-23664,203,Afternoon (13-17h),Call Back Later,0,AGT-006,True
CALL-99717,CUST-23664,250,Afternoon (13-17h),Not Interested,0,AGT-001,False
CALL-62982,CUST-23664,206,Afternoon (13-17h),Success,562000,AGT-005,False
CALL-31357,CUST-23664,66,Morning (8-11h),Success,1027000,AGT-004,False
CALL-16515,CUST-23664,83,Afternoon (13-17h),Success,1321000,AGT-004,False
CALL-69095,CUST-23664,44,Noon (11-13h),Success,669000,AGT-015,False
CALL-72634,CUST-23664,59,Afternoon (13-17h),Call Back Later,0,AGT-013,True
CALL-96861,CUST-23664,201,Noon (11-13h),Success,370000,AGT-008,False
CALL-36108,CUST-23664,115,Evening (17-20h),Success,712000,AGT-019,False
CALL-68751,CUST-40258,207,Afternoon (13-17h),Call Back Later,0,AGT-009,True
CALL-91057,CUST-40258,233,Evening (17-20h),Success,1542000,AGT-020,False
CALL-27961,CUST-40258,132,Noon (11-13h),Success,1957000,AGT-012,True
CALL-58336,CUST-37313,215,Morning (8-11h),Success,1932000,AGT-017,False
CALL-24927,CUST-37313,98,Afternoon (13-17h),No Answer,0,AGT-002,False
CALL-11773,CUST-37313,135,Morning (8-11h),Success,1678000,AGT-002,False
CALL-37841,CUST-37313,32,Morning (8-11h),Not Interested,0,AGT-012,False
CALL-70224,CUST-18814,93,Noon (11-13h),Call Back Later,0,AGT-003,True
CALL-21788,CUST-18814,61,Noon (11-13h),Call Back Later,0,AGT-002,True
CALL-35550,CUST-18814,24,Morning (8-11h),Call Back Later,0,AGT-007,True
CALL-62378,CUST-18814,155,Morning (8-11h),Success,1806000,AGT-001,False
CALL-34123,CUST-18814,106,Afternoon (13-17h),Success,945000,AGT-010,False
CALL-29983,CUST-18814,85,Evening (17-20h),Not Interested,0,AGT-001,False
CALL-15148,CUST-18814,89,Morning (8-11h),Success,1701000,AGT-001,False
CALL-43464,CUST-18814,35,Morning (8-11h),No Answer,0,AGT-001,False
CALL-41609,CUST-99195,186,Afternoon (13-17h),Call Back Later,0,AGT-019,True
CALL-35680,CUST-99195,185,Afternoon (13-17h),Not Interested,0,AGT-001,False
CALL-46138,CUST-99195,66,Evening (17-20h),Success,1481000,AGT-001,False
CALL-51256,CUST-99195,42,Morning (8-11h),No Answer,0,AGT-002,False
CALL-17634,CUST-99195,156,Evening (17-20h),Success,1298000,AGT-016,False
CALL-89708,CUST-99195,329,Morning (8-11h),Call Back Later,0,AGT-003,True
CALL-39331,CUST-99195,122,Morning (8-11h),Call Back Later,0,AGT-018,True
CALL-86871,CUST-99195,203,Noon (11-13h),No Answer,0,AGT-001,False
CALL-26603,CUST-79365,81,Evening (17-20h),No Answer,0,AGT-001,False
CALL-62814,CUST-79365,139,Morning (8-11h),Success,2500000,AGT-001,False
CALL-10935,CUST-79365,12,Afternoon (13-17h),Not Interested,0,AGT-001,False
CALL-26858,CUST-79365,75,Afternoon (13-17h),Success,948000,AGT-015,False
CALL-64106,CUST-79365,41,Evening (17-20h),Call Back Later,0,AGT-004,True
CALL-98890,CUST-79365,435,Afternoon (13-17h),Success,515000,AGT-007,False
CALL-13986,CUST-55357,116,Morning (8-11h),Call Back Later,0,AGT-002,True
CALL-35344,CUST-55357,587,Afternoon (13-17h),Success,500000,AGT-001,False
CALL-74280,CUST-56156,115,Afternoon (13-17h),No Answer,0,AGT-005,False
CALL-38407,CUST-56156,155,Evening (17-20h),Success,1535000,AGT-001,False
CALL-41037,CUST-56156,105,Morning (8-11h),Success,1137000,AGT-017,False
CALL-62447,CUST-56156,85,Afternoon (13-17h),Success,526000,AGT-005,False
CALL-47671,CUST-56156,151,Noon (11-13h),Success,646000,AGT-002,False
CALL-41389,CUST-56156,197,Afternoon (13-17h),Success,849000,AGT-001,False
CALL-11633,CUST-19131,53,Morning (8-11h),No Answer,0,AGT-001,False
CALL-19758,CUST-19131,83,Morning (8-11h),Not Interested,0,AGT-002,False
CALL-46756,CUST-19131,30,Noon (11-13h),Success,350000,AGT-001,False
CALL-89473,CUST-99477,19,Afternoon (13-17h),Not Interested,0,AGT-004,False
CALL-79601,CUST-99477,196,Afternoon (13-17h),Success,518000,AGT-005,False
CALL-58100,CUST-23189,181,Morning (8-11h),Success,1688000,AGT-001,False
CALL-56540,CUST-23189,98,Afternoon (13-17h),Success,1944000,AGT-008,False
CALL-38348,CUST-23189,182,Afternoon (13-17h),Not Interested,0,AGT-017,False
CALL-68152,CUST-23189,203,Noon (11-13h),Success,1364000,AGT-007,False
CALL-31238,CUST-23189,256,Morning (8-11h),Not Interested,0,AGT-004,False
CALL-70285,CUST-23189,13,Afternoon (13-17h),No Answer,0,AGT-001,False
CALL-70842,CUST-46878,119,Morning (8-11h),Success,368000,AGT-005,False
CALL-76964,CUST-46878,41,Afternoon (13-17h),No Answer,0,AGT-015,True
CALL-77290,CUST-46878,60,Morning (8-11h),Not Interested,0,AGT-011,False
CALL-35434,CUST-46878,55,Noon (11-13h),Not Interested,0,AGT-004,False
CALL-98515,CUST-46878,146,Morning (8-11h),Success,943000,AGT-005,False
CALL-66191,CUST-46878,72,Afternoon (13-17h),Success,2025000,AGT-015,False
CALL-67127,CUST-32496,13,Morning (8-11h),Not Interested,0,AGT-001,False
CALL-46861,CUST-27824,165,Noon (11-13h),Success,739000,AGT-002,False
CALL-37083,CUST-59600,40,Afternoon (13-17h),Call Back Later,0,AGT-001,True
CALL-33784,CUST-67465,42,Evening (17-20h),Call Back Later,0,AGT-010,True
CALL-42192,CUST-67465,600,Afternoon (13-17h),Success,806000,AGT-008,False
CALL-35131,CUST-67465,302,Morning (8-11h),Not Interested,0,AGT-010,False
CALL-29054,CUST-67465,72,Afternoon (13-17h),Call Back Later,0,AGT-007,True
CALL-55656,CUST-67465,49,Noon (11-13h),Success,725000,AGT-011,False
CALL-64464,CUST-67465,191,Morning (8-11h),Success,2369000,AGT-012,False
CALL-10905,CUST-67465,600,Afternoon (13-17h),Call Back Later,0,AGT-014,True
CALL-76684,CUST-67465,354,Morning (8-11h),Not Interested,0,AGT-001,False
CALL-34442,CUST-67465,204,Noon (11-13h),Success,2496000,AGT-001,True
CALL-24444,CUST-67465,352,Noon (11-13h),Success,2014000,AGT-004,False
CALL-35159,CUST-67465,172,Morning (8-11h),Success,767000,AGT-001,False
CALL-25776,CUST-67465,335,Afternoon (13-17h),No Answer,0,AGT-001,False
CALL-17660,CUST-67465,63,Afternoon (13-17h),Not Interested,0,AGT-004,False
CALL-16770,CUST-67465,251,Noon (11-13h),Success,2004000,AGT-016,False
CALL-39525,CUST-67465,110,Noon (11-13h),Call Back Later,0,AGT-002,True
CALL-50715,CUST-67465,199,Noon (11-13h),Call Back Later,0,AGT-019,True
CALL-49877,CUST-67465,364,Afternoon (13-17h),Success,896000,AGT-015,False
CALL-73169,CUST-67465,92,Afternoon (13-17h),Success,567000,AGT-005,False
CALL-33097,CUST-67465,60,Morning (8-11h),Not Interested,0,AGT-005,True
CALL-88156,CUST-67465,268,Morning (8-11h),Success,820000,AGT-012,False
CALL-28780,CUST-67465,144,Afternoon (13-17h),Success,710000,AGT-001,False
CALL-28586,CUST-67465,155,Noon (11-13h),Success,772000,AGT-002,False
CALL-41470,CUST-67465,57,Afternoon (13-17h),Not Interested,0,AGT-002,False
CALL-80514,CUST-17698,189,Afternoon (13-17h),Success,1055000,AGT-001,False
CALL-21887,CUST-17698,233,Evening (17-20h),Success,632000,AGT-001,False
CALL-24123,CUST-17698,73,Afternoon (13-17h),Success,666000,AGT-011,False
CALL-87530,CUST-17698,109,Noon (11-13h),No Answer,0,AGT-001,False
CALL-89530,CUST-18741,73,Morning (8-11h),Success,1734000,AGT-004,False
CALL-33506,CUST-20130,177,Afternoon (13-17h),Not Interested,0,AGT-007,False
CALL-40505,CUST-21549,300,Afternoon (13-17h),Success,925000,AGT-005,False
CALL-99085,CUST-21549,5,Morning (8-11h),Not Interested,0,AGT-010,False
CALL-57964,CUST-82253,80,Afternoon (13-17h),Success,765000,AGT-001,False
CALL-49307,CUST-82253,427,Evening (17-20h),No Answer,0,AGT-019,False
CALL-74276,CUST-82253,102,Afternoon (13-17h),Not Interested,0,AGT-001,False
CALL-33600,CUST-82253,145,Evening (17-20h),Success,2360000,AGT-014,True
CALL-40566,CUST-82253,600,Morning (8-11h),Success,643000,AGT-004,False
CALL-62106,CUST-82253,394,Afternoon (13-17h),Success,576000,AGT-001,False
CALL-82347,CUST-82253,183,Morning (8-11h),No Answer,0,AGT-010,False
CALL-23479,CUST-82253,105,Afternoon (13-17h),Success,350000,AGT-003,False
CALL-87248,CUST-82253,228,Morning (8-11h),Success,939000,AGT-001,False
CALL-28438,CUST-82253,73,Evening (17-20h),Success,350000,AGT-014,False
CALL-62399,CUST-82253,77,Morning (8-11h),Call Back Later,0,AGT-001,True
CALL-62321,CUST-82253,40,Afternoon (13-17h),Not Interested,0,AGT-019,False
CALL-42105,CUST-82253,65,Afternoon (13-17h),Success,364000,AGT-016,False
CALL-96367,CUST-89941,104,Noon (11-13h),Not Interested,0,AGT-001,False
CALL-39915,CUST-78733,172,Evening (17-20h),Success,350000,AGT-005,False
CALL-46782,CUST-78733,186,Morning (8-11h),Success,865000,AGT-008,False
CALL-53556,CUST-24066,94,Morning (8-11h),Success,1350000,AGT-012,False
CALL-43013,CUST-74613,147,Afternoon (13-17h),Success,1712000,AGT-013,False
CALL-24886,CUST-42099,318,Afternoon (13-17h),Success,2089000,AGT-001,False
CALL-63052,CUST-18549,219,Afternoon (13-17h),Success,555000,AGT-010,False
CALL-62155,CUST-18549,58,Afternoon (13-17h),No Answer,0,AGT-001,False
CALL-81407,CUST-18549,121,Afternoon (13-17h),Success,615000,AGT-016,False
CALL-47692,CUST-18549,287,Afternoon (13-17h),Success,1441000,AGT-013,False
CALL-60079,CUST-23147,67,Morning (8-11h),No Answer,0,AGT-004,False
CALL-87289,CUST-45681,54,Morning (8-11h),Success,895000,AGT-015,False
CALL-31933,CUST-45681,73,Morning (8-11h),Success,869000,AGT-006,False
CALL-44139,CUST-45681,106,Evening (17-20h),Call Back Later,0,AGT-014,True
CALL-29667,CUST-45681,57,Evening (17-20h),No Answer,0,AGT-005,False
CALL-85727,CUST-78130,75,Noon (11-13h),Success,1392000,AGT-001,True
CALL-34895,CUST-78130,325,Afternoon (13-17h),Success,1079000,AGT-005,False
CALL-62807,CUST-78130,293,Morning (8-11h),Success,1600000,AGT-002,True
CALL-16095,CUST-78130,11,Afternoon (13-17h),No Answer,0,AGT-001,False
CALL-80381,CUST-78130,23,Afternoon (13-17h),No Answer,0,AGT-018,False
CALL-96315,CUST-78130,218,Afternoon (13-17h),Success,1645000,AGT-019,False
CALL-95866,CUST-78130,70,Morning (8-11h),Call Back Later,0,AGT-004,True
CALL-44606,CUST-55312,52,Noon (11-13h),Not Interested,0,AGT-003,False
CALL-88119,CUST-55312,163,Morning (8-11h),Success,781000,AGT-017,False
CALL-86170,CUST-55226,198,Morning (8-11h),Success,1384000,AGT-002,False
CALL-71768,CUST-55226,216,Noon (11-13h),Success,1408000,AGT-020,False
CALL-39389,CUST-55226,204,Morning (8-11h),Success,816000,AGT-004,False
CALL-28765,CUST-44902,171,Morning (8-11h),Success,917000,AGT-003,False
CALL-24201,CUST-44902,99,Noon (11-13h),Success,428000,AGT-011,False
CALL-32194,CUST-44902,244,Afternoon (13-17h),Success,350000,AGT-017,False
CALL-59428,CUST-44902,232,Morning (8-11h),Success,955000,AGT-012,False
CALL-50597,CUST-44902,267,Evening (17-20h),Success,1718000,AGT-009,False
CALL-57887,CUST-56467,55,Evening (17-20h),Not Interested,0,AGT-001,False
CALL-73304,CUST-56467,52,Morning (8-11h),No Answer,0,AGT-001,False
CALL-71006,CUST-56467,600,Noon (11-13h),Success,694000,AGT-014,False
CALL-60573,CUST-56467,268,Afternoon (13-17h),Success,685000,AGT-007,False
CALL-28541,CUST-56467,72,Morning (8-11h),Success,741000,AGT-009,False
CALL-35672,CUST-90810,98,Afternoon (13-17h),Call Back Later,0,AGT-010,True
CALL-83704,CUST-90810,200,Noon (11-13h),Success,604000,AGT-001,False
CALL-67229,CUST-90810,221,Morning (8-11h),Success,395000,AGT-002,False
CALL-92606,CUST-90810,17,Morning (8-11h),Not Interested,0,AGT-010,False
CALL-14857,CUST-90810,159,Morning (8-11h),Not Interested,0,AGT-019,False
CALL-26008,CUST-90810,232,Afternoon (13-17h),Not Interested,0,AGT-018,False
CALL-44088,CUST-78089,75,Afternoon (13-17h),Call Back Later,0,AGT-001,True
CALL-52623,CUST-78089,18,Morning (8-11h),No Answer,0,AGT-005,False
CALL-58937,CUST-78089,210,Afternoon (13-17h),Success,825000,AGT-001,False
CALL-35681,CUST-78089,33,Noon (11-13h),No Answer,0,AGT-006,False
CALL-75455,CUST-78089,305,Noon (11-13h),No Answer,0,AGT-006,False
CALL-64873,CUST-31609,47,Morning (8-11h),Success,1545000,AGT-001,False
CALL-35083,CUST-31609,146,Afternoon (13-17h),Call Back Later,0,AGT-020,True
CALL-35354,CUST-31788,21,Afternoon (13-17h),Call Back Later,0,AGT-002,True
CALL-35793,CUST-22579,142,Afternoon (13-17h),Success,350000,AGT-015,False
CALL-21843,CUST-22579,121,Morning (8-11h),Success,983000,AGT-019,False
CALL-71939,CUST-22579,96,Morning (8-11h),Success,350000,AGT-019,False
CALL-95234,CUST-22579,75,Noon (11-13h),No Answer,0,AGT-010,False
CALL-69372,CUST-22579,100,Evening (17-20h),Not Interested,0,AGT-011,False
CALL-12195,CUST-22579,78,Afternoon (13-17h),No Answer,0,AGT-003,False
CALL-30241,CUST-22579,198,Evening (17-20h),Success,517000,AGT-003,False
CALL-83241,CUST-22579,149,Noon (11-13h),Success,2313000,AGT-019,False
CALL-11801,CUST-38562,136,Evening (17-20h),Success,1341000,AGT-001,False
CALL-10362,CUST-38562,143,Afternoon (13-17h),Success,1172000,AGT-005,False
CALL-83465,CUST-38562,86,Evening (17-20h),Success,475000,AGT-002,False
CALL-90548,CUST-38562,166,Morning (8-11h),Call Back Later,0,AGT-001,True
CALL-63373,CUST-38562,234,Evening (17-20h),Success,1345000,AGT-002,False
CALL-50665,CUST-38562,182,Afternoon (13-17h),Not Interested,0,AGT-012,False
CALL-33783,CUST-38562,229,Afternoon (13-17h),Success,350000,AGT-008,False
CALL-51745,CUST-38562,195,Morning (8-11h),Success,474000,AGT-004,False
CALL-49496,CUST-50907,161,Morning (8-11h),Success,981000,AGT-004,False
CALL-82856,CUST-50907,40,Evening (17-20h),No Answer,0,AGT-002,False
CALL-40328,CUST-50907,65,Afternoon (13-17h),Not Interested,0,AGT-011,False
CALL-45332,CUST-50907,21,Evening (17-20h),Not Interested,0,AGT-001,False
CALL-59273,CUST-50907,234,Morning (8-11h),Call Back Later,0,AGT-002,True
CALL-33611,CUST-50907,41,Afternoon (13-17h),Call Back Later,0,AGT-004,True
CALL-26197,CUST-49129,59,Afternoon (13-17h),Success,436000,AGT-001,False
CALL-17245,CUST-49129,90,Morning (8-11h),Not Interested,0,AGT-006,False
CALL-47655,CUST-60458,91,Morning (8-11h),Not Interested,0,AGT-002,False
CALL-87470,CUST-60458,105,Morning (8-11h),Success,665000,AGT-009,True
CALL-50185,CUST-60458,238,Noon (11-13h),Success,350000,AGT-001,True
CALL-42689,CUST-60458,159,Noon (11-13h),Success,1156000,AGT-005,False
CALL-84161,CUST-60458,187,Morning (8-11h),Not Interested,0,AGT-020,False
CALL-59873,CUST-60458,53,Afternoon (13-17h),Call Back Later,0,AGT-012,True
CALL-38697,CUST-60458,190,Afternoon (13-17h),No Answer,0,AGT-001,False
CALL-50439,CUST-60458,50,Afternoon (13-17h),Not Interested,0,AGT-002,False
CALL-58370,CUST-60458,102,Afternoon (13-17h),Not Interested,0,AGT-014,False
CALL-25890,CUST-87714,73,Morning (8-11h),Success,2500000,AGT-001,False
CALL-27862,CUST-87714,77,Evening (17-20h),No Answer,0,AGT-009,False
CALL-21068,CUST-87714,513,Morning (8-11h),Success,581000,AGT-001,False
CALL-17946,CUST-87714,82,Noon (11-13h),Call Back Later,0,AGT-002,True
CALL-60808,CUST-87714,15,Evening (17-20h),No Answer,0,AGT-020,False
CALL-82413,CUST-87714,227,Afternoon (13-17h),Success,678000,AGT-015,False
CALL-68983,CUST-30478,109,Afternoon (13-17h),Call Back Later,0,AGT-003,True
CALL-73829,CUST-30478,182,Afternoon (13-17h),Not Interested,0,AGT-008,False
CALL-39826,CUST-30478,59,Evening (17-20h),Success,1517000,AGT-004,True
CALL-79681,CUST-30478,105,Morning (8-11h),Not Interested,0,AGT-001,False
CALL-22957,CUST-30478,118,Evening (17-20h),Success,987000,AGT-013,False
CALL-10034,CUST-30478,118,Evening (17-20h),Call Back Later,0,AGT-012,True
CALL-56977,CUST-30478,109,Morning (8-11h),Success,1970000,AGT-018,False
CALL-72729,CUST-30478,216,Morning (8-11h),No Answer,0,AGT-001,False
CALL-36222,CUST-19661,240,Afternoon (13-17h),Success,525000,AGT-001,False
CALL-18467,CUST-27745,57,Evening (17-20h),Call Back Later,0,AGT-002,True
CALL-83091,CUST-75676,230,Afternoon (13-17h),Call Back Later,0,AGT-007,True
CALL-30804,CUST-75676,62,Afternoon (13-17h),Success,1202000,AGT-018,False
CALL-22043,CUST-75676,173,Morning (8-11h),Success,1309000,AGT-013,False
CALL-89864,CUST-80668,13,Afternoon (13-17h),Not Interested,0,AGT-015,False
CALL-79883,CUST-80668,218,Afternoon (13-17h),Not Interested,0,AGT-020,False
CALL-64697,CUST-80668,160,Morning (8-11h),Success,397000,AGT-010,False
CALL-45629,CUST-43489,66,Evening (17-20h),Success,1037000,AGT-005,False
CALL-46163,CUST-43489,126,Morning (8-11h),Success,1920000,AGT-002,False
CALL-28481,CUST-94911,109,Afternoon (13-17h),Success,746000,AGT-002,False
CALL-49430,CUST-73258,137,Afternoon (13-17h),Success,1628000,AGT-007,False
CALL-83999,CUST-73258,140,Afternoon (13-17h),Not Interested,0,AGT-018,False
CALL-27970,CUST-11403,110,Morning (8-11h),Success,841000,AGT-004,False
CALL-93669,CUST-11403,334,Evening (17-20h),Success,463000,AGT-005,False
CALL-46999,CUST-11403,82,Morning (8-11h),Not Interested,0,AGT-005,False
CALL-92580,CUST-11403,170,Afternoon (13-17h),Success,1823000,AGT-013,False
CALL-79875,CUST-11403,153,Afternoon (13-17h),Not Interested,0,AGT-008,False
CALL-41725,CUST-11403,90,Morning (8-11h),No Answer,0,AGT-005,False
CALL-59542,CUST-11403,307,Morning (8-11h),Success,822000,AGT-007,True
CALL-71190,CUST-50660,53,Morning (8-11h),Not Interested,0,AGT-001,False
CALL-93742,CUST-95364,195,Morning (8-11h),Success,905000,AGT-001,False
CALL-41894,CUST-95364,169,Evening (17-20h),Not Interested,0,AGT-003,False
CALL-27052,CUST-95364,158,Morning (8-11h),Success,604000,AGT-019,False
CALL-99385,CUST-95364,125,Afternoon (13-17h),Success,605000,AGT-008,False
CALL-57807,CUST-95364,229,Morning (8-11h),Success,616000,AGT-001,False
CALL-33885,CUST-95364,38,Morning (8-11h),No Answer,0,AGT-005,False
CALL-23449,CUST-62495,64,Noon (11-13h),Call Back Later,0,AGT-001,True
CALL-88724,CUST-56209,163,Evening (17-20h),Success,1259000,AGT-009,False
CALL-42193,CUST-56209,68,Morning (8-11h),Success,2500000,AGT-006,True
CALL-11846,CUST-74946,57,Afternoon (13-17h),No Answer,0,AGT-008,False
CALL-30816,CUST-14511,281,Noon (11-13h),Success,743000,AGT-011,False
CALL-82438,CUST-14511,291,Morning (8-11h),Call Back Later,0,AGT-003,True
CALL-17450,CUST-14511,171,Afternoon (13-17h),Success,2500000,AGT-002,True
CALL-63757,CUST-14511,70,Noon (11-13h),Call Back Later,0,AGT-001,True
CALL-10706,CUST-14511,84,Evening (17-20h),Call Back Later,0,AGT-017,True
CALL-86233,CUST-14511,143,Evening (17-20h),Call Back Later,0,AGT-001,True
CALL-27967,CUST-30885,104,Afternoon (13-17h),No Answer,0,AGT-010,False
CALL-69003,CUST-30885,200,Morning (8-11h),Success,471000,AGT-016,False
CALL-41274,CUST-30885,46,Afternoon (13-17h),Not Interested,0,AGT-004,False
CALL-77520,CUST-30885,47,Evening (17-20h),Not Interested,0,AGT-001,False
CALL-74255,CUST-43873,111,Afternoon (13-17h),Success,1100000,AGT-008,False
CALL-73777,CUST-43873,292,Morning (8-11h),Success,799000,AGT-002,False
CALL-19146,CUST-19279,168,Morning (8-11h),Success,1288000,AGT-002,False
CALL-98753,CUST-19279,134,Morning (8-11h),Success,754000,AGT-006,False
CALL-56036,CUST-31522,133,Afternoon (13-17h),Not Interested,0,AGT-001,False
CALL-40409,CUST-31522,283,Morning (8-11h),Success,505000,AGT-003,False
CALL-37122,CUST-31522,386,Morning (8-11h),Success,738000,AGT-008,False
CALL-18741,CUST-73890,45,Afternoon (13-17h),Call Back Later,0,AGT-009,True
CALL-17238,CUST-73890,145,Afternoon (13-17h),Not Interested,0,AGT-016,False
CALL-74461,CUST-73890,155,Afternoon (13-17h),Success,621000,AGT-008,False
CALL-45768,CUST-73890,85,Noon (11-13h),Not Interested,0,AGT-001,False
CALL-79452,CUST-73890,62,Afternoon (13-17h),Success,1193000,AGT-001,False
CALL-63900,CUST-73890,17,Morning (8-11h),Not Interested,0,AGT-012,False
CALL-16009,CUST-73890,127,Afternoon (13-17h),Success,1478000,AGT-005,False
CALL-40405,CUST-73890,372,Noon (11-13h),Success,470000,AGT-001,False
CALL-50363,CUST-13939,230,Evening (17-20h),Success,622000,AGT-007,True
CALL-55747,CUST-32730,127,Afternoon (13-17h),Success,495000,AGT-002,False
CALL-65907,CUST-32730,164,Afternoon (13-17h),Success,1962000,AGT-001,False
CALL-75994,CUST-32730,124,Evening (17-20h),Success,870000,AGT-002,False
CALL-67053,CUST-32730,123,Morning (8-11h),Success,760000,AGT-002,False
CALL-24578,CUST-32730,230,Afternoon (13-17h),Success,1046000,AGT-004,False
CALL-64545,CUST-32730,130,Evening (17-20h),No Answer,0,AGT-018,False
CALL-67863,CUST-32730,43,Evening (17-20h),Not Interested,0,AGT-005,False
CALL-99492,CUST-32730,54,Noon (11-13h),No Answer,0,AGT-019,False
CALL-20363,CUST-32730,87,Afternoon (13-17h),Call Back Later,0,AGT-004,True
CALL-96845,CUST-32730,159,Morning (8-11h),Success,2219000,AGT-007,False
CALL-44867,CUST-32730,57,Afternoon (13-17h),Not Interested,0,AGT-010,False
CALL-20306,CUST-19397,18,Noon (11-13h),Not Interested,0,AGT-002,False
CALL-28280,CUST-19397,93,Morning (8-11h),No Answer,0,AGT-014,False
CALL-76209,CUST-19397,178,Evening (17-20h),Success,641000,AGT-001,False
CALL-25911,CUST-35775,243,Evening (17-20h),Not Interested,0,AGT-009,False
CALL-47287,CUST-35775,63,Evening (17-20h),Not Interested,0,AGT-006,False
CALL-53681,CUST-35775,108,Morning (8-11h),Call Back Later,0,AGT-012,True
CALL-43075,CUST-35775,47,Morning (8-11h),Not Interested,0,AGT-018,False
CALL-23864,CUST-35775,80,Afternoon (13-17h),No Answer,0,AGT-010,False
CALL-16431,CUST-35775,22,Morning (8-11h),No Answer,0,AGT-002,False
CALL-76591,CUST-35775,36,Afternoon (13-17h),Success,1991000,AGT-018,False
CALL-48810,CUST-84828,35,Afternoon (13-17h),Call Back Later,0,AGT-001,True
CALL-24904,CUST-84828,252,Afternoon (13-17h),Success,2412000,AGT-004,False
CALL-11057,CUST-84828,57,Afternoon (13-17h),No Answer,0,AGT-001,False
CALL-24910,CUST-84828,204,Morning (8-11h),Success,1194000,AGT-005,False
CALL-24658,CUST-84828,36,Morning (8-11h),No Answer,0,AGT-007,False
CALL-55928,CUST-84828,115,Evening (17-20h),Call Back Later,0,AGT-011,True
CALL-57929,CUST-84828,146,Noon (11-13h),Call Back Later,0,AGT-001,True
CALL-87494,CUST-79885,169,Noon (11-13h),Success,1268000,AGT-020,False
CALL-91939,CUST-19490,16,Morning (8-11h),No Answer,0,AGT-002,False
CALL-36671,CUST-19490,172,Noon (11-13h),Success,1137000,AGT-005,False
CALL-70746,CUST-19490,191,Morning (8-11h),Success,2050000,AGT-017,False
CALL-14312,CUST-75565,50,Afternoon (13-17h),Success,417000,AGT-006,False
CALL-16229,CUST-75565,181,Afternoon (13-17h),Success,942000,AGT-002,False
CALL-89203,CUST-31379,358,Morning (8-11h),Success,397000,AGT-003,False
CALL-10210,CUST-31379,179,Afternoon (13-17h),Success,1711000,AGT-002,False
CALL-71439,CUST-31379,8,Morning (8-11h),No Answer,0,AGT-001,True
CALL-66326,CUST-31379,171,Afternoon (13-17h),Success,791000,AGT-002,False
CALL-96903,CUST-31379,36,Morning (8-11h),No Answer,0,AGT-010,False
CALL-30059,CUST-31379,147,Noon (11-13h),Not Interested,0,AGT-001,False
CALL-68928,CUST-31379,183,Morning (8-11h),Success,398000,AGT-011,False
CALL-82993,CUST-31379,146,Afternoon (13-17h),Success,1292000,AGT-008,False
CALL-41477,CUST-67876,218,Afternoon (13-17h),Success,562000,AGT-011,False
CALL-19687,CUST-67876,61,Afternoon (13-17h),Call Back Later,0,AGT-003,True
CALL-26678,CUST-67876,187,Evening (17-20h),Success,1510000,AGT-006,False
CALL-43341,CUST-67876,88,Morning (8-11h),Success,924000,AGT-014,False
CALL-91940,CUST-67876,184,Noon (11-13h),Success,868000,AGT-004,False
CALL-66719,CUST-67876,42,Noon (11-13h),Call Back Later,0,AGT-011,True
CALL-49562,CUST-67876,66,Noon (11-13h),Success,992000,AGT-013,False
CALL-31746,CUST-67876,205,Noon (11-13h),Success,781000,AGT-009,False
CALL-95001,CUST-61085,111,Afternoon (13-17h),Call Back Later,0,AGT-006,True
CALL-72538,CUST-61085,59,Morning (8-11h),No Answer,0,AGT-001,False
CALL-23010,CUST-91288,212,Morning (8-11h),Success,1322000,AGT-008,False
CALL-78972,CUST-91288,66,Morning (8-11h),Not Interested,0,AGT-006,False
CALL-12406,CUST-91288,163,Morning (8-11h),Not Interested,0,AGT-002,False
CALL-38488,CUST-91288,70,Afternoon (13-17h),Success,1152000,AGT-005,False
CALL-45488,CUST-91288,356,Afternoon (13-17h),Success,1315000,AGT-006,False
CALL-29743,CUST-91288,131,Morning (8-11h),Success,713000,AGT-003,False
CALL-18604,CUST-17734,115,Evening (17-20h),Success,2242000,AGT-002,False
CALL-99627,CUST-17734,241,Afternoon (13-17h),Success,567000,AGT-014,False
CALL-12015,CUST-17734,62,Morning (8-11h),Success,2465000,AGT-002,False
CALL-67659,CUST-17734,199,Morning (8-11h),Success,971000,AGT-010,False
CALL-14132,CUST-17734,56,Morning (8-11h),Success,1375000,AGT-007,False
CALL-96131,CUST-17734,109,Afternoon (13-17h),No Answer,0,AGT-001,False
CALL-43805,CUST-17734,75,Morning (8-11h),Success,387000,AGT-020,False
CALL-39992,CUST-19770,38,Noon (11-13h),No Answer,0,AGT-003,False
CALL-58489,CUST-19770,39,Evening (17-20h),Not Interested,0,AGT-005,False
CALL-85581,CUST-19770,76,Evening (17-20h),Success,668000,AGT-002,False
CALL-69352,CUST-19770,191,Afternoon (13-17h),No Answer,0,AGT-004,False
CALL-69152,CUST-19770,600,Afternoon (13-17h),Success,942000,AGT-012,False
CALL-39188,CUST-19770,39,Morning (8-11h),Not Interested,0,AGT-015,True
CALL-13037,CUST-76352,108,Afternoon (13-17h),Call Back Later,0,AGT-004,True
CALL-37918,CUST-76352,89,Evening (17-20h),Success,1010000,AGT-013,False
CALL-76332,CUST-18478,197,Afternoon (13-17h),Success,673000,AGT-005,False
CALL-99280,CUST-18478,290,Afternoon (13-17h),Success,1781000,AGT-005,False
CALL-83217,CUST-85424,138,Afternoon (13-17h),Success,1019000,AGT-003,True
CALL-89332,CUST-85424,42,Morning (8-11h),Not Interested,0,AGT-006,False
CALL-10376,CUST-85424,89,Noon (11-13h),Call Back Later,0,AGT-015,True
CALL-99846,CUST-85424,169,Afternoon (13-17h),Success,614000,AGT-001,False
CALL-44994,CUST-85424,93,Noon (11-13h),Call Back Later,0,AGT-001,True
CALL-96313,CUST-85424,50,Morning (8-11h),Not Interested,0,AGT-001,False
CALL-57599,CUST-85424,118,Afternoon (13-17h),Not Interested,0,AGT-020,False
CALL-88151,CUST-85424,97,Afternoon (13-17h),Call Back Later,0,AGT-002,True
CALL-35996,CUST-85424,144,Afternoon (13-17h),Success,695000,AGT-019,False
CALL-26429,CUST-85424,204,Noon (11-13h),Success,756000,AGT-018,False
CALL-79044,CUST-51842,279,Morning (8-11h),Success,653000,AGT-014,False
CALL-91894,CUST-51842,396,Evening (17-20h),Success,613000,AGT-004,False
CALL-15437,CUST-51842,510,Morning (8-11h),Not Interested,0,AGT-007,False
CALL-74052,CUST-51842,30,Afternoon (13-17h),Not Interested,0,AGT-001,False
CALL-56478,CUST-51842,155,Morning (8-11h),Success,1197000,AGT-003,False
CALL-77327,CUST-51842,18,Morning (8-11h),No Answer,0,AGT-003,False
CALL-94400,CUST-93064,139,Noon (11-13h),Call Back Later,0,AGT-002,True
CALL-95504,CUST-93064,188,Afternoon (13-17h),Success,1618000,AGT-004,False
CALL-64561,CUST-93064,33,Morning (8-11h),Not Interested,0,AGT-003,False
CALL-23926,CUST-93064,410,Morning (8-11h),Success,602000,AGT-009,False
CALL-17471,CUST-93064,35,Afternoon (13-17h),No Answer,0,AGT-018,False
CALL-30724,CUST-93064,47,Afternoon (13-17h),No Answer,0,AGT-005,False
CALL-99168,CUST-93064,190,Afternoon (13-17h),Success,586000,AGT-001,False
CALL-44228,CUST-75051,157,Afternoon (13-17h),Not Interested,0,AGT-001,False
CALL-22071,CUST-25778,160,Noon (11-13h),Success,2500000,AGT-013,False
CALL-26617,CUST-25778,5,Morning (8-11h),Not Interested,0,AGT-001,False
CALL-50832,CUST-25778,168,Noon (11-13h),Success,1189000,AGT-001,False
CALL-16074,CUST-83924,150,Morning (8-11h),Success,1287000,AGT-007,False
CALL-21979,CUST-83924,74,Morning (8-11h),Not Interested,0,AGT-014,False
CALL-92845,CUST-83924,24,Evening (17-20h),Not Interested,0,AGT-009,False
CALL-88291,CUST-83924,116,Morning (8-11h),Success,350000,AGT-001,True
CALL-47867,CUST-83924,207,Afternoon (13-17h),Success,2000000,AGT-017,False
CALL-23610,CUST-83924,259,Noon (11-13h),Success,972000,AGT-006,False
CALL-21990,CUST-83924,91,Afternoon (13-17h),No Answer,0,AGT-006,False
CALL-35257,CUST-91192,287,Afternoon (13-17h),Success,1542000,AGT-010,False
CALL-62847,CUST-91192,21,Afternoon (13-17h),No Answer,0,AGT-006,False
CALL-60612,CUST-91192,209,Noon (11-13h),Not Interested,0,AGT-013,False
CALL-74488,CUST-91192,112,Noon (11-13h),Call Back Later,0,AGT-002,True
CALL-44197,CUST-91192,20,Morning (8-11h),Call Back Later,0,AGT-001,True
CALL-15339,CUST-91192,253,Noon (11-13h),Success,1354000,AGT-002,False
CALL-58632,CUST-91192,114,Noon (11-13h),Success,463000,AGT-005,True
CALL-14681,CUST-91192,220,Evening (17-20h),Success,415000,AGT-009,False
CALL-23782,CUST-91192,104,Morning (8-11h),Call Back Later,0,AGT-018,True
CALL-15025,CUST-91192,102,Afternoon (13-17h),Not Interested,0,AGT-001,False
CALL-23425,CUST-93386,72,Evening (17-20h),Not Interested,0,AGT-004,False
CALL-49752,CUST-93386,118,Evening (17-20h),Success,791000,AGT-014,False
CALL-33740,CUST-64207,163,Afternoon (13-17h),Success,558000,AGT-011,False
CALL-48615,CUST-25815,108,Noon (11-13h),Call Back Later,0,AGT-008,True
CALL-57813,CUST-25815,36,Afternoon (13-17h),Call Back Later,0,AGT-001,True
CALL-51195,CUST-78737,154,Evening (17-20h),Success,434000,AGT-006,False
CALL-78733,CUST-78737,154,Afternoon (13-17h),Success,509000,AGT-002,False
CALL-13002,CUST-78737,35,Noon (11-13h),Not Interested,0,AGT-004,False
CALL-32461,CUST-44208,66,Morning (8-11h),Call Back Later,0,AGT-001,True
CALL-14154,CUST-44208,32,Afternoon (13-17h),No Answer,0,AGT-005,False
CALL-36976,CUST-44208,120,Morning (8-11h),Success,1024000,AGT-005,False
CALL-62608,CUST-59648,188,Noon (11-13h),Success,1357000,AGT-001,True
CALL-27918,CUST-59648,171,Afternoon (13-17h),Call Back Later,0,AGT-001,True
CALL-88833,CUST-59648,24,Morning (8-11h),Success,1396000,AGT-004,False
CALL-76485,CUST-59648,115,Morning (8-11h),Success,373000,AGT-002,False
CALL-42341,CUST-59648,43,Afternoon (13-17h),No Answer,0,AGT-002,False
CALL-40490,CUST-48546,30,Morning (8-11h),Success,350000,AGT-011,False
CALL-73044,CUST-48546,115,Evening (17-20h),Success,543000,AGT-001,True
CALL-27683,CUST-48546,74,Evening (17-20h),Success,2015000,AGT-001,False
CALL-57630,CUST-48546,367,Evening (17-20h),Call Back Later,0,AGT-004,True
CALL-32697,CUST-15955,394,Morning (8-11h),Success,1555000,AGT-010,False
CALL-50235,CUST-15955,187,Morning (8-11h),Call Back Later,0,AGT-006,True
CALL-96951,CUST-82127,70,Morning (8-11h),Success,804000,AGT-016,False
CALL-20359,CUST-38080,15,Evening (17-20h),Not Interested,0,AGT-010,False
CALL-59453,CUST-38080,67,Evening (17-20h),Call Back Later,0,AGT-004,True
CALL-22421,CUST-38080,209,Morning (8-11h),Success,796000,AGT-003,False
CALL-91426,CUST-38080,81,Morning (8-11h),No Answer,0,AGT-015,False
CALL-94360,CUST-38080,23,Noon (11-13h),Not Interested,0,AGT-020,False
CALL-39959,CUST-38080,323,Morning (8-11h),Success,1204000,AGT-007,False
CALL-21103,CUST-38080,50,Morning (8-11h),No Answer,0,AGT-009,False
CALL-98687,CUST-38080,56,Morning (8-11h),No Answer,0,AGT-004,False
CALL-45121,CUST-38080,274,Afternoon (13-17h),Success,487000,AGT-006,False
CALL-86567,CUST-38080,135,Afternoon (13-17h),Success,2500000,AGT-008,False
CALL-12557,CUST-38080,141,Noon (11-13h),Success,443000,AGT-020,False
CALL-91871,CUST-38080,144,Morning (8-11h),Success,1835000,AGT-003,False
CALL-51811,CUST-38080,44,Afternoon (13-17h),No Answer,0,AGT-006,False
CALL-20232,CUST-38080,179,Afternoon (13-17h),Call Back Later,0,AGT-001,True
CALL-97363,CUST-38080,235,Noon (11-13h),Not Interested,0,AGT-016,False
CALL-90311,CUST-38080,123,Morning (8-11h),Success,602000,AGT-019,False
CALL-68631,CUST-38080,98,Evening (17-20h),Not Interested,0,AGT-006,False
CALL-81692,CUST-38080,290,Morning (8-11h),Not Interested,0,AGT-003,False
CALL-27090,CUST-38080,217,Afternoon (13-17h),Success,784000,AGT-012,False
CALL-52215,CUST-38080,52,Afternoon (13-17h),Success,986000,AGT-001,False
CALL-13850,CUST-38080,198,Afternoon (13-17h),Success,841000,AGT-006,False
CALL-96518,CUST-38080,101,Morning (8-11h),Call Back Later,0,AGT-003,True
CALL-56260,CUST-38080,141,Afternoon (13-17h),Success,1080000,AGT-001,False
CALL-45030,CUST-38080,378,Afternoon (13-17h),Success,1301000,AGT-001,True
CALL-58277,CUST-38080,23,Morning (8-11h),Not Interested,0,AGT-010,False
CALL-87605,CUST-38080,10,Afternoon (13-17h),No Answer,0,AGT-005,False
CALL-96709,CUST-23220,66,Afternoon (13-17h),Success,471000,AGT-017,False
CALL-18139,CUST-70707,99,Afternoon (13-17h),Call Back Later,0,AGT-006,True
CALL-67179,CUST-70707,56,Morning (8-11h),No Answer,0,AGT-001,False
CALL-78841,CUST-70707,182,Noon (11-13h),Success,2500000,AGT-003,False
CALL-83404,CUST-70889,162,Noon (11-13h),Success,893000,AGT-003,False
CALL-83103,CUST-70229,118,Morning (8-11h),Call Back Later,0,AGT-004,True
CALL-32810,CUST-38154,149,Evening (17-20h),Success,1728000,AGT-004,False
CALL-81880,CUST-12040,144,Noon (11-13h),Call Back Later,0,AGT-001,True
CALL-62075,CUST-12040,308,Noon (11-13h),Not Interested,0,AGT-004,False
CALL-14566,CUST-12040,47,Afternoon (13-17h),Not Interested,0,AGT-008,False
CALL-97183,CUST-12040,137,Evening (17-20h),No Answer,0,AGT-001,True
CALL-56670,CUST-49454,270,Noon (11-13h),Success,1003000,AGT-001,False
CALL-96541,CUST-49454,94,Evening (17-20h),Success,1034000,AGT-007,False
CALL-46335,CUST-49454,116,Evening (17-20h),Call Back Later,0,AGT-006,True
CALL-80653,CUST-49454,212,Noon (11-13h),Success,688000,AGT-008,False
CALL-88853,CUST-49454,13,Afternoon (13-17h),No Answer,0,AGT-009,False
CALL-28177,CUST-49454,237,Afternoon (13-17h),Success,949000,AGT-013,False
CALL-74841,CUST-46760,154,Morning (8-11h),Success,972000,AGT-004,True
CALL-14122,CUST-91540,196,Evening (17-20h),Success,1324000,AGT-010,False
CALL-15052,CUST-91540,186,Afternoon (13-17h),Success,1085000,AGT-001,False
CALL-70918,CUST-28116,27,Afternoon (13-17h),Success,872000,AGT-001,True
CALL-78709,CUST-28116,30,Afternoon (13-17h),No Answer,0,AGT-001,False
CALL-10020,CUST-28116,7,Morning (8-11h),No Answer,0,AGT-010,False
CALL-48580,CUST-28116,26,Afternoon (13-17h),No Answer,0,AGT-016,False
CALL-48291,CUST-28116,43,Evening (17-20h),Not Interested,0,AGT-001,False
CALL-64397,CUST-39420,120,Afternoon (13-17h),Success,912000,AGT-004,False
CALL-44796,CUST-39420,281,Afternoon (13-17h),Success,671000,AGT-006,False
CALL-65547,CUST-39420,88,Afternoon (13-17h),No Answer,0,AGT-015,False
CALL-51522,CUST-39420,111,Afternoon (13-17h),Success,853000,AGT-002,False
CALL-46084,CUST-39420,104,Noon (11-13h),No Answer,0,AGT-008,False
CALL-31958,CUST-39420,166,Noon (11-13h),Success,487000,AGT-013,False
CALL-17159,CUST-39420,65,Noon (11-13h),Success,1240000,AGT-001,False
CALL-37467,CUST-39420,108,Evening (17-20h),Not Interested,0,AGT-002,False
CALL-27755,CUST-39420,222,Afternoon (13-17h),Success,499000,AGT-001,False
CALL-46047,CUST-39420,288,Morning (8-11h),Success,1205000,AGT-009,False
CALL-35558,CUST-96332,273,Morning (8-11h),Success,1075000,AGT-002,False
CALL-36001,CUST-96332,247,Morning (8-11h),Success,1242000,AGT-001,False
CALL-68042,CUST-23229,262,Evening (17-20h),Success,1667000,AGT-001,False
CALL-48619,CUST-23229,118,Morning (8-11h),No Answer,0,AGT-008,False
CALL-61265,CUST-23229,63,Afternoon (13-17h),Success,949000,AGT-006,False
CALL-57197,CUST-23229,149,Afternoon (13-17h),Success,782000,AGT-002,False
CALL-76594,CUST-23229,164,Afternoon (13-17h),Call Back Later,0,AGT-016,True
CALL-52896,CUST-23229,92,Noon (11-13h),Success,748000,AGT-001,True
CALL-66468,CUST-23229,67,Morning (8-11h),Not Interested,0,AGT-002,False
CALL-23547,CUST-40098,267,Morning (8-11h),Success,918000,AGT-005,False
CALL-89250,CUST-40098,114,Morning (8-11h),Success,392000,AGT-018,False
CALL-28232,CUST-40098,87,Morning (8-11h),Call Back Later,0,AGT-015,True
CALL-90224,CUST-40098,94,Afternoon (13-17h),No Answer,0,AGT-010,False
CALL-72885,CUST-32064,134,Morning (8-11h),Success,2095000,AGT-004,False
CALL-56874,CUST-24276,64,Afternoon (13-17h),Call Back Later,0,AGT-004,True
CALL-57676,CUST-24276,161,Evening (17-20h),Success,2006000,AGT-009,False
CALL-76941,CUST-24276,5,Afternoon (13-17h),Not Interested,0,AGT-008,False
CALL-11649,CUST-24276,34,Evening (17-20h),Success,540000,AGT-003,False
CALL-99321,CUST-94254,84,Afternoon (13-17h),Not Interested,0,AGT-015,False
CALL-66021,CUST-94254,170,Afternoon (13-17h),Success,1095000,AGT-012,False
CALL-79774,CUST-94254,85,Morning (8-11h),Success,1254000,AGT-020,False
CALL-45148,CUST-15356,232,Afternoon (13-17h),Not Interested,0,AGT-003,False
CALL-74113,CUST-21353,285,Afternoon (13-17h),Call Back Later,0,AGT-001,True
CALL-35127,CUST-34918,104,Morning (8-11h),Call Back Later,0,AGT-001,True
CALL-81862,CUST-34918,51,Afternoon (13-17h),No Answer,0,AGT-007,False
CALL-91993,CUST-18679,107,Noon (11-13h),No Answer,0,AGT-001,False
CALL-54729,CUST-18679,227,Evening (17-20h),Success,350000,AGT-010,False
CALL-17737,CUST-97402,47,Morning (8-11h),Call Back Later,0,AGT-018,True
CALL-82516,CUST-69731,184,Noon (11-13h),Call Back Later,0,AGT-001,True
CALL-59616,CUST-69731,102,Noon (11-13h),No Answer,0,AGT-015,False
CALL-65393,CUST-69731,193,Afternoon (13-17h),Success,1687000,AGT-002,False
CALL-21216,CUST-69731,160,Noon (11-13h),Success,833000,AGT-006,False
CALL-65219,CUST-69731,70,Morning (8-11h),Success,483000,AGT-002,False
CALL-62458,CUST-69731,103,Noon (11-13h),No Answer,0,AGT-002,False
CALL-59846,CUST-69731,166,Morning (8-11h),Success,827000,AGT-013,False
CALL-78815,CUST-69731,220,Morning (8-11h),Success,2022000,AGT-002,False
CALL-63976,CUST-69731,102,Evening (17-20h),Not Interested,0,AGT-013,False
CALL-95762,CUST-69731,226,Afternoon (13-17h),Success,1219000,AGT-002,False
CALL-32771,CUST-69731,408,Afternoon (13-17h),Success,584000,AGT-002,True
CALL-22336,CUST-93493,237,Noon (11-13h),Call Back Later,0,AGT-011,True
CALL-26663,CUST-93493,115,Evening (17-20h),Success,1272000,AGT-002,False
CALL-93094,CUST-93493,112,Afternoon (13-17h),Not Interested,0,AGT-001,False
CALL-55796,CUST-93493,29,Evening (17-20h),Success,2500000,AGT-002,False
CALL-36772,CUST-93493,99,Afternoon (13-17h),Call Back Later,0,AGT-012,True
CALL-36880,CUST-93493,185,Afternoon (13-17h),Success,1229000,AGT-007,False
CALL-55642,CUST-34138,220,Afternoon (13-17h),Call Back Later,0,AGT-003,True
CALL-87545,CUST-34138,45,Afternoon (13-17h),Not Interested,0,AGT-005,False
CALL-62801,CUST-34138,158,Noon (11-13h),Success,1230000,AGT-001,True
CALL-77242,CUST-34138,256,Morning (8-11h),Call Back Later,0,AGT-002,True
CALL-46796,CUST-41792,43,Noon (11-13h),No Answer,0,AGT-001,True
CALL-85308,CUST-41792,143,Afternoon (13-17h),Call Back Later,0,AGT-002,True
CALL-99773,CUST-91588,73,Morning (8-11h),Call Back Later,0,AGT-002,True
CALL-39530,CUST-91588,35,Evening (17-20h),No Answer,0,AGT-004,False
CALL-69517,CUST-91588,104,Afternoon (13-17h),Success,1617000,AGT-007,False
CALL-46051,CUST-83630,25,Afternoon (13-17h),Success,2129000,AGT-006,True
CALL-68405,CUST-83630,71,Afternoon (13-17h),Success,616000,AGT-011,False
CALL-84359,CUST-83630,121,Afternoon (13-17h),Success,642000,AGT-002,False
CALL-75503,CUST-93074,221,Evening (17-20h),Call Back Later,0,AGT-001,True
CALL-18533,CUST-26346,46,Afternoon (13-17h),No Answer,0,AGT-009,False
CALL-61230,CUST-86196,93,Evening (17-20h),No Answer,0,AGT-001,False
CALL-87132,CUST-86196,224,Afternoon (13-17h),No Answer,0,AGT-001,False
CALL-56462,CUST-86196,60,Afternoon (13-17h),No Answer,0,AGT-010,False
CALL-99081,CUST-27038,37,Noon (11-13h),No Answer,0,AGT-014,False
CALL-55287,CUST-27038,280,Afternoon (13-17h),Success,1013000,AGT-001,True
CALL-87453,CUST-19325,110,Morning (8-11h),Success,1570000,AGT-002,False
CALL-20221,CUST-19325,231,Noon (11-13h),Call Back Later,0,AGT-003,True
CALL-93141,CUST-19325,69,Morning (8-11h),Success,1953000,AGT-003,False
CALL-24529,CUST-19325,189,Noon (11-13h),Success,1655000,AGT-016,False
CALL-88758,CUST-19325,228,Afternoon (13-17h),Success,505000,AGT-002,False
CALL-73751,CUST-19325,75,Morning (8-11h),Call Back Later,0,AGT-020,True
CALL-46730,CUST-19325,181,Evening (17-20h),Success,1877000,AGT-002,False
CALL-60744,CUST-19325,64,Morning (8-11h),Success,1162000,AGT-001,False
CALL-17715,CUST-52210,276,Morning (8-11h),Success,696000,AGT-003,False
CALL-81442,CUST-52210,64,Evening (17-20h),Success,756000,AGT-004,False
CALL-15919,CUST-52210,288,Evening (17-20h),Success,1498000,AGT-007,False
CALL-20742,CUST-52210,157,Morning (8-11h),Success,758000,AGT-007,False
CALL-50358,CUST-52210,95,Evening (17-20h),Success,1732000,AGT-002,False
CALL-40689,CUST-52210,314,Afternoon (13-17h),Success,827000,AGT-018,False
CALL-21964,CUST-52210,72,Afternoon (13-17h),Success,2098000,AGT-001,True
CALL-66169,CUST-52210,404,Evening (17-20h),Success,1757000,AGT-006,False
CALL-38774,CUST-52210,182,Afternoon (13-17h),Not Interested,0,AGT-007,False
CALL-10487,CUST-95860,40,Morning (8-11h),Not Interested,0,AGT-002,False
CALL-75527,CUST-95860,84,Morning (8-11h),Success,432000,AGT-011,False
CALL-67003,CUST-95860,99,Noon (11-13h),Not Interested,0,AGT-002,False
CALL-24052,CUST-95860,412,Noon (11-13h),Success,906000,AGT-002,True
CALL-87371,CUST-95860,265,Afternoon (13-17h),Call Back Later,0,AGT-008,True
CALL-77132,CUST-95860,222,Morning (8-11h),Success,350000,AGT-006,False
CALL-59730,CUST-95860,74,Afternoon (13-17h),Success,1752000,AGT-010,False
CALL-20808,CUST-95860,107,Afternoon (13-17h),Success,887000,AGT-005,False
CALL-11230,CUST-95860,186,Afternoon (13-17h),No Answer,0,AGT-001,False
CALL-28287,CUST-95860,193,Afternoon (13-17h),Success,768000,AGT-003,False
CALL-13540,CUST-95860,112,Afternoon (13-17h),Not Interested,0,AGT-005,False
CALL-76156,CUST-95860,102,Noon (11-13h),Not Interested,0,AGT-017,False
CALL-59533,CUST-95860,187,Afternoon (13-17h),Call Back Later,0,AGT-003,True
CALL-79853,CUST-60108,315,Morning (8-11h),Call Back Later,0,AGT-001,True
CALL-71059,CUST-60108,26,Afternoon (13-17h),Call Back Later,0,AGT-017,True
CALL-83786,CUST-60108,189,Afternoon (13-17h),Success,529000,AGT-015,False
CALL-91688,CUST-87278,82,Evening (17-20h),Not Interested,0,AGT-006,False
CALL-95790,CUST-87278,56,Morning (8-11h),Success,1288000,AGT-006,False
CALL-14330,CUST-87278,32,Morning (8-11h),Not Interested,0,AGT-019,False
CALL-64094,CUST-57510,61,Evening (17-20h),Not Interested,0,AGT-001,False
CALL-46195,CUST-35406,126,Noon (11-13h),Success,2076000,AGT-009,False
CALL-15948,CUST-35406,103,Afternoon (13-17h),Not Interested,0,AGT-001,False
CALL-80890,CUST-35406,113,Evening (17-20h),Not Interested,0,AGT-001,False
CALL-18101,CUST-35406,110,Afternoon (13-17h),Success,968000,AGT-001,False
CALL-28308,CUST-19914,174,Morning (8-11h),Success,1074000,AGT-001,False
CALL-85074,CUST-70808,186,Morning (8-11h),Success,350000,AGT-001,True
CALL-73259,CUST-70808,45,Noon (11-13h),Not Interested,0,AGT-006,False
CALL-67638,CUST-70808,90,Afternoon (13-17h),Not Interested,0,AGT-009,False
CALL-66479,CUST-70808,391,Evening (17-20h),Success,2500000,AGT-012,False
CALL-99934,CUST-78829,47,Morning (8-11h),Not Interested,0,AGT-002,False
CALL-55989,CUST-78829,142,Noon (11-13h),Success,2009000,AGT-003,False
CALL-59961,CUST-78829,201,Afternoon (13-17h),Not Interested,0,AGT-002,False
CALL-11517,CUST-78829,256,Evening (17-20h),Success,1153000,AGT-003,False
CALL-12519,CUST-78829,170,Evening (17-20h),Success,531000,AGT-019,False
CALL-26407,CUST-78829,95,Afternoon (13-17h),Success,399000,AGT-003,False
CALL-74769,CUST-78829,72,Morning (8-11h),Success,483000,AGT-004,True
CALL-11674,CUST-78829,167,Noon (11-13h),No Answer,0,AGT-014,False
CALL-17406,CUST-43825,214,Afternoon (13-17h),Success,850000,AGT-005,False
CALL-46078,CUST-43825,305,Morning (8-11h),Success,630000,AGT-004,False
CALL-26234,CUST-69539,272,Noon (11-13h),Call Back Later,0,AGT-001,True
CALL-56205,CUST-69539,227,Morning (8-11h),Success,1284000,AGT-009,False
CALL-25335,CUST-69539,35,Morning (8-11h),Not Interested,0,AGT-009,False
CALL-31377,CUST-69539,46,Afternoon (13-17h),Success,876000,AGT-016,False
CALL-63676,CUST-69539,532,Afternoon (13-17h),Call Back Later,0,AGT-006,True
CALL-45136,CUST-82988,112,Morning (8-11h),Not Interested,0,AGT-001,False
CALL-14277,CUST-82988,155,Evening (17-20h),Success,350000,AGT-013,False
CALL-91384,CUST-82988,11,Afternoon (13-17h),Not Interested,0,AGT-001,False
CALL-48836,CUST-82988,236,Afternoon (13-17h),Success,660000,AGT-002,False
CALL-45449,CUST-82988,131,Afternoon (13-17h),No Answer,0,AGT-006,False
CALL-78315,CUST-35747,127,Morning (8-11h),Success,858000,AGT-005,False
CALL-98470,CUST-35747,502,Evening (17-20h),Success,807000,AGT-008,False
CALL-50659,CUST-35747,171,Afternoon (13-17h),Success,1805000,AGT-006,False
CALL-39732,CUST-35747,104,Morning (8-11h),Success,1196000,AGT-006,False
CALL-53847,CUST-35747,128,Morning (8-11h),Success,1742000,AGT-006,False
CALL-78308,CUST-18909,76,Evening (17-20h),Call Back Later,0,AGT-002,True
CALL-97094,CUST-18909,51,Evening (17-20h),Success,776000,AGT-016,False
CALL-14447,CUST-18909,110,Afternoon (13-17h),Call Back Later,0,AGT-002,True
CALL-88881,CUST-18909,28,Afternoon (13-17h),No Answer,0,AGT-004,False
CALL-88466,CUST-18909,90,Afternoon (13-17h),Success,2373000,AGT-016,False
CALL-28379,CUST-18909,8,Afternoon (13-17h),No Answer,0,AGT-001,False
CALL-89647,CUST-18909,230,Evening (17-20h),Success,350000,AGT-005,False
CALL-40851,CUST-18909,423,Afternoon (13-17h),No Answer,0,AGT-001,False
CALL-20653,CUST-24113,110,Morning (8-11h),Call Back Later,0,AGT-011,True
CALL-77747,CUST-13637,56,Noon (11-13h),Not Interested,0,AGT-004,False
CALL-93397,CUST-41828,142,Afternoon (13-17h),Success,1131000,AGT-016,False
CALL-58348,CUST-41828,254,Evening (17-20h),Success,350000,AGT-003,False
CALL-27946,CUST-41828,67,Afternoon (13-17h),No Answer,0,AGT-017,False
CALL-40682,CUST-41828,189,Afternoon (13-17h),Success,589000,AGT-004,False
CALL-55329,CUST-41828,31,Afternoon (13-17h),Call Back Later,0,AGT-020,True
CALL-18308,CUST-41828,140,Afternoon (13-17h),Success,799000,AGT-002,False
CALL-42501,CUST-80739,201,Afternoon (13-17h),Success,455000,AGT-005,False
CALL-28345,CUST-59434,24,Evening (17-20h),Not Interested,0,AGT-006,False
CALL-85522,CUST-59434,203,Afternoon (13-17h),Success,383000,AGT-011,False
CALL-52913,CUST-59434,101,Afternoon (13-17h),Success,1941000,AGT-001,False
CALL-56176,CUST-71728,335,Afternoon (13-17h),Success,464000,AGT-009,False
CALL-58037,CUST-71728,138,Evening (17-20h),Success,815000,AGT-003,False
CALL-55235,CUST-71728,212,Afternoon (13-17h),Success,571000,AGT-003,False
CALL-67642,CUST-71728,393,Morning (8-11h),Success,1518000,AGT-001,True
CALL-18687,CUST-81450,101,Morning (8-11h),No Answer,0,AGT-001,False
CALL-99637,CUST-87733,16,Afternoon (13-17h),No Answer,0,AGT-007,False
CALL-17748,CUST-87733,55,Afternoon (13-17h),Call Back Later,0,AGT-001,True
CALL-11662,CUST-87733,124,Evening (17-20h),Success,388000,AGT-001,False
CALL-89972,CUST-87733,557,Morning (8-11h),Success,350000,AGT-016,True
CALL-68755,CUST-87733,329,Afternoon (13-17h),No Answer,0,AGT-001,False
CALL-94270,CUST-87733,68,Noon (11-13h),Not Interested,0,AGT-001,False
CALL-89845,CUST-62265,98,Morning (8-11h),Success,737000,AGT-005,False
CALL-76851,CUST-62265,195,Noon (11-13h),Success,715000,AGT-002,False
CALL-56242,CUST-62265,287,Morning (8-11h),Success,1219000,AGT-003,False
CALL-20208,CUST-79141,26,Afternoon (13-17h),No Answer,0,AGT-007,False
CALL-61392,CUST-79141,197,Evening (17-20h),Success,350000,AGT-002,False
CALL-69501,CUST-69649,125,Evening (17-20h),Success,560000,AGT-001,False
CALL-55716,CUST-69649,20,Afternoon (13-17h),No Answer,0,AGT-001,False
CALL-60087,CUST-69649,87,Evening (17-20h),Call Back Later,0,AGT-001,True
CALL-47385,CUST-69649,73,Evening (17-20h),Not Interested,0,AGT-005,False
CALL-72085,CUST-21083,71,Morning (8-11h),Not Interested,0,AGT-001,False
CALL-96537,CUST-21083,286,Morning (8-11h),Success,1269000,AGT-003,True
CALL-44763,CUST-21083,161,Evening (17-20h),Success,840000,AGT-001,False
CALL-48170,CUST-21083,88,Afternoon (13-17h),Call Back Later,0,AGT-020,True
CALL-15488,CUST-21083,72,Afternoon (13-17h),Not Interested,0,AGT-014,False
CALL-25385,CUST-21083,144,Afternoon (13-17h),Success,475000,AGT-012,False
CALL-59274,CUST-21083,83,Morning (8-11h),Not Interested,0,AGT-009,False
CALL-71120,CUST-64858,203,Afternoon (13-17h),Not Interested,0,AGT-018,False
CALL-24512,CUST-90188,105,Noon (11-13h),Not Interested,0,AGT-002,False
CALL-23805,CUST-90188,14,Afternoon (13-17h),Not Interested,0,AGT-017,False
CALL-59298,CUST-90188,28,Morning (8-11h),Not Interested,0,AGT-004,False
CALL-82045,CUST-90188,63,Noon (11-13h),Success,350000,AGT-001,False
CALL-71808,CUST-28730,104,Morning (8-11h),Success,398000,AGT-006,False
CALL-17143,CUST-57985,161,Afternoon (13-17h),Not Interested,0,AGT-011,False
CALL-92512,CUST-57985,152,Afternoon (13-17h),Success,560000,AGT-010,False
CALL-96615,CUST-57985,355,Afternoon (13-17h),Success,1555000,AGT-003,True
CALL-21929,CUST-57985,5,Afternoon (13-17h),Not Interested,0,AGT-004,False
CALL-17865,CUST-57985,5,Afternoon (13-17h),No Answer,0,AGT-008,False
CALL-19564,CUST-72660,23,Evening (17-20h),Call Back Later,0,AGT-003,True
CALL-58107,CUST-72660,50,Morning (8-11h),Call Back Later,0,AGT-013,True
CALL-99595,CUST-72660,210,Morning (8-11h),Success,2228000,AGT-003,False
CALL-53829,CUST-72660,143,Morning (8-11h),Success,404000,AGT-001,False
CALL-15039,CUST-72660,23,Afternoon (13-17h),No Answer,0,AGT-001,False
CALL-17701,CUST-72660,50,Afternoon (13-17h),Call Back Later,0,AGT-001,True
CALL-94502,CUST-55597,54,Evening (17-20h),Call Back Later,0,AGT-006,True
CALL-22131,CUST-55597,42,Evening (17-20h),No Answer,0,AGT-001,True
CALL-64677,CUST-55597,83,Noon (11-13h),Success,1785000,AGT-003,False
CALL-55423,CUST-55597,67,Evening (17-20h),Not Interested,0,AGT-004,False
CALL-15554,CUST-55597,72,Morning (8-11h),Not Interested,0,AGT-001,False
CALL-72580,CUST-55597,26,Morning (8-11h),Call Back Later,0,AGT-005,True
CALL-99206,CUST-55597,161,Afternoon (13-17h),Call Back Later,0,AGT-010,True
CALL-68071,CUST-55597,107,Noon (11-13h),Success,439000,AGT-009,False
CALL-90431,CUST-55597,62,Afternoon (13-17h),No Answer,0,AGT-001,False
CALL-26389,CUST-55597,33,Evening (17-20h),Not Interested,0,AGT-003,False
CALL-36041,CUST-55597,77,Afternoon (13-17h),Not Interested,0,AGT-002,False
CALL-59035,CUST-55597,15,Evening (17-20h),Not Interested,0,AGT-001,False
CALL-12136,CUST-38078,145,Noon (11-13h),Success,363000,AGT-010,False
CALL-49882,CUST-38078,154,Morning (8-11h),Success,790000,AGT-013,True
CALL-15526,CUST-22752,103,Afternoon (13-17h),No Answer,0,AGT-002,False
CALL-95824,CUST-22752,343,Evening (17-20h),Call Back Later,0,AGT-002,True
CALL-45026,CUST-22752,158,Afternoon (13-17h),Success,500000,AGT-002,False
CALL-91861,CUST-22752,195,Afternoon (13-17h),No Answer,0,AGT-008,False
CALL-46905,CUST-22752,150,Evening (17-20h),Success,733000,AGT-019,False
CALL-34184,CUST-22752,151,Afternoon (13-17h),Success,543000,AGT-007,False
CALL-58367,CUST-44639,122,Afternoon (13-17h),Success,1075000,AGT-020,False
CALL-30954,CUST-24025,190,Afternoon (13-17h),Success,502000,AGT-003,False
CALL-37381,CUST-24025,114,Noon (11-13h),Success,587000,AGT-001,False
CALL-25437,CUST-22227,37,Afternoon (13-17h),Not Interested,0,AGT-007,False
CALL-76668,CUST-74562,208,Evening (17-20h),Success,564000,AGT-002,False
CALL-54938,CUST-74562,147,Noon (11-13h),No Answer,0,AGT-011,False
CALL-58008,CUST-74562,41,Afternoon (13-17h),Success,581000,AGT-002,False
CALL-11881,CUST-74562,98,Afternoon (13-17h),Call Back Later,0,AGT-005,True
CALL-34400,CUST-74562,20,Noon (11-13h),Not Interested,0,AGT-003,False
CALL-43548,CUST-74562,279,Afternoon (13-17h),No Answer,0,AGT-010,False
CALL-94897,CUST-74562,139,Noon (11-13h),Call Back Later,0,AGT-015,True
CALL-49194,CUST-74562,30,Noon (11-13h),Call Back Later,0,AGT-001,True
CALL-69369,CUST-44836,88,Afternoon (13-17h),Success,500000,AGT-020,False
CALL-32575,CUST-44836,38,Morning (8-11h),Not Interested,0,AGT-008,False
CALL-61041,CUST-75287,66,Afternoon (13-17h),Success,825000,AGT-011,False
CALL-67031,CUST-75287,152,Morning (8-11h),Success,1090000,AGT-001,False
CALL-42619,CUST-67042,203,Afternoon (13-17h),Success,1198000,AGT-002,False
CALL-89002,CUST-11982,32,Afternoon (13-17h),Success,828000,AGT-020,False
CALL-33685,CUST-11982,279,Afternoon (13-17h),Success,1147000,AGT-004,False
CALL-74615,CUST-11982,239,Noon (11-13h),Success,1324000,AGT-001,False
CALL-12232,CUST-11982,74,Afternoon (13-17h),Success,353000,AGT-002,False
CALL-26431,CUST-11982,54,Morning (8-11h),Not Interested,0,AGT-018,False
CALL-47026,CUST-11982,184,Noon (11-13h),Success,1423000,AGT-001,False
CALL-37071,CUST-13106,500,Evening (17-20h),Success,350000,AGT-007,False
CALL-52090,CUST-13106,107,Afternoon (13-17h),Success,462000,AGT-007,True
CALL-43874,CUST-13106,69,Morning (8-11h),Success,2014000,AGT-003,False
CALL-78359,CUST-13106,62,Morning (8-11h),Success,703000,AGT-007,False
CALL-88801,CUST-13106,5,Morning (8-11h),Not Interested,0,AGT-005,False
CALL-54410,CUST-49441,48,Noon (11-13h),Not Interested,0,AGT-019,False
CALL-91917,CUST-49441,212,Afternoon (13-17h),Success,1108000,AGT-011,False
CALL-58001,CUST-49512,260,Afternoon (13-17h),Success,653000,AGT-014,False
CALL-23093,CUST-49512,73,Morning (8-11h),Not Interested,0,AGT-001,False
CALL-66377,CUST-49512,97,Noon (11-13h),Call Back Later,0,AGT-003,True
CALL-67151,CUST-49512,49,Morning (8-11h),No Answer,0,AGT-005,False
CALL-76234,CUST-49512,52,Noon (11-13h),Not Interested,0,AGT-004,False
CALL-29929,CUST-83926,100,Noon (11-13h),No Answer,0,AGT-004,False
CALL-44245,CUST-83926,133,Morning (8-11h),Success,776000,AGT-018,False
CALL-70675,CUST-83926,356,Morning (8-11h),Success,520000,AGT-008,False
CALL-57734,CUST-83926,21,Morning (8-11h),Success,1738000,AGT-011,False
CALL-64312,CUST-83926,90,Morning (8-11h),Success,2070000,AGT-005,False
CALL-16267,CUST-83926,127,Morning (8-11h),Success,847000,AGT-007,False
CALL-92000,CUST-83926,81,Evening (17-20h),Success,493000,AGT-016,False
CALL-78089,CUST-83926,161,Afternoon (13-17h),Success,2355000,AGT-014,False
CALL-19767,CUST-83926,224,Afternoon (13-17h),Success,569000,AGT-001,False
CALL-21187,CUST-83926,83,Noon (11-13h),Success,975000,AGT-007,False
CALL-37876,CUST-83926,94,Morning (8-11h),Not Interested,0,AGT-008,False
CALL-32653,CUST-84526,64,Afternoon (13-17h),Success,503000,AGT-001,False
CALL-29225,CUST-84526,167,Noon (11-13h),Success,684000,AGT-007,False
CALL-99194,CUST-84526,44,Morning (8-11h),No Answer,0,AGT-013,False
CALL-14921,CUST-18487,211,Afternoon (13-17h),Success,1002000,AGT-002,False
CALL-89976,CUST-18487,56,Morning (8-11h),No Answer,0,AGT-002,False
CALL-19761,CUST-71709,139,Afternoon (13-17h),Not Interested,0,AGT-014,False
CALL-82611,CUST-71709,138,Morning (8-11h),Success,1091000,AGT-007,False
CALL-11193,CUST-71709,290,Afternoon (13-17h),Success,1502000,AGT-019,False
CALL-12353,CUST-71709,17,Afternoon (13-17h),No Answer,0,AGT-017,False
CALL-46683,CUST-71709,227,Afternoon (13-17h),Not Interested,0,AGT-001,True
CALL-66297,CUST-71709,45,Evening (17-20h),Call Back Later,0,AGT-002,True
CALL-69200,CUST-71709,222,Afternoon (13-17h),No Answer,0,AGT-001,False
CALL-26541,CUST-71709,39,Noon (11-13h),Not Interested,0,AGT-001,False
CALL-50067,CUST-65168,111,Afternoon (13-17h),Success,1857000,AGT-010,False
CALL-57293,CUST-65168,69,Morning (8-11h),Not Interested,0,AGT-007,False
CALL-61347,CUST-65168,208,Afternoon (13-17h),Success,693000,AGT-008,False
CALL-70824,CUST-65168,36,Evening (17-20h),No Answer,0,AGT-012,False
CALL-60021,CUST-92399,23,Morning (8-11h),Call Back Later,0,AGT-001,True
CALL-45262,CUST-92399,128,Afternoon (13-17h),Success,1036000,AGT-003,False
CALL-89352,CUST-92399,41,Morning (8-11h),Not Interested,0,AGT-003,False
CALL-63280,CUST-92399,152,Evening (17-20h),Success,656000,AGT-001,False
CALL-29073,CUST-20373,139,Afternoon (13-17h),Call Back Later,0,AGT-013,True
CALL-68502,CUST-20373,105,Afternoon (13-17h),No Answer,0,AGT-013,False
CALL-11227,CUST-20373,110,Morning (8-11h),Success,1421000,AGT-011,False
CALL-44616,CUST-26983,151,Afternoon (13-17h),Success,951000,AGT-001,False
CALL-50860,CUST-84523,97,Morning (8-11h),Call Back Later,0,AGT-002,True
CALL-59894,CUST-84523,61,Evening (17-20h),Call Back Later,0,AGT-002,True
CALL-65961,CUST-84523,92,Evening (17-20h),Success,1506000,AGT-016,True
CALL-19236,CUST-84523,91,Afternoon (13-17h),Not Interested,0,AGT-005,False
CALL-31398,CUST-84523,113,Afternoon (13-17h),Success,369000,AGT-001,False
CALL-89534,CUST-84523,426,Morning (8-11h),Call Back Later,0,AGT-001,True
CALL-25328,CUST-33817,91,Morning (8-11h),Not Interested,0,AGT-002,False
CALL-61190,CUST-33817,284,Afternoon (13-17h),Success,916000,AGT-009,False
CALL-77264,CUST-94469,228,Morning (8-11h),Not Interested,0,AGT-005,False
CALL-56394,CUST-94469,45,Morning (8-11h),Call Back Later,0,AGT-012,True
CALL-29869,CUST-94469,36,Morning (8-11h),No Answer,0,AGT-006,False
CALL-70616,CUST-94469,126,Noon (11-13h),Success,1157000,AGT-004,False
CALL-56621,CUST-18046,223,Noon (11-13h),Success,1080000,AGT-006,True
CALL-91804,CUST-18046,99,Morning (8-11h),Success,730000,AGT-013,False
CALL-32292,CUST-44919,128,Morning (8-11h),Success,1539000,AGT-009,False
CALL-73699,CUST-44919,122,Afternoon (13-17h),Not Interested,0,AGT-004,False
CALL-45062,CUST-44919,333,Evening (17-20h),Success,885000,AGT-011,False
CALL-92811,CUST-44919,209,Morning (8-11h),Success,685000,AGT-001,False
CALL-10592,CUST-44919,71,Afternoon (13-17h),Success,716000,AGT-001,True
CALL-80837,CUST-97071,24,Noon (11-13h),No Answer,0,AGT-008,False
CALL-99639,CUST-97071,106,Noon (11-13h),Not Interested,0,AGT-016,False
CALL-96618,CUST-97071,100,Afternoon (13-17h),Success,787000,AGT-002,False
CALL-72380,CUST-97071,567,Afternoon (13-17h),Success,597000,AGT-002,False
CALL-58329,CUST-97071,113,Morning (8-11h),Not Interested,0,AGT-015,False
CALL-58503,CUST-50828,115,Evening (17-20h),Not Interested,0,AGT-007,False
CALL-64818,CUST-50828,83,Morning (8-11h),Success,862000,AGT-009,False
CALL-51676,CUST-50828,79,Noon (11-13h),Call Back Later,0,AGT-004,True
CALL-18573,CUST-50828,208,Morning (8-11h),Success,1180000,AGT-018,False
CALL-92192,CUST-50828,194,Afternoon (13-17h),Success,1490000,AGT-007,False
CALL-15825,CUST-50828,92,Noon (11-13h),Call Back Later,0,AGT-001,True
CALL-71209,CUST-50828,171,Morning (8-11h),Success,606000,AGT-001,False
CALL-95067,CUST-50828,121,Noon (11-13h),Not Interested,0,AGT-007,False
CALL-55914,CUST-50814,129,Morning (8-11h),Success,912000,AGT-003,False
CALL-44023,CUST-99444,49,Afternoon (13-17h),Call Back Later,0,AGT-001,True
CALL-39301,CUST-83102,182,Afternoon (13-17h),Call Back Later,0,AGT-002,True
CALL-60921,CUST-83102,91,Afternoon (13-17h),No Answer,0,AGT-019,False
CALL-24503,CUST-83102,262,Afternoon (13-17h),Success,405000,AGT-002,False
CALL-85670,CUST-83102,29,Morning (8-11h),No Answer,0,AGT-013,False
CALL-31855,CUST-83102,85,Afternoon (13-17h),Success,616000,AGT-003,False
CALL-90632,CUST-83102,31,Afternoon (13-17h),Not Interested,0,AGT-001,False
CALL-29871,CUST-83102,218,Afternoon (13-17h),Not Interested,0,AGT-002,False
CALL-24931,CUST-65299,143,Afternoon (13-17h),Success,1015000,AGT-002,False
CALL-20339,CUST-65299,29,Morning (8-11h),Not Interested,0,AGT-017,False
CALL-10291,CUST-78834,122,Afternoon (13-17h),Success,683000,AGT-001,False
CALL-46412,CUST-78834,92,Noon (11-13h),Not Interested,0,AGT-002,False
CALL-11989,CUST-78834,82,Morning (8-11h),Success,922000,AGT-005,False
CALL-43479,CUST-78834,110,Morning (8-11h),No Answer,0,AGT-001,False
CALL-63499,CUST-78834,385,Morning (8-11h),Success,367000,AGT-003,False
CALL-14582,CUST-78834,390,Afternoon (13-17h),Call Back Later,0,AGT-001,True
CALL-65197,CUST-81359,124,Afternoon (13-17h),Success,534000,AGT-006,False
CALL-97163,CUST-81359,97,Morning (8-11h),Not Interested,0,AGT-002,False
CALL-67375,CUST-81359,26,Morning (8-11h),Not Interested,0,AGT-006,False
CALL-26618,CUST-81359,128,Morning (8-11h),Success,2500000,AGT-001,False
CALL-79170,CUST-86989,397,Afternoon (13-17h),Success,718000,AGT-013,False
CALL-69511,CUST-86989,153,Evening (17-20h),Success,988000,AGT-006,False
CALL-50314,CUST-86989,87,Morning (8-11h),Success,867000,AGT-001,False
CALL-27072,CUST-86989,45,Evening (17-20h),Not Interested,0,AGT-004,False
CALL-15802,CUST-86989,114,Morning (8-11h),No Answer,0,AGT-017,False
CALL-68776,CUST-15953,365,Afternoon (13-17h),Success,1359000,AGT-003,False
CALL-41916,CUST-15953,92,Afternoon (13-17h),Not Interested,0,AGT-012,False
CALL-56499,CUST-34897,253,Noon (11-13h),Success,1301000,AGT-002,False
CALL-37677,CUST-34897,99,Morning (8-11h),Not Interested,0,AGT-001,False
CALL-66118,CUST-34897,15,Afternoon (13-17h),Not Interested,0,AGT-013,False
CALL-29196,CUST-34897,22,Afternoon (13-17h),No Answer,0,AGT-001,True
CALL-70745,CUST-34897,183,Noon (11-13h),Success,350000,AGT-017,False
CALL-68541,CUST-34897,122,Morning (8-11h),Success,2265000,AGT-015,False
CALL-26134,CUST-34897,234,Evening (17-20h),Success,947000,AGT-012,False
CALL-61563,CUST-34897,106,Morning (8-11h),Success,1259000,AGT-001,False
CALL-68291,CUST-87795,247,Morning (8-11h),Success,1261000,AGT-012,False
CALL-41039,CUST-87795,174,Noon (11-13h),Success,876000,AGT-017,False
CALL-57193,CUST-99401,32,Noon (11-13h),No Answer,0,AGT-001,False
CALL-86835,CUST-99401,90,Afternoon (13-17h),Success,825000,AGT-014,False
CALL-67886,CUST-18272,66,Morning (8-11h),No Answer,0,AGT-015,False
CALL-75880,CUST-18272,43,Noon (11-13h),Not Interested,0,AGT-001,False
CALL-14919,CUST-83041,100,Evening (17-20h),Success,1490000,AGT-007,False
CALL-95493,CUST-83041,245,Evening (17-20h),Success,410000,AGT-012,False
CALL-18653,CUST-83041,71,Morning (8-11h),Not Interested,0,AGT-001,False
CALL-95277,CUST-83041,39,Afternoon (13-17h),Not Interested,0,AGT-002,False
CALL-94213,CUST-83041,215,Afternoon (13-17h),Success,1450000,AGT-020,True
CALL-81371,CUST-83041,122,Morning (8-11h),Not Interested,0,AGT-002,False
CALL-25421,CUST-15358,17,Afternoon (13-17h),Not Interested,0,AGT-001,False
CALL-39111,CUST-15358,162,Morning (8-11h),No Answer,0,AGT-020,False
CALL-98420,CUST-15358,165,Morning (8-11h),Success,1016000,AGT-002,False
CALL-96702,CUST-90305,106,Morning (8-11h),Success,1337000,AGT-008,False
CALL-15341,CUST-90305,29,Afternoon (13-17h),Call Back Later,0,AGT-011,True
CALL-65483,CUST-86400,63,Afternoon (13-17h),Success,2090000,AGT-001,False
CALL-74648,CUST-86400,82,Afternoon (13-17h),Success,1010000,AGT-005,False
CALL-15649,CUST-86400,107,Afternoon (13-17h),Success,732000,AGT-001,False
CALL-37794,CUST-86400,39,Noon (11-13h),Not Interested,0,AGT-015,False
CALL-53408,CUST-86400,194,Afternoon (13-17h),Call Back Later,0,AGT-001,True
CALL-22534,CUST-86400,404,Morning (8-11h),Call Back Later,0,AGT-012,True
CALL-14105,CUST-86400,48,Afternoon (13-17h),Success,796000,AGT-001,False
CALL-48233,CUST-34528,63,Afternoon (13-17h),Success,350000,AGT-003,False
CALL-51417,CUST-34528,58,Morning (8-11h),No Answer,0,AGT-015,False
CALL-95954,CUST-73684,600,Evening (17-20h),No Answer,0,AGT-017,False
CALL-49871,CUST-66625,137,Noon (11-13h),Success,689000,AGT-013,False
CALL-55668,CUST-66625,253,Morning (8-11h),Success,423000,AGT-015,False
CALL-96971,CUST-26847,150,Morning (8-11h),Success,683000,AGT-003,False
CALL-92543,CUST-26847,32,Evening (17-20h),Call Back Later,0,AGT-009,True
CALL-28731,CUST-38706,45,Afternoon (13-17h),No Answer,0,AGT-002,False
CALL-22092,CUST-38706,58,Afternoon (13-17h),Not Interested,0,AGT-016,False
CALL-40330,CUST-38706,64,Morning (8-11h),Not Interested,0,AGT-001,False
CALL-39607,CUST-66584,196,Afternoon (13-17h),Success,1669000,AGT-007,False
CALL-17350,CUST-66584,522,Afternoon (13-17h),Success,1977000,AGT-002,False
CALL-59812,CUST-66584,93,Noon (11-13h),Call Back Later,0,AGT-003,True
CALL-15364,CUST-66584,124,Afternoon (13-17h),Call Back Later,0,AGT-009,True
CALL-84672,CUST-66584,108,Morning (8-11h),Success,1124000,AGT-001,False
CALL-79565,CUST-78672,25,Noon (11-13h),Not Interested,0,AGT-003,False
CALL-72314,CUST-78672,300,Morning (8-11h),Call Back Later,0,AGT-001,True
CALL-18982,CUST-78672,177,Morning (8-11h),Call Back Later,0,AGT-019,True
CALL-63858,CUST-78672,98,Evening (17-20h),Success,525000,AGT-006,False
CALL-72533,CUST-78672,441,Morning (8-11h),Not Interested,0,AGT-001,False
CALL-84664,CUST-78672,18,Morning (8-11h),Not Interested,0,AGT-017,False
CALL-16445,CUST-78672,206,Morning (8-11h),Success,1139000,AGT-003,False
CALL-20781,CUST-78672,105,Noon (11-13h),No Answer,0,AGT-010,False
CALL-66170,CUST-78672,77,Morning (8-11h),Success,618000,AGT-002,False
CALL-53034,CUST-78672,72,Afternoon (13-17h),Success,1440000,AGT-007,False
CALL-49898,CUST-78672,95,Afternoon (13-17h),Call Back Later,0,AGT-017,True
CALL-99821,CUST-78672,86,Noon (11-13h),Success,465000,AGT-002,False
CALL-87031,CUST-78672,159,Evening (17-20h),Not Interested,0,AGT-001,False
CALL-22256,CUST-78672,135,Morning (8-11h),Not Interested,0,AGT-011,False
CALL-12683,CUST-78672,284,Morning (8-11h),Success,1095000,AGT-006,False
CALL-13751,CUST-51146,85,Morning (8-11h),No Answer,0,AGT-008,False
CALL-24244,CUST-51146,357,Afternoon (13-17h),Success,1032000,AGT-005,False
CALL-57349,CUST-68146,332,Noon (11-13h),Success,1826000,AGT-005,False
CALL-77745,CUST-15971,72,Evening (17-20h),Call Back Later,0,AGT-011,True
CALL-69599,CUST-15971,54,Morning (8-11h),Not Interested,0,AGT-004,True
CALL-71817,CUST-15971,207,Afternoon (13-17h),Success,684000,AGT-005,True
CALL-30640,CUST-15971,153,Morning (8-11h),Success,1268000,AGT-002,False
CALL-79180,CUST-15971,66,Evening (17-20h),No Answer,0,AGT-010,False
CALL-23510,CUST-15971,153,Afternoon (13-17h),Success,1064000,AGT-005,False
CALL-59302,CUST-94485,66,Morning (8-11h),Not Interested,0,AGT-011,False
CALL-35206,CUST-94485,135,Morning (8-11h),Not Interested,0,AGT-001,False
CALL-41571,CUST-12042,120,Afternoon (13-17h),Success,563000,AGT-002,False
CALL-68159,CUST-12042,75,Morning (8-11h),Success,822000,AGT-011,False
CALL-61770,CUST-17476,367,Morning (8-11h),Success,779000,AGT-002,False
CALL-10267,CUST-17476,386,Morning (8-11h),Success,1402000,AGT-001,False
CALL-29695,CUST-17476,89,Afternoon (13-17h),No Answer,0,AGT-017,False
CALL-30504,CUST-31488,310,Morning (8-11h),Success,350000,AGT-009,False
CALL-19967,CUST-31488,62,Noon (11-13h),Success,502000,AGT-004,False
CALL-41931,CUST-31488,17,Afternoon (13-17h),Not Interested,0,AGT-007,False
CALL-90672,CUST-31488,100,Morning (8-11h),Success,652000,AGT-014,False
CALL-75680,CUST-31488,94,Afternoon (13-17h),Not Interested,0,AGT-002,False
CALL-72535,CUST-31488,35,Noon (11-13h),Success,1119000,AGT-001,False
CALL-31361,CUST-14537,62,Afternoon (13-17h),Call Back Later,0,AGT-006,True
CALL-55342,CUST-14537,320,Afternoon (13-17h),Success,753000,AGT-002,False
CALL-19509,CUST-14537,128,Afternoon (13-17h),Success,560000,AGT-002,False
CALL-64945,CUST-14537,333,Afternoon (13-17h),Success,955000,AGT-015,False
CALL-40736,CUST-14537,160,Morning (8-11h),No Answer,0,AGT-001,False
CALL-38970,CUST-14537,198,Evening (17-20h),Call Back Later,0,AGT-005,True
CALL-33933,CUST-14537,164,Afternoon (13-17h),Call Back Later,0,AGT-003,True
CALL-79343,CUST-14537,147,Evening (17-20h),Success,1856000,AGT-007,True
CALL-65628,CUST-94024,90,Morning (8-11h),Success,583000,AGT-001,False
CALL-36352,CUST-79398,179,Afternoon (13-17h),Success,673000,AGT-006,False
CALL-36472,CUST-79398,187,Evening (17-20h),Success,350000,AGT-010,False
CALL-95825,CUST-79398,228,Evening (17-20h),Success,1206000,AGT-003,False
CALL-84940,CUST-79398,262,Noon (11-13h),Call Back Later,0,AGT-002,True
CALL-88666,CUST-31096,347,Evening (17-20h),Success,1179000,AGT-007,False
CALL-99437,CUST-31096,151,Afternoon (13-17h),Success,577000,AGT-018,False
CALL-71247,CUST-76981,168,Morning (8-11h),Call Back Later,0,AGT-020,True
CALL-50107,CUST-76981,141,Evening (17-20h),Success,1961000,AGT-001,False
CALL-21724,CUST-76981,337,Noon (11-13h),Success,350000,AGT-001,False
CALL-76617,CUST-76981,156,Morning (8-11h),Not Interested,0,AGT-006,False
CALL-98123,CUST-76981,154,Evening (17-20h),Success,402000,AGT-002,False
CALL-84315,CUST-76981,174,Afternoon (13-17h),No Answer,0,AGT-011,False
CALL-99077,CUST-76981,173,Noon (11-13h),Success,1622000,AGT-014,False
CALL-25116,CUST-48257,142,Afternoon (13-17h),Call Back Later,0,AGT-003,True
CALL-35314,CUST-48257,75,Morning (8-11h),No Answer,0,AGT-019,False
CALL-12771,CUST-48257,74,Afternoon (13-17h),Success,970000,AGT-002,False
CALL-40570,CUST-48257,35,Morning (8-11h),No Answer,0,AGT-001,False
CALL-69572,CUST-48257,103,Afternoon (13-17h),Not Interested,0,AGT-003,False
CALL-64470,CUST-48257,33,Noon (11-13h),Not Interested,0,AGT-012,False
CALL-64433,CUST-48257,13,Afternoon (13-17h),No Answer,0,AGT-016,False
CALL-32273,CUST-48257,248,Afternoon (13-17h),Call Back Later,0,AGT-012,True
CALL-52111,CUST-48257,75,Afternoon (13-17h),No Answer,0,AGT-015,False
CALL-44944,CUST-44867,268,Afternoon (13-17h),Success,981000,AGT-002,False
CALL-12153,CUST-14343,50,Afternoon (13-17h),No Answer,0,AGT-014,False
CALL-99877,CUST-14343,99,Evening (17-20h),No Answer,0,AGT-013,False
CALL-94536,CUST-14343,243,Noon (11-13h),Success,781000,AGT-009,False
CALL-89116,CUST-14343,183,Afternoon (13-17h),Call Back Later,0,AGT-015,True
CALL-93193,CUST-14343,27,Morning (8-11h),No Answer,0,AGT-002,False
CALL-21791,CUST-57121,38,Evening (17-20h),Call Back Later,0,AGT-004,True
CALL-21950,CUST-57121,120,Evening (17-20h),Call Back Later,0,AGT-002,True
CALL-24726,CUST-57121,44,Morning (8-11h),Call Back Later,0,AGT-006,True
CALL-95474,CUST-75759,157,Afternoon (13-17h),Success,467000,AGT-001,False
CALL-34528,CUST-75759,131,Afternoon (13-17h),Success,1045000,AGT-001,False
CALL-52198,CUST-20293,377,Noon (11-13h),No Answer,0,AGT-001,False
CALL-56800,CUST-20293,128,Morning (8-11h),Success,433000,AGT-002,False
CALL-18525,CUST-20293,70,Afternoon (13-17h),Call Back Later,0,AGT-001,True
CALL-34164,CUST-20293,55,Afternoon (13-17h),No Answer,0,AGT-014,False
CALL-97465,CUST-20293,68,Afternoon (13-17h),No Answer,0,AGT-015,False
CALL-51428,CUST-20293,273,Noon (11-13h),Success,1212000,AGT-006,False
CALL-51492,CUST-20293,124,Afternoon (13-17h),Success,1566000,AGT-002,False
CALL-51129,CUST-20293,99,Noon (11-13h),Not Interested,0,AGT-002,True
CALL-64477,CUST-20293,148,Morning (8-11h),Success,827000,AGT-004,False
CALL-44444,CUST-38336,32,Afternoon (13-17h),No Answer,0,AGT-017,True
CALL-18030,CUST-38336,153,Evening (17-20h),Success,952000,AGT-008,True
CALL-20086,CUST-38336,102,Morning (8-11h),Success,395000,AGT-015,False
CALL-97053,CUST-38336,93,Afternoon (13-17h),Not Interested,0,AGT-007,False
CALL-70251,CUST-38336,336,Noon (11-13h),Success,1288000,AGT-002,False
CALL-11913,CUST-38085,94,Morning (8-11h),Success,545000,AGT-001,False
CALL-32611,CUST-38085,109,Afternoon (13-17h),Not Interested,0,AGT-008,False
CALL-87776,CUST-38085,65,Noon (11-13h),Not Interested,0,AGT-006,False
CALL-81313,CUST-38085,198,Evening (17-20h),Success,1625000,AGT-003,False
CALL-18711,CUST-38085,41,Afternoon (13-17h),Not Interested,0,AGT-002,False
CALL-13511,CUST-38085,110,Noon (11-13h),No Answer,0,AGT-015,False
CALL-68393,CUST-25390,60,Evening (17-20h),Not Interested,0,AGT-007,False
CALL-72831,CUST-25390,252,Morning (8-11h),Success,580000,AGT-019,False
CALL-59494,CUST-25390,258,Evening (17-20h),Success,1056000,AGT-005,False
CALL-50677,CUST-13850,77,Afternoon (13-17h),Call Back Later,0,AGT-005,True
CALL-78277,CUST-13850,148,Afternoon (13-17h),Success,512000,AGT-008,False
CALL-23112,CUST-13850,116,Noon (11-13h),No Answer,0,AGT-010,False
CALL-99113,CUST-13850,85,Morning (8-11h),Success,753000,AGT-018,False
CALL-38801,CUST-13850,218,Evening (17-20h),Success,779000,AGT-001,False
CALL-32349,CUST-13850,73,Afternoon (13-17h),Success,473000,AGT-001,False
CALL-79822,CUST-13850,161,Afternoon (13-17h),Success,1441000,AGT-003,False
CALL-15536,CUST-13850,50,Afternoon (13-17h),Success,715000,AGT-007,False
CALL-43684,CUST-69392,488,Evening (17-20h),Success,765000,AGT-001,False
CALL-20854,CUST-23680,117,Morning (8-11h),No Answer,0,AGT-014,False
CALL-77472,CUST-23680,77,Afternoon (13-17h),No Answer,0,AGT-008,False
CALL-72055,CUST-23680,82,Afternoon (13-17h),Success,438000,AGT-008,False
CALL-68823,CUST-23680,107,Evening (17-20h),Call Back Later,0,AGT-010,True
CALL-23452,CUST-23680,105,Afternoon (13-17h),Success,972000,AGT-003,False
CALL-29794,CUST-23680,29,Afternoon (13-17h),Not Interested,0,AGT-009,False
CALL-60809,CUST-23680,259,Noon (11-13h),Success,1271000,AGT-002,False
CALL-82784,CUST-75465,77,Morning (8-11h),Success,2112000,AGT-002,False
CALL-47534,CUST-75465,415,Afternoon (13-17h),No Answer,0,AGT-014,False
CALL-17461,CUST-75465,152,Afternoon (13-17h),Success,1523000,AGT-001,False
CALL-55466,CUST-75465,71,Afternoon (13-17h),Success,545000,AGT-014,False
CALL-41357,CUST-75465,190,Evening (17-20h),Success,1600000,AGT-004,False
CALL-74944,CUST-19031,119,Morning (8-11h),Success,701000,AGT-001,False
CALL-19895,CUST-19031,422,Afternoon (13-17h),Success,481000,AGT-001,False
CALL-20512,CUST-19031,150,Afternoon (13-17h),Success,1213000,AGT-002,False
CALL-92463,CUST-19031,254,Evening (17-20h),Call Back Later,0,AGT-007,True
CALL-10042,CUST-19031,191,Morning (8-11h),Success,825000,AGT-005,False
CALL-23176,CUST-19031,52,Morning (8-11h),No Answer,0,AGT-020,False
CALL-40233,CUST-19031,406,Afternoon (13-17h),Success,1381000,AGT-020,False
CALL-93940,CUST-19031,33,Afternoon (13-17h),Not Interested,0,AGT-002,False
CALL-69955,CUST-19031,109,Noon (11-13h),Success,970000,AGT-003,False
CALL-96487,CUST-80178,158,Afternoon (13-17h),Success,1495000,AGT-001,False
CALL-81619,CUST-80178,12,Morning (8-11h),Not Interested,0,AGT-005,False
CALL-79989,CUST-80178,69,Evening (17-20h),Success,376000,AGT-001,False
CALL-65959,CUST-80178,142,Morning (8-11h),Success,687000,AGT-003,True
CALL-13003,CUST-80178,148,Morning (8-11h),Not Interested,0,AGT-002,True
CALL-72225,CUST-76068,459,Noon (11-13h),Success,837000,AGT-006,False
CALL-54036,CUST-76068,280,Morning (8-11h),Call Back Later,0,AGT-002,True
CALL-50754,CUST-76068,82,Evening (17-20h),Not Interested,0,AGT-004,False
CALL-13475,CUST-39265,12,Afternoon (13-17h),No Answer,0,AGT-004,False
CALL-45191,CUST-39265,25,Afternoon (13-17h),Call Back Later,0,AGT-004,True
CALL-26446,CUST-39265,117,Morning (8-11h),Success,1025000,AGT-004,False
CALL-45007,CUST-62203,207,Noon (11-13h),Success,1200000,AGT-003,False
CALL-75639,CUST-62203,64,Morning (8-11h),No Answer,0,AGT-002,False
CALL-46763,CUST-62203,448,Morning (8-11h),Success,1034000,AGT-002,False
CALL-30784,CUST-20950,123,Noon (11-13h),Not Interested,0,AGT-006,False
CALL-16576,CUST-20950,100,Afternoon (13-17h),Success,350000,AGT-004,False
CALL-42738,CUST-38829,490,Afternoon (13-17h),Call Back Later,0,AGT-006,True
CALL-46061,CUST-38829,426,Noon (11-13h),Success,1918000,AGT-013,False
CALL-72300,CUST-38829,262,Evening (17-20h),Success,585000,AGT-003,False
CALL-22875,CUST-38829,90,Afternoon (13-17h),Not Interested,0,AGT-001,False
CALL-46919,CUST-38829,457,Noon (11-13h),Success,493000,AGT-010,False
CALL-77836,CUST-38829,288,Morning (8-11h),Success,1265000,AGT-003,True
CALL-47368,CUST-38829,118,Afternoon (13-17h),Call Back Later,0,AGT-004,True
CALL-85967,CUST-38829,373,Afternoon (13-17h),Success,840000,AGT-001,False
CALL-89020,CUST-35651,85,Evening (17-20h),Success,397000,AGT-001,False
CALL-75433,CUST-35651,34,Morning (8-11h),No Answer,0,AGT-002,False
CALL-25702,CUST-35651,94,Morning (8-11h),Call Back Later,0,AGT-002,True
CALL-54247,CUST-55570,30,Evening (17-20h),Success,1012000,AGT-009,False
CALL-53749,CUST-76260,125,Noon (11-13h),No Answer,0,AGT-001,False
CALL-38925,CUST-76260,119,Afternoon (13-17h),No Answer,0,AGT-003,False
CALL-96116,CUST-76260,71,Evening (17-20h),Success,657000,AGT-007,False
CALL-41172,CUST-76260,285,Morning (8-11h),Success,564000,AGT-014,False
CALL-80972,CUST-76260,154,Morning (8-11h),Success,549000,AGT-003,False
CALL-12569,CUST-76260,81,Afternoon (13-17h),No Answer,0,AGT-002,False
CALL-43326,CUST-76260,101,Afternoon (13-17h),No Answer,0,AGT-020,False
CALL-21048,CUST-76260,220,Noon (11-13h),Success,1062000,AGT-010,False
CALL-61874,CUST-76260,276,Evening (17-20h),Not Interested,0,AGT-003,False
CALL-31789,CUST-76260,143,Afternoon (13-17h),Success,1363000,AGT-006,False
CALL-11320,CUST-76260,58,Morning (8-11h),Not Interested,0,AGT-012,False
CALL-26343,CUST-28079,107,Morning (8-11h),No Answer,0,AGT-003,False
CALL-13609,CUST-28079,202,Evening (17-20h),Success,1010000,AGT-002,False
CALL-56177,CUST-28079,325,Evening (17-20h),Success,1011000,AGT-001,False
CALL-82736,CUST-28079,91,Morning (8-11h),Success,633000,AGT-002,False
CALL-44008,CUST-28079,51,Morning (8-11h),Success,440000,AGT-014,False
CALL-91985,CUST-28079,232,Morning (8-11h),Call Back Later,0,AGT-016,True
CALL-13787,CUST-78489,315,Morning (8-11h),Success,1087000,AGT-002,False
CALL-31892,CUST-78489,136,Morning (8-11h),Not Interested,0,AGT-019,False
CALL-33693,CUST-78489,65,Evening (17-20h),No Answer,0,AGT-020,False
CALL-21936,CUST-78489,93,Morning (8-11h),Success,2500000,AGT-002,False
CALL-78096,CUST-10045,142,Morning (8-11h),Success,799000,AGT-001,False
CALL-15114,CUST-27902,77,Evening (17-20h),No Answer,0,AGT-010,False
CALL-32868,CUST-27902,40,Morning (8-11h),Success,930000,AGT-001,True
CALL-10216,CUST-79729,76,Morning (8-11h),Success,1640000,AGT-001,False
CALL-94392,CUST-65634,92,Afternoon (13-17h),Success,1044000,AGT-007,False
CALL-44678,CUST-65634,91,Morning (8-11h),Success,383000,AGT-015,False
CALL-22282,CUST-65634,9,Noon (11-13h),Not Interested,0,AGT-001,False
CALL-43738,CUST-88318,600,Noon (11-13h),Success,1590000,AGT-009,False
CALL-94868,CUST-88318,78,Afternoon (13-17h),No Answer,0,AGT-010,False
CALL-69313,CUST-32200,47,Morning (8-11h),Call Back Later,0,AGT-002,True
CALL-43669,CUST-32200,101,Afternoon (13-17h),Not Interested,0,AGT-001,False
CALL-83867,CUST-32200,295,Noon (11-13h),Success,2352000,AGT-019,False
CALL-16312,CUST-32200,286,Evening (17-20h),Call Back Later,0,AGT-001,True
CALL-40536,CUST-32200,250,Evening (17-20h),Success,1199000,AGT-002,False
CALL-56353,CUST-32200,387,Morning (8-11h),Success,1410000,AGT-002,False
CALL-59854,CUST-32200,58,Afternoon (13-17h),Not Interested,0,AGT-002,False
CALL-99275,CUST-49316,41,Morning (8-11h),No Answer,0,AGT-004,False
CALL-81882,CUST-49316,202,Morning (8-11h),Success,806000,AGT-002,False
CALL-93822,CUST-49316,88,Morning (8-11h),Success,1284000,AGT-002,True
CALL-77481,CUST-49316,243,Evening (17-20h),Success,1466000,AGT-015,False
CALL-97311,CUST-65528,276,Noon (11-13h),No Answer,0,AGT-003,False
CALL-26702,CUST-41234,158,Noon (11-13h),Success,580000,AGT-003,False
CALL-25915,CUST-41234,114,Afternoon (13-17h),Call Back Later,0,AGT-002,True
CALL-35804,CUST-41234,351,Evening (17-20h),Call Back Later,0,AGT-001,True
CALL-12484,CUST-41234,147,Evening (17-20h),No Answer,0,AGT-003,False
CALL-91087,CUST-51383,80,Evening (17-20h),Call Back Later,0,AGT-007,True
CALL-38467,CUST-51383,116,Morning (8-11h),Success,896000,AGT-001,False
CALL-33863,CUST-51383,137,Noon (11-13h),Call Back Later,0,AGT-020,True
CALL-13877,CUST-51383,16,Morning (8-11h),Not Interested,0,AGT-020,False
CALL-45767,CUST-51383,412,Afternoon (13-17h),Success,2500000,AGT-011,False
CALL-91537,CUST-86896,65,Evening (17-20h),Success,1789000,AGT-007,False
CALL-30586,CUST-44824,25,Evening (17-20h),Call Back Later,0,AGT-001,True
CALL-55178,CUST-44824,144,Afternoon (13-17h),Not Interested,0,AGT-005,False
CALL-43746,CUST-57211,163,Afternoon (13-17h),Success,474000,AGT-004,False
CALL-67815,CUST-57211,68,Evening (17-20h),Success,1089000,AGT-001,False
CALL-24265,CUST-57211,92,Noon (11-13h),Call Back Later,0,AGT-011,True
CALL-96445,CUST-57211,144,Afternoon (13-17h),Success,1692000,AGT-002,False
CALL-35278,CUST-19738,140,Evening (17-20h),Call Back Later,0,AGT-001,True
CALL-15331,CUST-19738,237,Noon (11-13h),Success,690000,AGT-016,False
CALL-11544,CUST-19738,146,Noon (11-13h),Success,983000,AGT-014,False
CALL-70430,CUST-42577,21,Afternoon (13-17h),Success,443000,AGT-008,False
CALL-31150,CUST-42577,113,Evening (17-20h),Call Back Later,0,AGT-001,True
CALL-23639,CUST-42577,192,Afternoon (13-17h),Success,816000,AGT-001,False
CALL-43670,CUST-42577,75,Afternoon (13-17h),Success,376000,AGT-001,False
CALL-55758,CUST-42577,109,Noon (11-13h),Not Interested,0,AGT-008,False
CALL-39023,CUST-42577,222,Morning (8-11h),No Answer,0,AGT-001,False
CALL-21261,CUST-12626,141,Noon (11-13h),Success,1764000,AGT-004,False
CALL-97570,CUST-12626,190,Morning (8-11h),Success,805000,AGT-002,False
CALL-11296,CUST-12626,157,Morning (8-11h),Success,605000,AGT-001,False
CALL-36062,CUST-12626,104,Afternoon (13-17h),Not Interested,0,AGT-010,False
CALL-65412,CUST-12626,501,Afternoon (13-17h),Success,1499000,AGT-016,False
CALL-17940,CUST-81434,53,Morning (8-11h),Not Interested,0,AGT-003,False
CALL-92712,CUST-81434,27,Morning (8-11h),Call Back Later,0,AGT-008,True
CALL-69323,CUST-81434,128,Noon (11-13h),Success,642000,AGT-001,False
CALL-80383,CUST-36552,105,Noon (11-13h),Success,350000,AGT-001,False
CALL-53765,CUST-36552,129,Evening (17-20h),Success,728000,AGT-001,False
CALL-21931,CUST-21665,257,Morning (8-11h),Not Interested,0,AGT-015,False
CALL-24259,CUST-21665,61,Morning (8-11h),Success,889000,AGT-001,False
CALL-36535,CUST-21665,9,Evening (17-20h),Not Interested,0,AGT-009,False
CALL-10033,CUST-21665,600,Noon (11-13h),Not Interested,0,AGT-001,False
CALL-72387,CUST-21665,107,Morning (8-11h),Success,622000,AGT-012,False
CALL-91200,CUST-35943,186,Afternoon (13-17h),Success,1165000,AGT-020,False
CALL-25838,CUST-35943,112,Evening (17-20h),Call Back Later,0,AGT-009,True
CALL-64483,CUST-35943,91,Evening (17-20h),Success,1390000,AGT-001,False
CALL-73517,CUST-64429,113,Afternoon (13-17h),Call Back Later,0,AGT-004,True
CALL-72941,CUST-64429,194,Morning (8-11h),Not Interested,0,AGT-003,False
CALL-93565,CUST-64429,248,Morning (8-11h),Call Back Later,0,AGT-005,True
CALL-47711,CUST-64429,345,Noon (11-13h),Success,1757000,AGT-001,False
CALL-75390,CUST-64429,211,Evening (17-20h),Success,659000,AGT-017,False
CALL-41561,CUST-64429,109,Afternoon (13-17h),Success,1682000,AGT-002,False
CALL-83300,CUST-15452,489,Evening (17-20h),Success,1123000,AGT-009,True
CALL-44371,CUST-15452,192,Afternoon (13-17h),Success,2283000,AGT-004,False
CALL-67309,CUST-15452,216,Afternoon (13-17h),Success,393000,AGT-014,False
CALL-68818,CUST-15452,348,Noon (11-13h),Success,1004000,AGT-009,False
CALL-54351,CUST-15452,126,Afternoon (13-17h),Success,864000,AGT-020,False
CALL-43675,CUST-15452,327,Afternoon (13-17h),Success,963000,AGT-014,False
CALL-57539,CUST-15452,27,Morning (8-11h),Not Interested,0,AGT-002,False
CALL-59797,CUST-42904,116,Evening (17-20h),Success,1895000,AGT-001,False
CALL-56770,CUST-42904,376,Afternoon (13-17h),Success,1055000,AGT-004,False
CALL-80015,CUST-42904,282,Noon (11-13h),Success,364000,AGT-002,False
CALL-87202,CUST-42904,169,Noon (11-13h),Success,715000,AGT-001,False
CALL-45483,CUST-42904,44,Evening (17-20h),No Answer,0,AGT-007,False
CALL-50256,CUST-42904,19,Morning (8-11h),Not Interested,0,AGT-020,False
CALL-71047,CUST-42904,121,Afternoon (13-17h),Success,971000,AGT-003,False
CALL-87921,CUST-42904,112,Noon (11-13h),Call Back Later,0,AGT-001,True
CALL-12122,CUST-42904,245,Afternoon (13-17h),No Answer,0,AGT-004,False
CALL-28566,CUST-42904,144,Noon (11-13h),Success,631000,AGT-007,False
CALL-74565,CUST-35275,272,Afternoon (13-17h),Success,1946000,AGT-018,False
CALL-12432,CUST-35275,162,Morning (8-11h),Success,1722000,AGT-001,False
CALL-26910,CUST-35275,54,Morning (8-11h),No Answer,0,AGT-001,False
CALL-69094,CUST-35275,182,Evening (17-20h),Success,531000,AGT-013,False
CALL-76793,CUST-35275,135,Afternoon (13-17h),Success,646000,AGT-014,False
CALL-42412,CUST-47729,123,Evening (17-20h),No Answer,0,AGT-008,False
CALL-22872,CUST-47729,140,Afternoon (13-17h),Not Interested,0,AGT-012,False
CALL-98675,CUST-47729,168,Noon (11-13h),Not Interested,0,AGT-001,False
CALL-57278,CUST-47729,128,Evening (17-20h),Call Back Later,0,AGT-017,True
CALL-32543,CUST-47729,30,Evening (17-20h),Call Back Later,0,AGT-008,True
CALL-43237,CUST-47729,37,Morning (8-11h),Not Interested,0,AGT-017,False
CALL-93572,CUST-52582,91,Noon (11-13h),Not Interested,0,AGT-004,False
CALL-17392,CUST-52582,308,Afternoon (13-17h),Success,371000,AGT-013,False
CALL-43136,CUST-52582,149,Noon (11-13h),Success,350000,AGT-016,False
CALL-57959,CUST-52582,125,Afternoon (13-17h),Success,852000,AGT-001,False
CALL-15459,CUST-52582,478,Evening (17-20h),Success,864000,AGT-001,False
CALL-26242,CUST-52582,162,Evening (17-20h),Success,850000,AGT-003,False
CALL-96997,CUST-75860,128,Morning (8-11h),Not Interested,0,AGT-002,False
CALL-50982,CUST-75860,98,Afternoon (13-17h),Success,425000,AGT-001,False
CALL-97634,CUST-75860,86,Morning (8-11h),Call Back Later,0,AGT-019,True
CALL-58440,CUST-57164,23,Noon (11-13h),Call Back Later,0,AGT-009,True
CALL-19634,CUST-57164,126,Noon (11-13h),Success,990000,AGT-001,False
CALL-38827,CUST-92659,41,Evening (17-20h),No Answer,0,AGT-020,False
CALL-69554,CUST-92659,63,Noon (11-13h),Success,1659000,AGT-002,False
CALL-99850,CUST-92659,40,Afternoon (13-17h),Call Back Later,0,AGT-013,True
CALL-96453,CUST-92659,453,Afternoon (13-17h),Success,860000,AGT-002,False
CALL-62116,CUST-92659,158,Noon (11-13h),Success,1120000,AGT-004,False
CALL-60303,CUST-92659,322,Afternoon (13-17h),Success,458000,AGT-004,False
CALL-83953,CUST-92659,233,Afternoon (13-17h),Success,551000,AGT-004,False
CALL-30076,CUST-92659,106,Noon (11-13h),Success,2235000,AGT-005,True
CALL-37856,CUST-46200,73,Afternoon (13-17h),Success,1551000,AGT-001,False
CALL-14162,CUST-46200,104,Morning (8-11h),No Answer,0,AGT-018,False
CALL-46243,CUST-46200,56,Morning (8-11h),Call Back Later,0,AGT-006,True
CALL-63231,CUST-46200,10,Noon (11-13h),No Answer,0,AGT-004,True
CALL-85882,CUST-99009,26,Evening (17-20h),No Answer,0,AGT-001,False
CALL-66336,CUST-99009,203,Noon (11-13h),Success,350000,AGT-002,False
CALL-96319,CUST-99009,30,Evening (17-20h),Not Interested,0,AGT-019,False
CALL-39953,CUST-99009,63,Morning (8-11h),Success,671000,AGT-001,False
CALL-78091,CUST-99009,100,Afternoon (13-17h),No Answer,0,AGT-011,False
CALL-43860,CUST-99009,42,Morning (8-11h),Not Interested,0,AGT-019,True
CALL-91123,CUST-99009,189,Noon (11-13h),Success,683000,AGT-006,False
CALL-54356,CUST-99009,265,Afternoon (13-17h),Not Interested,0,AGT-007,False
CALL-18388,CUST-21566,31,Noon (11-13h),Not Interested,0,AGT-006,False
CALL-35593,CUST-21566,28,Morning (8-11h),Not Interested,0,AGT-004,False
CALL-55148,CUST-21566,76,Morning (8-11h),Success,731000,AGT-003,False
CALL-95701,CUST-21566,214,Noon (11-13h),Success,1055000,AGT-003,False
CALL-25814,CUST-21566,211,Afternoon (13-17h),Success,1974000,AGT-001,False
CALL-42266,CUST-21566,25,Afternoon (13-17h),Not Interested,0,AGT-001,False
CALL-37115,CUST-21566,170,Evening (17-20h),Success,971000,AGT-011,False
CALL-82204,CUST-21566,104,Morning (8-11h),Not Interested,0,AGT-011,False
CALL-83195,CUST-21566,292,Evening (17-20h),Success,657000,AGT-002,False
CALL-23219,CUST-21566,52,Afternoon (13-17h),Call Back Later,0,AGT-008,True
CALL-96444,CUST-21566,41,Afternoon (13-17h),Call Back Later,0,AGT-012,True
CALL-84920,CUST-21566,222,Afternoon (13-17h),Success,1239000,AGT-002,False
CALL-88913,CUST-21566,26,Morning (8-11h),Call Back Later,0,AGT-014,True
CALL-46230,CUST-21566,136,Afternoon (13-17h),Success,634000,AGT-001,False
CALL-23152,CUST-21566,112,Morning (8-11h),No Answer,0,AGT-005,False
CALL-56198,CUST-21566,79,Noon (11-13h),Call Back Later,0,AGT-001,True
CALL-18338,CUST-21566,93,Morning (8-11h),Not Interested,0,AGT-001,False
CALL-36853,CUST-21566,136,Noon (11-13h),Success,1601000,AGT-001,False
CALL-39099,CUST-21566,12,Morning (8-11h),No Answer,0,AGT-002,False
CALL-34037,CUST-21566,53,Evening (17-20h),Not Interested,0,AGT-005,False
CALL-49834,CUST-21566,17,Afternoon (13-17h),Not Interested,0,AGT-011,False
CALL-24717,CUST-21566,5,Afternoon (13-17h),Not Interested,0,AGT-001,False
CALL-47812,CUST-21566,23,Afternoon (13-17h),No Answer,0,AGT-010,False
CALL-57065,CUST-50525,108,Noon (11-13h),Success,363000,AGT-001,False
CALL-67814,CUST-50525,190,Afternoon (13-17h),Success,753000,AGT-002,False
CALL-51205,CUST-50525,264,Afternoon (13-17h),Success,658000,AGT-006,False
CALL-61297,CUST-50525,250,Afternoon (13-17h),Success,787000,AGT-002,False
CALL-93761,CUST-39948,139,Afternoon (13-17h),Success,456000,AGT-003,False
CALL-45103,CUST-39948,10,Morning (8-11h),No Answer,0,AGT-017,False
CALL-24533,CUST-39948,24,Afternoon (13-17h),Not Interested,0,AGT-004,False
CALL-33905,CUST-57522,185,Afternoon (13-17h),Success,515000,AGT-005,False
CALL-52108,CUST-57522,46,Morning (8-11h),Call Back Later,0,AGT-009,True
CALL-82983,CUST-57522,256,Morning (8-11h),Success,1946000,AGT-002,False
CALL-55870,CUST-57522,60,Afternoon (13-17h),Call Back Later,0,AGT-020,True
CALL-23260,CUST-57522,175,Morning (8-11h),Success,1819000,AGT-001,False
CALL-99777,CUST-57522,170,Afternoon (13-17h),Success,1305000,AGT-001,False
CALL-14547,CUST-57522,307,Morning (8-11h),Success,427000,AGT-002,False
CALL-93836,CUST-66546,115,Morning (8-11h),Success,522000,AGT-010,True
CALL-18452,CUST-66546,116,Afternoon (13-17h),No Answer,0,AGT-008,False
CALL-16671,CUST-66546,128,Afternoon (13-17h),Not Interested,0,AGT-001,False
CALL-79605,CUST-66546,249,Noon (11-13h),Success,2500000,AGT-005,False
CALL-55995,CUST-66546,50,Noon (11-13h),Success,990000,AGT-002,False
CALL-83753,CUST-25129,95,Noon (11-13h),Not Interested,0,AGT-003,False
CALL-43095,CUST-25129,119,Morning (8-11h),Success,1209000,AGT-005,False
CALL-45208,CUST-48776,26,Afternoon (13-17h),Success,863000,AGT-008,False
CALL-29062,CUST-48776,86,Evening (17-20h),Success,748000,AGT-003,False
CALL-78886,CUST-48776,169,Afternoon (13-17h),Success,1001000,AGT-012,False
CALL-46836,CUST-94418,34,Morning (8-11h),Call Back Later,0,AGT-001,True
CALL-54514,CUST-94418,212,Noon (11-13h),Success,680000,AGT-009,False
CALL-25042,CUST-94418,127,Morning (8-11h),Not Interested,0,AGT-006,False
CALL-91521,CUST-94418,280,Afternoon (13-17h),Success,1516000,AGT-009,False
CALL-87226,CUST-94418,278,Noon (11-13h),Not Interested,0,AGT-015,False
CALL-13336,CUST-94418,364,Evening (17-20h),Success,435000,AGT-008,False
CALL-63859,CUST-94418,128,Afternoon (13-17h),Success,905000,AGT-002,False
CALL-40657,CUST-94418,193,Noon (11-13h),Success,1467000,AGT-002,False
CALL-69015,CUST-76029,139,Noon (11-13h),Success,1006000,AGT-002,False
CALL-63909,CUST-76029,95,Morning (8-11h),Not Interested,0,AGT-001,False
CALL-16635,CUST-76029,109,Afternoon (13-17h),Call Back Later,0,AGT-013,True
CALL-63907,CUST-76029,72,Evening (17-20h),Success,584000,AGT-001,False
CALL-11727,CUST-76029,40,Afternoon (13-17h),Call Back Later,0,AGT-001,True
CALL-43466,CUST-76029,119,Afternoon (13-17h),Not Interested,0,AGT-001,False
CALL-65338,CUST-76029,147,Noon (11-13h),Success,467000,AGT-004,False
CALL-12450,CUST-76029,77,Afternoon (13-17h),Success,1331000,AGT-016,False
CALL-56234,CUST-76029,80,Evening (17-20h),Call Back Later,0,AGT-001,True
CALL-25770,CUST-18344,371,Noon (11-13h),No Answer,0,AGT-020,False
CALL-13537,CUST-96500,92,Afternoon (13-17h),Success,1555000,AGT-015,False
CALL-93092,CUST-96500,29,Evening (17-20h),Not Interested,0,AGT-005,False
CALL-14471,CUST-96500,117,Afternoon (13-17h),No Answer,0,AGT-009,False
CALL-55449,CUST-96500,112,Afternoon (13-17h),Success,522000,AGT-001,False
CALL-11984,CUST-96500,112,Evening (17-20h),No Answer,0,AGT-009,False
CALL-38622,CUST-81530,125,Afternoon (13-17h),Success,1161000,AGT-013,False
CALL-32562,CUST-81530,85,Morning (8-11h),Success,455000,AGT-001,False
CALL-15609,CUST-81530,59,Noon (11-13h),Call Back Later,0,AGT-008,True
CALL-46846,CUST-81530,13,Morning (8-11h),Not Interested,0,AGT-001,False
CALL-39943,CUST-81530,38,Evening (17-20h),Not Interested,0,AGT-001,False
CALL-55736,CUST-81530,173,Afternoon (13-17h),Success,1892000,AGT-001,True
CALL-25041,CUST-81530,363,Afternoon (13-17h),Call Back Later,0,AGT-001,True
CALL-15480,CUST-85166,59,Noon (11-13h),No Answer,0,AGT-013,False
CALL-60762,CUST-85166,83,Afternoon (13-17h),No Answer,0,AGT-001,False
CALL-35978,CUST-85166,115,Afternoon (13-17h),Not Interested,0,AGT-001,False
CALL-45313,CUST-85166,451,Morning (8-11h),Success,996000,AGT-010,False
CALL-27843,CUST-85166,114,Morning (8-11h),Success,947000,AGT-001,False
CALL-34778,CUST-85166,13,Afternoon (13-17h),Not Interested,0,AGT-017,False
CALL-35554,CUST-85166,17,Evening (17-20h),No Answer,0,AGT-002,False
CALL-18290,CUST-85166,330,Afternoon (13-17h),Success,733000,AGT-016,False
CALL-57387,CUST-85166,42,Morning (8-11h),Not Interested,0,AGT-003,False
CALL-58096,CUST-85166,97,Evening (17-20h),Success,1716000,AGT-001,True
CALL-26655,CUST-85166,92,Evening (17-20h),Success,645000,AGT-020,False
CALL-75977,CUST-85166,22,Afternoon (13-17h),Call Back Later,0,AGT-017,True
CALL-12761,CUST-85166,100,Afternoon (13-17h),Success,350000,AGT-003,False
CALL-57451,CUST-77725,563,Morning (8-11h),Call Back Later,0,AGT-001,True
CALL-62595,CUST-87419,241,Afternoon (13-17h),Success,429000,AGT-005,False
CALL-62759,CUST-87419,27,Evening (17-20h),No Answer,0,AGT-012,False
CALL-61530,CUST-87419,19,Afternoon (13-17h),Not Interested,0,AGT-003,True
CALL-39016,CUST-87419,182,Evening (17-20h),Success,725000,AGT-005,False
CALL-62291,CUST-87419,379,Morning (8-11h),Success,2500000,AGT-003,False
CALL-76707,CUST-87419,472,Morning (8-11h),No Answer,0,AGT-004,False
CALL-30430,CUST-94702,166,Evening (17-20h),Success,876000,AGT-014,False
CALL-22155,CUST-94702,27,Evening (17-20h),Success,759000,AGT-001,False
CALL-95315,CUST-94702,165,Morning (8-11h),Success,541000,AGT-001,False
CALL-83268,CUST-94702,42,Evening (17-20h),Success,1202000,AGT-008,False
CALL-50695,CUST-94702,148,Morning (8-11h),Success,726000,AGT-009,False
CALL-73150,CUST-94702,210,Afternoon (13-17h),Success,1854000,AGT-002,False
CALL-72171,CUST-94702,61,Morning (8-11h),Success,941000,AGT-005,False
CALL-25356,CUST-94702,308,Evening (17-20h),Success,963000,AGT-002,False
CALL-21178,CUST-94702,102,Evening (17-20h),Not Interested,0,AGT-001,False
CALL-28190,CUST-94702,95,Morning (8-11h),No Answer,0,AGT-017,False
CALL-23501,CUST-88941,59,Evening (17-20h),Not Interested,0,AGT-002,False
CALL-58949,CUST-88941,176,Morning (8-11h),No Answer,0,AGT-007,False
CALL-21901,CUST-88941,199,Evening (17-20h),No Answer,0,AGT-001,False
CALL-58662,CUST-88941,322,Evening (17-20h),Call Back Later,0,AGT-001,True
CALL-10712,CUST-98634,90,Afternoon (13-17h),Success,1014000,AGT-014,False
CALL-44931,CUST-98634,142,Morning (8-11h),Success,1089000,AGT-002,False
CALL-57400,CUST-98634,96,Morning (8-11h),Call Back Later,0,AGT-016,True
CALL-85852,CUST-41273,159,Afternoon (13-17h),Success,1414000,AGT-002,False
CALL-11416,CUST-99485,218,Noon (11-13h),Success,622000,AGT-001,False
CALL-26999,CUST-99485,117,Noon (11-13h),No Answer,0,AGT-015,False
CALL-99371,CUST-96135,92,Afternoon (13-17h),Not Interested,0,AGT-005,False
CALL-89397,CUST-96135,111,Morning (8-11h),Not Interested,0,AGT-007,False
CALL-42572,CUST-96135,162,Afternoon (13-17h),Success,379000,AGT-012,False
CALL-32738,CUST-36920,119,Morning (8-11h),Success,1012000,AGT-004,False
CALL-22506,CUST-36088,158,Morning (8-11h),Success,1035000,AGT-002,False
CALL-86914,CUST-36088,138,Afternoon (13-17h),Success,698000,AGT-013,False
CALL-31404,CUST-36088,117,Afternoon (13-17h),Success,1009000,AGT-006,False
CALL-56944,CUST-36088,112,Morning (8-11h),Success,454000,AGT-009,False
CALL-97083,CUST-39669,112,Noon (11-13h),Success,1719000,AGT-002,False
CALL-35548,CUST-39669,90,Afternoon (13-17h),No Answer,0,AGT-015,False
CALL-90973,CUST-39669,64,Afternoon (13-17h),No Answer,0,AGT-005,False
CALL-83682,CUST-39669,96,Noon (11-13h),No Answer,0,AGT-008,False
CALL-29339,CUST-39669,116,Afternoon (13-17h),Success,665000,AGT-005,False
CALL-52835,CUST-74368,197,Morning (8-11h),Not Interested,0,AGT-001,False
CALL-83567,CUST-71528,208,Noon (11-13h),Success,931000,AGT-004,False
CALL-45201,CUST-71528,347,Afternoon (13-17h),Success,487000,AGT-011,False
CALL-63168,CUST-71528,153,Evening (17-20h),Success,690000,AGT-015,False
CALL-93945,CUST-71528,10,Morning (8-11h),Not Interested,0,AGT-016,False
CALL-55478,CUST-71528,105,Afternoon (13-17h),Not Interested,0,AGT-003,False
CALL-24463,CUST-92020,110,Morning (8-11h),Success,923000,AGT-002,False
CALL-25315,CUST-92020,87,Afternoon (13-17h),Not Interested,0,AGT-001,False
CALL-42789,CUST-92020,10,Afternoon (13-17h),Not Interested,0,AGT-020,False
CALL-85470,CUST-92020,200,Evening (17-20h),Success,1433000,AGT-007,True
CALL-92511,CUST-92020,138,Morning (8-11h),Success,856000,AGT-004,False
CALL-37682,CUST-92020,82,Morning (8-11h),Success,819000,AGT-009,False
CALL-34552,CUST-92020,41,Noon (11-13h),No Answer,0,AGT-001,False
CALL-16820,CUST-92020,114,Morning (8-11h),Call Back Later,0,AGT-006,True
CALL-54608,CUST-92020,535,Noon (11-13h),Success,2500000,AGT-008,False
CALL-43294,CUST-92020,138,Morning (8-11h),Success,501000,AGT-002,False
CALL-83621,CUST-14410,122,Afternoon (13-17h),Success,531000,AGT-003,False
CALL-78466,CUST-14410,43,Afternoon (13-17h),No Answer,0,AGT-001,False
CALL-55535,CUST-91487,170,Noon (11-13h),Success,1273000,AGT-015,False
CALL-28123,CUST-91487,74,Afternoon (13-17h),Call Back Later,0,AGT-003,True
CALL-27230,CUST-91487,175,Noon (11-13h),Success,2262000,AGT-003,False
CALL-41735,CUST-91487,16,Afternoon (13-17h),Not Interested,0,AGT-003,False
CALL-10922,CUST-91487,49,Afternoon (13-17h),Not Interested,0,AGT-020,False
CALL-42942,CUST-91487,72,Noon (11-13h),Success,1083000,AGT-005,False
CALL-37654,CUST-91487,93,Morning (8-11h),No Answer,0,AGT-005,False
CALL-93271,CUST-38708,332,Noon (11-13h),Success,1147000,AGT-005,False
CALL-51426,CUST-43363,270,Afternoon (13-17h),Success,2500000,AGT-001,False
CALL-43647,CUST-43363,154,Noon (11-13h),Success,1915000,AGT-005,False
CALL-86899,CUST-43363,43,Evening (17-20h),Success,2135000,AGT-001,False
CALL-85776,CUST-43363,45,Morning (8-11h),No Answer,0,AGT-005,False
CALL-27463,CUST-48690,250,Noon (11-13h),Success,1075000,AGT-008,True
CALL-98504,CUST-48690,88,Afternoon (13-17h),No Answer,0,AGT-009,False
CALL-38171,CUST-48690,62,Morning (8-11h),Success,723000,AGT-002,False
CALL-28153,CUST-88105,79,Afternoon (13-17h),Not Interested,0,AGT-001,False
CALL-86511,CUST-88105,105,Afternoon (13-17h),Not Interested,0,AGT-004,True
CALL-54962,CUST-88105,145,Evening (17-20h),Success,1164000,AGT-001,False
CALL-77615,CUST-88105,101,Afternoon (13-17h),Success,891000,AGT-001,False
CALL-83955,CUST-88105,11,Afternoon (13-17h),No Answer,0,AGT-018,False
CALL-34438,CUST-88105,126,Afternoon (13-17h),Success,350000,AGT-010,False
CALL-73772,CUST-24976,152,Noon (11-13h),Not Interested,0,AGT-001,False
CALL-86063,CUST-52878,148,Afternoon (13-17h),Success,564000,AGT-003,False
CALL-15218,CUST-52878,102,Evening (17-20h),No Answer,0,AGT-001,False
CALL-59649,CUST-52878,40,Afternoon (13-17h),Call Back Later,0,AGT-010,True
CALL-50483,CUST-52878,26,Morning (8-11h),Success,943000,AGT-016,False
CALL-33738,CUST-52878,79,Evening (17-20h),Success,1650000,AGT-019,False
CALL-45709,CUST-52878,201,Noon (11-13h),Success,2113000,AGT-001,False
CALL-76725,CUST-52878,64,Afternoon (13-17h),Success,1042000,AGT-010,False
CALL-70624,CUST-52878,600,Noon (11-13h),Call Back Later,0,AGT-001,True
CALL-29456,CUST-52878,229,Afternoon (13-17h),Success,666000,AGT-016,False
CALL-36563,CUST-52878,84,Afternoon (13-17h),Success,1058000,AGT-001,False
CALL-62816,CUST-90226,77,Morning (8-11h),Success,1075000,AGT-001,False
CALL-74223,CUST-90226,93,Noon (11-13h),No Answer,0,AGT-001,False
CALL-78253,CUST-90226,116,Morning (8-11h),No Answer,0,AGT-001,False
CALL-41295,CUST-90226,34,Afternoon (13-17h),Not Interested,0,AGT-001,False
CALL-43736,CUST-90226,69,Evening (17-20h),Not Interested,0,AGT-011,False
CALL-40026,CUST-90226,330,Afternoon (13-17h),Success,798000,AGT-007,False
CALL-36208,CUST-90226,168,Evening (17-20h),No Answer,0,AGT-001,False
CALL-37212,CUST-75640,91,Afternoon (13-17h),No Answer,0,AGT-003,False
CALL-95877,CUST-37925,151,Morning (8-11h),Success,787000,AGT-005,False
CALL-28548,CUST-37925,96,Morning (8-11h),Success,2251000,AGT-003,False
CALL-61627,CUST-37925,215,Afternoon (13-17h),Success,1095000,AGT-001,True
CALL-56660,CUST-37925,412,Noon (11-13h),Success,2500000,AGT-010,False
CALL-72664,CUST-37925,114,Afternoon (13-17h),Not Interested,0,AGT-003,False
CALL-57083,CUST-40102,36,Evening (17-20h),No Answer,0,AGT-001,True
CALL-95214,CUST-40102,43,Morning (8-11h),Call Back Later,0,AGT-016,True
CALL-66041,CUST-40102,249,Morning (8-11h),Success,2450000,AGT-004,False
CALL-54485,CUST-40102,401,Evening (17-20h),Success,2138000,AGT-003,False
CALL-90153,CUST-40102,65,Afternoon (13-17h),Success,1366000,AGT-007,False
CALL-40204,CUST-40102,62,Noon (11-13h),Success,1139000,AGT-002,False
CALL-48267,CUST-40102,171,Morning (8-11h),Success,561000,AGT-004,False
CALL-11136,CUST-36378,33,Noon (11-13h),Not Interested,0,AGT-005,False
CALL-31344,CUST-97195,171,Afternoon (13-17h),Call Back Later,0,AGT-002,True
CALL-53182,CUST-24863,189,Evening (17-20h),Not Interested,0,AGT-011,False
CALL-26695,CUST-24863,58,Morning (8-11h),Not Interested,0,AGT-001,False
CALL-97865,CUST-24863,17,Afternoon (13-17h),No Answer,0,AGT-004,False
CALL-71832,CUST-24863,57,Morning (8-11h),Call Back Later,0,AGT-003,True
CALL-17937,CUST-24863,203,Afternoon (13-17h),Not Interested,0,AGT-020,False
CALL-58601,CUST-24863,159,Afternoon (13-17h),Success,1788000,AGT-013,False
CALL-84755,CUST-24863,103,Noon (11-13h),Success,701000,AGT-014,False
CALL-37031,CUST-60608,259,Afternoon (13-17h),Success,1414000,AGT-003,False
CALL-49888,CUST-60608,149,Evening (17-20h),Call Back Later,0,AGT-001,True
CALL-52526,CUST-60608,136,Afternoon (13-17h),Success,416000,AGT-013,False
CALL-18373,CUST-60608,27,Afternoon (13-17h),Success,2500000,AGT-006,False
CALL-95134,CUST-60608,156,Morning (8-11h),Success,701000,AGT-006,False
CALL-63768,CUST-60608,202,Morning (8-11h),Call Back Later,0,AGT-019,True
CALL-45923,CUST-60608,392,Morning (8-11h),Success,741000,AGT-002,False
CALL-57222,CUST-60608,68,Morning (8-11h),Not Interested,0,AGT-012,False
CALL-62128,CUST-60608,103,Morning (8-11h),Success,1710000,AGT-001,False
CALL-81621,CUST-60608,293,Evening (17-20h),Success,625000,AGT-001,False
CALL-93457,CUST-60608,187,Morning (8-11h),Success,870000,AGT-016,False
CALL-79652,CUST-60608,176,Evening (17-20h),Success,1187000,AGT-005,False
CALL-64495,CUST-60608,46,Evening (17-20h),Not Interested,0,AGT-004,False
CALL-17299,CUST-88563,104,Noon (11-13h),Success,1197000,AGT-009,False
CALL-20260,CUST-88563,196,Morning (8-11h),Call Back Later,0,AGT-020,True
CALL-69558,CUST-88563,57,Afternoon (13-17h),Not Interested,0,AGT-005,False
CALL-72165,CUST-88563,126,Evening (17-20h),Success,493000,AGT-002,True
CALL-47807,CUST-87654,99,Morning (8-11h),No Answer,0,AGT-004,False
CALL-90096,CUST-87654,182,Noon (11-13h),No Answer,0,AGT-001,False
CALL-24800,CUST-87654,150,Afternoon (13-17h),Success,1092000,AGT-003,False
CALL-73710,CUST-87654,12,Morning (8-11h),Not Interested,0,AGT-002,False
CALL-78522,CUST-87654,101,Noon (11-13h),Call Back Later,0,AGT-007,True
CALL-26179,CUST-51250,359,Morning (8-11h),Success,1316000,AGT-007,False
CALL-11634,CUST-51250,236,Afternoon (13-17h),Not Interested,0,AGT-011,False
CALL-32917,CUST-51250,97,Morning (8-11h),No Answer,0,AGT-009,False
CALL-56864,CUST-51250,212,Afternoon (13-17h),Success,481000,AGT-014,False
CALL-87915,CUST-84801,83,Afternoon (13-17h),Call Back Later,0,AGT-001,True
CALL-36734,CUST-84801,182,Evening (17-20h),Success,1507000,AGT-004,True
CALL-24056,CUST-84801,65,Morning (8-11h),Call Back Later,0,AGT-001,True
CALL-96708,CUST-26930,427,Afternoon (13-17h),Success,971000,AGT-001,False
CALL-13764,CUST-26930,100,Evening (17-20h),Not Interested,0,AGT-007,False
CALL-61223,CUST-26930,124,Afternoon (13-17h),Call Back Later,0,AGT-013,True
CALL-95558,CUST-72433,259,Evening (17-20h),Success,1981000,AGT-002,False
CALL-98000,CUST-49887,121,Morning (8-11h),Success,1995000,AGT-001,False
CALL-61204,CUST-10899,138,Afternoon (13-17h),Success,1175000,AGT-002,False
CALL-14396,CUST-10899,137,Afternoon (13-17h),Success,772000,AGT-001,False
CALL-98263,CUST-10899,157,Noon (11-13h),Success,961000,AGT-004,False
CALL-61188,CUST-10899,45,Morning (8-11h),Not Interested,0,AGT-001,False
CALL-95119,CUST-17520,168,Morning (8-11h),Success,685000,AGT-001,False
CALL-37665,CUST-17520,78,Afternoon (13-17h),No Answer,0,AGT-003,False
CALL-91322,CUST-38927,70,Morning (8-11h),Success,808000,AGT-008,False
CALL-95358,CUST-50764,94,Morning (8-11h),Success,350000,AGT-001,False
CALL-45450,CUST-50764,33,Noon (11-13h),Call Back Later,0,AGT-001,True
CALL-36404,CUST-50764,93,Evening (17-20h),Not Interested,0,AGT-001,False
CALL-97909,CUST-50764,41,Afternoon (13-17h),Call Back Later,0,AGT-002,True
CALL-71691,CUST-50764,11,Noon (11-13h),Not Interested,0,AGT-001,False
CALL-80644,CUST-50764,210,Evening (17-20h),Success,413000,AGT-020,True
CALL-26708,CUST-50764,93,Morning (8-11h),Not Interested,0,AGT-002,False
CALL-15851,CUST-50764,144,Morning (8-11h),No Answer,0,AGT-002,False
CALL-51838,CUST-50764,185,Noon (11-13h),Success,1254000,AGT-006,True
CALL-94993,CUST-50764,299,Afternoon (13-17h),Success,1314000,AGT-005,False
CALL-94302,CUST-50764,95,Evening (17-20h),No Answer,0,AGT-009,False
CALL-95632,CUST-50764,119,Afternoon (13-17h),Call Back Later,0,AGT-004,True
CALL-87155,CUST-50764,175,Afternoon (13-17h),Success,1065000,AGT-001,False
CALL-23850,CUST-50764,24,Afternoon (13-17h),No Answer,0,AGT-005,False
CALL-11829,CUST-50764,84,Morning (8-11h),No Answer,0,AGT-016,False
CALL-45418,CUST-50764,115,Evening (17-20h),Success,1084000,AGT-001,False
CALL-52458,CUST-50764,71,Afternoon (13-17h),Success,708000,AGT-001,False
CALL-67468,CUST-50764,72,Afternoon (13-17h),No Answer,0,AGT-019,False
CALL-40730,CUST-56234,58,Afternoon (13-17h),No Answer,0,AGT-008,False
CALL-87256,CUST-56234,600,Morning (8-11h),Call Back Later,0,AGT-008,True
CALL-91028,CUST-56234,115,Afternoon (13-17h),Call Back Later,0,AGT-001,True
CALL-50962,CUST-56234,54,Morning (8-11h),No Answer,0,AGT-003,False
CALL-21738,CUST-36347,96,Afternoon (13-17h),Call Back Later,0,AGT-005,True
CALL-35752,CUST-36347,51,Afternoon (13-17h),No Answer,0,AGT-001,False
CALL-74760,CUST-72069,123,Morning (8-11h),Success,426000,AGT-001,False
CALL-30155,CUST-72069,145,Noon (11-13h),Success,796000,AGT-010,False
CALL-32601,CUST-72069,303,Afternoon (13-17h),Success,1389000,AGT-001,True
CALL-44097,CUST-72069,29,Afternoon (13-17h),Success,1781000,AGT-015,False
CALL-85885,CUST-72069,235,Morning (8-11h),Success,780000,AGT-005,False
CALL-15074,CUST-72069,120,Noon (11-13h),Success,2124000,AGT-001,True
CALL-95542,CUST-72069,203,Morning (8-11h),Success,441000,AGT-006,False
CALL-29363,CUST-72069,243,Afternoon (13-17h),Success,795000,AGT-003,False
CALL-58895,CUST-72069,278,Afternoon (13-17h),Call Back Later,0,AGT-013,True
CALL-59578,CUST-42649,40,Afternoon (13-17h),Success,1545000,AGT-014,False
CALL-82345,CUST-42649,183,Evening (17-20h),Success,1877000,AGT-001,False
CALL-69322,CUST-42649,56,Morning (8-11h),Success,1852000,AGT-003,False
CALL-58899,CUST-42649,54,Afternoon (13-17h),No Answer,0,AGT-001,False
CALL-61843,CUST-42649,161,Morning (8-11h),Success,991000,AGT-005,False
CALL-81346,CUST-42649,167,Noon (11-13h),No Answer,0,AGT-010,False
CALL-76439,CUST-42649,194,Morning (8-11h),Success,935000,AGT-018,False
CALL-99898,CUST-42649,78,Morning (8-11h),Success,2290000,AGT-014,False
CALL-87584,CUST-78622,147,Noon (11-13h),Success,2500000,AGT-003,False
CALL-74124,CUST-78622,156,Afternoon (13-17h),Success,1193000,AGT-010,False
CALL-64624,CUST-78622,99,Afternoon (13-17h),Success,1075000,AGT-013,False
CALL-56652,CUST-78622,260,Evening (17-20h),Call Back Later,0,AGT-006,True
CALL-91259,CUST-78622,18,Afternoon (13-17h),No Answer,0,AGT-004,False
CALL-69847,CUST-24680,51,Morning (8-11h),Not Interested,0,AGT-008,False
CALL-69325,CUST-24680,258,Morning (8-11h),Not Interested,0,AGT-001,False
CALL-27212,CUST-24680,160,Evening (17-20h),Not Interested,0,AGT-002,False
CALL-39079,CUST-92760,496,Afternoon (13-17h),Not Interested,0,AGT-001,False
CALL-41460,CUST-25868,189,Evening (17-20h),Success,618000,AGT-019,False
CALL-71479,CUST-49774,67,Morning (8-11h),Not Interested,0,AGT-003,False
CALL-58573,CUST-49774,242,Evening (17-20h),Success,2137000,AGT-002,True
CALL-75365,CUST-49774,276,Afternoon (13-17h),Success,1288000,AGT-011,False
CALL-69697,CUST-49774,152,Afternoon (13-17h),Success,618000,AGT-001,True
CALL-52311,CUST-49774,46,Morning (8-11h),Call Back Later,0,AGT-001,True
CALL-33761,CUST-49774,148,Afternoon (13-17h),Not Interested,0,AGT-001,False
CALL-14053,CUST-49774,85,Afternoon (13-17h),Call Back Later,0,AGT-007,True
CALL-65418,CUST-23804,71,Morning (8-11h),Success,572000,AGT-005,False
CALL-82165,CUST-56507,136,Afternoon (13-17h),Success,1032000,AGT-020,False
CALL-22237,CUST-56507,20,Evening (17-20h),Not Interested,0,AGT-001,False
CALL-83099,CUST-56507,107,Afternoon (13-17h),Success,416000,AGT-016,False
CALL-30302,CUST-27257,68,Afternoon (13-17h),No Answer,0,AGT-003,False
CALL-78456,CUST-27257,47,Evening (17-20h),No Answer,0,AGT-004,False
CALL-19000,CUST-27257,91,Noon (11-13h),Success,419000,AGT-002,False
CALL-81024,CUST-27257,80,Afternoon (13-17h),Not Interested,0,AGT-015,False
CALL-23146,CUST-27257,241,Noon (11-13h),Success,629000,AGT-006,False
CALL-95917,CUST-33662,114,Noon (11-13h),Success,1039000,AGT-001,False
CALL-70850,CUST-33662,162,Evening (17-20h),Success,876000,AGT-001,False
CALL-75843,CUST-33662,295,Morning (8-11h),Success,976000,AGT-014,False
CALL-11375,CUST-33662,68,Afternoon (13-17h),Success,1521000,AGT-008,False
CALL-56355,CUST-33662,119,Morning (8-11h),Call Back Later,0,AGT-004,True
CALL-28693,CUST-33662,178,Afternoon (13-17h),Success,2040000,AGT-006,False
CALL-32649,CUST-33662,130,Afternoon (13-17h),Call Back Later,0,AGT-014,True
CALL-60820,CUST-33662,105,Afternoon (13-17h),Not Interested,0,AGT-002,False
CALL-44193,CUST-37561,96,Noon (11-13h),Not Interested,0,AGT-002,False
CALL-15182,CUST-37561,154,Afternoon (13-17h),Success,958000,AGT-002,False
CALL-39521,CUST-16112,57,Afternoon (13-17h),Call Back Later,0,AGT-004,True
CALL-54304,CUST-16112,54,Afternoon (13-17h),Success,350000,AGT-019,False
CALL-46687,CUST-16112,334,Morning (8-11h),Success,524000,AGT-020,False
CALL-43025,CUST-16112,17,Afternoon (13-17h),Not Interested,0,AGT-005,False
CALL-85545,CUST-91675,60,Afternoon (13-17h),Call Back Later,0,AGT-013,True
CALL-98629,CUST-91675,192,Afternoon (13-17h),Success,460000,AGT-005,False
CALL-32239,CUST-71638,244,Afternoon (13-17h),Success,1419000,AGT-001,False
CALL-61144,CUST-71638,34,Noon (11-13h),Not Interested,0,AGT-001,False
CALL-37943,CUST-71638,262,Afternoon (13-17h),Call Back Later,0,AGT-003,True
CALL-11533,CUST-71638,600,Afternoon (13-17h),Success,573000,AGT-003,False
CALL-37604,CUST-71638,306,Morning (8-11h),Success,909000,AGT-001,False
CALL-31672,CUST-71638,109,Afternoon (13-17h),Call Back Later,0,AGT-002,True
CALL-25145,CUST-71638,109,Afternoon (13-17h),Success,350000,AGT-005,True
CALL-33848,CUST-78129,142,Afternoon (13-17h),Success,394000,AGT-002,False
CALL-88113,CUST-78129,50,Afternoon (13-17h),No Answer,0,AGT-001,False
CALL-94506,CUST-38578,81,Morning (8-11h),Success,436000,AGT-002,False
CALL-98184,CUST-38578,105,Morning (8-11h),Success,405000,AGT-001,False
CALL-62438,CUST-38578,207,Morning (8-11h),Success,903000,AGT-005,False
CALL-31313,CUST-98540,196,Afternoon (13-17h),No Answer,0,AGT-007,False
CALL-47342,CUST-98540,46,Afternoon (13-17h),No Answer,0,AGT-001,False
CALL-63015,CUST-98540,99,Morning (8-11h),Success,1003000,AGT-010,False
CALL-13886,CUST-98540,37,Afternoon (13-17h),No Answer,0,AGT-012,False
CALL-20125,CUST-98540,274,Afternoon (13-17h),Success,592000,AGT-002,False
CALL-41226,CUST-98540,94,Morning (8-11h),Call Back Later,0,AGT-002,True
CALL-44414,CUST-98540,150,Morning (8-11h),Success,1011000,AGT-017,False
CALL-33659,CUST-38246,116,Morning (8-11h),Call Back Later,0,AGT-013,True
CALL-12307,CUST-97951,191,Afternoon (13-17h),Success,1057000,AGT-007,False
CALL-71290,CUST-97951,45,Evening (17-20h),Call Back Later,0,AGT-001,True
CALL-70141,CUST-97951,24,Morning (8-11h),Not Interested,0,AGT-003,False
CALL-98731,CUST-17666,30,Evening (17-20h),Call Back Later,0,AGT-001,True
CALL-22347,CUST-17666,46,Noon (11-13h),Success,528000,AGT-003,False
CALL-63487,CUST-17666,38,Afternoon (13-17h),No Answer,0,AGT-001,False
CALL-28910,CUST-24514,63,Afternoon (13-17h),Not Interested,0,AGT-013,False
CALL-50387,CUST-24514,72,Afternoon (13-17h),Call Back Later,0,AGT-004,True
CALL-78680,CUST-24514,18,Morning (8-11h),Not Interested,0,AGT-012,False
CALL-42481,CUST-24514,116,Morning (8-11h),Success,579000,AGT-001,True
CALL-96556,CUST-24514,159,Morning (8-11h),Success,1460000,AGT-004,False
CALL-30396,CUST-91625,41,Noon (11-13h),Not Interested,0,AGT-007,False
CALL-22699,CUST-91625,125,Afternoon (13-17h),Not Interested,0,AGT-014,False
CALL-60119,CUST-91625,51,Afternoon (13-17h),Call Back Later,0,AGT-001,True
CALL-50403,CUST-47813,255,Afternoon (13-17h),Success,399000,AGT-001,False
CALL-30006,CUST-98925,152,Morning (8-11h),Success,1425000,AGT-008,False
CALL-97459,CUST-98925,289,Morning (8-11h),Success,2251000,AGT-005,False
CALL-29971,CUST-25415,339,Evening (17-20h),Success,666000,AGT-009,False
CALL-75285,CUST-25415,13,Afternoon (13-17h),Not Interested,0,AGT-002,False
CALL-10164,CUST-21198,115,Evening (17-20h),Success,679000,AGT-006,False
CALL-64823,CUST-21198,272,Afternoon (13-17h),No Answer,0,AGT-001,False
CALL-13762,CUST-21198,228,Morning (8-11h),Success,546000,AGT-003,False
CALL-61696,CUST-21198,61,Afternoon (13-17h),Call Back Later,0,AGT-007,True
CALL-81600,CUST-21198,76,Evening (17-20h),Call Back Later,0,AGT-001,True
CALL-47183,CUST-21198,110,Afternoon (13-17h),Not Interested,0,AGT-003,False
CALL-79345,CUST-21198,297,Morning (8-11h),Success,2500000,AGT-001,False
CALL-32919,CUST-21198,228,Afternoon (13-17h),Call Back Later,0,AGT-005,True
CALL-64914,CUST-44904,322,Afternoon (13-17h),Success,1263000,AGT-011,False
CALL-34912,CUST-98243,258,Afternoon (13-17h),Call Back Later,0,AGT-005,True
CALL-76765,CUST-98243,116,Afternoon (13-17h),Success,1346000,AGT-007,False
CALL-45403,CUST-98243,440,Evening (17-20h),Success,1599000,AGT-003,True
CALL-63320,CUST-98243,33,Noon (11-13h),Not Interested,0,AGT-001,False
CALL-70428,CUST-98243,100,Afternoon (13-17h),Not Interested,0,AGT-011,False
CALL-14449,CUST-98243,105,Afternoon (13-17h),Success,572000,AGT-003,False
CALL-86157,CUST-39267,251,Noon (11-13h),Success,1535000,AGT-002,False
CALL-43100,CUST-39267,79,Evening (17-20h),Not Interested,0,AGT-004,False
CALL-52226,CUST-39267,382,Morning (8-11h),Success,1883000,AGT-003,False
CALL-82956,CUST-39267,180,Afternoon (13-17h),Success,1342000,AGT-001,True
CALL-40355,CUST-39267,89,Noon (11-13h),Success,469000,AGT-007,False
CALL-36138,CUST-39267,44,Morning (8-11h),No Answer,0,AGT-002,False
CALL-73496,CUST-39267,10,Morning (8-11h),No Answer,0,AGT-001,False
CALL-71689,CUST-39267,11,Morning (8-11h),Not Interested,0,AGT-020,False
CALL-28777,CUST-26400,102,Morning (8-11h),No Answer,0,AGT-015,False
CALL-22923,CUST-26400,547,Afternoon (13-17h),Success,726000,AGT-015,False
CALL-36993,CUST-78646,176,Afternoon (13-17h),Call Back Later,0,AGT-004,True
CALL-67476,CUST-64530,212,Afternoon (13-17h),Success,1073000,AGT-004,False
CALL-11052,CUST-64530,58,Evening (17-20h),Call Back Later,0,AGT-002,True
CALL-46914,CUST-64530,61,Morning (8-11h),Not Interested,0,AGT-010,False
CALL-62218,CUST-40437,16,Noon (11-13h),Not Interested,0,AGT-002,False
CALL-39265,CUST-40437,262,Morning (8-11h),Success,865000,AGT-003,False
CALL-86999,CUST-40437,9,Afternoon (13-17h),No Answer,0,AGT-014,False
CALL-70250,CUST-40437,133,Afternoon (13-17h),Success,1910000,AGT-001,False
CALL-89617,CUST-40437,111,Morning (8-11h),Not Interested,0,AGT-001,False
CALL-21123,CUST-40437,118,Afternoon (13-17h),Success,810000,AGT-003,True
CALL-71131,CUST-40437,299,Morning (8-11h),Success,593000,AGT-005,False
CALL-90070,CUST-40437,126,Afternoon (13-17h),Success,610000,AGT-004,False
CALL-79364,CUST-72476,56,Afternoon (13-17h),Call Back Later,0,AGT-002,True
CALL-98347,CUST-72476,229,Evening (17-20h),Call Back Later,0,AGT-001,True
CALL-96684,CUST-72476,254,Noon (11-13h),Success,537000,AGT-003,False
CALL-84248,CUST-72476,61,Morning (8-11h),No Answer,0,AGT-001,False
CALL-95673,CUST-72476,50,Afternoon (13-17h),Call Back Later,0,AGT-005,True
CALL-64551,CUST-72476,79,Afternoon (13-17h),Success,1249000,AGT-010,False
CALL-40307,CUST-72476,72,Afternoon (13-17h),Call Back Later,0,AGT-001,True
CALL-66667,CUST-72476,178,Afternoon (13-17h),Success,375000,AGT-013,False
CALL-14032,CUST-51713,85,Morning (8-11h),Not Interested,0,AGT-002,False
CALL-91271,CUST-51713,136,Morning (8-11h),Success,1993000,AGT-011,False
CALL-65870,CUST-51713,534,Evening (17-20h),No Answer,0,AGT-001,False
CALL-69731,CUST-51713,102,Noon (11-13h),Call Back Later,0,AGT-001,True
CALL-41606,CUST-51713,75,Afternoon (13-17h),Success,892000,AGT-002,False
CALL-61341,CUST-51713,312,Morning (8-11h),Success,1690000,AGT-014,False
CALL-15374,CUST-71198,561,Morning (8-11h),No Answer,0,AGT-005,False
CALL-49027,CUST-71198,332,Afternoon (13-17h),Success,2500000,AGT-012,False
CALL-16879,CUST-44220,109,Afternoon (13-17h),No Answer,0,AGT-006,False
CALL-90804,CUST-44220,225,Morning (8-11h),Not Interested,0,AGT-017,False
CALL-13499,CUST-44220,363,Afternoon (13-17h),No Answer,0,AGT-002,False
CALL-58223,CUST-44220,73,Evening (17-20h),Success,1148000,AGT-001,False
CALL-65246,CUST-44220,140,Morning (8-11h),Not Interested,0,AGT-002,False
CALL-38065,CUST-44220,65,Afternoon (13-17h),Success,537000,AGT-004,True
CALL-21697,CUST-44220,39,Morning (8-11h),No Answer,0,AGT-002,False
CALL-77719,CUST-44220,198,Morning (8-11h),Success,1044000,AGT-005,False
CALL-32711,CUST-40029,99,Morning (8-11h),Call Back Later,0,AGT-006,True
CALL-51767,CUST-40029,48,Morning (8-11h),No Answer,0,AGT-002,False
CALL-19046,CUST-40029,48,Afternoon (13-17h),Success,835000,AGT-016,False
CALL-74004,CUST-40029,249,Morning (8-11h),Success,1496000,AGT-003,False
CALL-63176,CUST-40029,198,Morning (8-11h),Not Interested,0,AGT-005,False
CALL-41740,CUST-40029,208,Morning (8-11h),Not Interested,0,AGT-005,False
CALL-75332,CUST-40029,73,Afternoon (13-17h),No Answer,0,AGT-015,False
CALL-46454,CUST-47428,302,Evening (17-20h),Success,500000,AGT-010,False
CALL-46437,CUST-47428,265,Morning (8-11h),Success,415000,AGT-002,False
CALL-35502,CUST-47428,316,Morning (8-11h),Success,648000,AGT-009,False
CALL-20538,CUST-36816,38,Morning (8-11h),Not Interested,0,AGT-001,False
CALL-66557,CUST-53951,170,Evening (17-20h),Call Back Later,0,AGT-020,True
CALL-86171,CUST-53951,169,Afternoon (13-17h),Success,789000,AGT-012,False
CALL-14362,CUST-53951,65,Noon (11-13h),Success,930000,AGT-001,False
CALL-17969,CUST-64158,110,Morning (8-11h),Call Back Later,0,AGT-014,True
CALL-76155,CUST-59617,152,Afternoon (13-17h),Call Back Later,0,AGT-006,True
CALL-60110,CUST-59617,307,Morning (8-11h),Success,696000,AGT-001,False
CALL-61817,CUST-59617,136,Morning (8-11h),Success,350000,AGT-001,False
CALL-22196,CUST-30785,187,Noon (11-13h),Call Back Later,0,AGT-003,True
CALL-38032,CUST-30785,26,Afternoon (13-17h),Call Back Later,0,AGT-006,True
CALL-16998,CUST-30785,87,Afternoon (13-17h),Success,1321000,AGT-015,False
CALL-80687,CUST-30785,96,Morning (8-11h),Success,1270000,AGT-018,False
CALL-59223,CUST-30785,278,Afternoon (13-17h),Success,1632000,AGT-002,True
CALL-76300,CUST-30785,283,Afternoon (13-17h),Success,553000,AGT-001,False
CALL-11982,CUST-30785,37,Evening (17-20h),Not Interested,0,AGT-018,False
CALL-17853,CUST-30785,68,Evening (17-20h),Not Interested,0,AGT-009,False
CALL-49136,CUST-30785,162,Noon (11-13h),Success,829000,AGT-002,False
CALL-20421,CUST-30785,105,Noon (11-13h),Success,1788000,AGT-016,False
CALL-80413,CUST-30785,91,Evening (17-20h),Success,1192000,AGT-017,False
CALL-61158,CUST-30785,83,Afternoon (13-17h),Success,976000,AGT-003,False
CALL-70944,CUST-30785,152,Morning (8-11h),Not Interested,0,AGT-001,False
CALL-22390,CUST-30785,152,Afternoon (13-17h),Success,611000,AGT-001,False
CALL-77592,CUST-85701,75,Afternoon (13-17h),No Answer,0,AGT-016,False
CALL-25829,CUST-85701,84,Afternoon (13-17h),Success,574000,AGT-001,False
CALL-14608,CUST-85701,110,Evening (17-20h),Success,995000,AGT-014,False
CALL-27165,CUST-67022,129,Noon (11-13h),Success,1154000,AGT-002,False
CALL-99763,CUST-67022,7,Afternoon (13-17h),No Answer,0,AGT-001,False
CALL-95331,CUST-67022,62,Noon (11-13h),Success,1371000,AGT-016,False
CALL-91738,CUST-67022,71,Noon (11-13h),Success,1231000,AGT-009,False
CALL-71606,CUST-59096,106,Afternoon (13-17h),Success,647000,AGT-001,False
CALL-25879,CUST-59096,150,Afternoon (13-17h),Call Back Later,0,AGT-013,True
CALL-41283,CUST-59096,66,Morning (8-11h),Success,1840000,AGT-015,False
CALL-18063,CUST-59096,100,Evening (17-20h),Not Interested,0,AGT-001,False
CALL-99956,CUST-59096,16,Evening (17-20h),Not Interested,0,AGT-002,False
CALL-95918,CUST-59096,318,Morning (8-11h),Success,844000,AGT-020,False
CALL-38611,CUST-54437,33,Morning (8-11h),Call Back Later,0,AGT-004,True
CALL-73379,CUST-54437,419,Afternoon (13-17h),Success,814000,AGT-002,False
CALL-39207,CUST-47264,141,Evening (17-20h),Success,381000,AGT-001,False
CALL-95892,CUST-47264,226,Morning (8-11h),Success,1272000,AGT-001,False
CALL-93003,CUST-47264,114,Afternoon (13-17h),Success,706000,AGT-002,False
CALL-24839,CUST-47264,154,Evening (17-20h),Success,653000,AGT-006,False
CALL-16198,CUST-47264,152,Afternoon (13-17h),Success,350000,AGT-005,False
CALL-53756,CUST-81836,242,Afternoon (13-17h),Success,1074000,AGT-002,False
CALL-62688,CUST-81836,169,Evening (17-20h),Call Back Later,0,AGT-001,True
CALL-94404,CUST-81836,29,Morning (8-11h),No Answer,0,AGT-001,False
CALL-23362,CUST-81836,21,Evening (17-20h),Call Back Later,0,AGT-006,True
CALL-27896,CUST-20913,46,Afternoon (13-17h),Call Back Later,0,AGT-001,True
CALL-21756,CUST-37314,115,Noon (11-13h),Call Back Later,0,AGT-001,True
CALL-97841,CUST-37314,250,Evening (17-20h),Success,463000,AGT-011,False
CALL-45579,CUST-92049,65,Afternoon (13-17h),Not Interested,0,AGT-001,False
CALL-97282,CUST-52490,29,Afternoon (13-17h),Call Back Later,0,AGT-006,True
CALL-49599,CUST-18130,43,Morning (8-11h),No Answer,0,AGT-013,True
CALL-49486,CUST-18130,437,Afternoon (13-17h),Success,350000,AGT-007,False
CALL-39989,CUST-18130,235,Noon (11-13h),Success,734000,AGT-009,False
CALL-57889,CUST-18130,43,Afternoon (13-17h),No Answer,0,AGT-001,False
CALL-95585,CUST-18130,89,Afternoon (13-17h),Success,1850000,AGT-001,False
CALL-17641,CUST-59160,126,Afternoon (13-17h),Success,921000,AGT-005,False
CALL-50244,CUST-59160,168,Evening (17-20h),Success,1265000,AGT-012,False
CALL-63996,CUST-59160,600,Morning (8-11h),Success,744000,AGT-011,False
CALL-70265,CUST-59160,116,Afternoon (13-17h),No Answer,0,AGT-001,False
CALL-48161,CUST-68755,56,Afternoon (13-17h),Success,859000,AGT-001,False
CALL-94530,CUST-68755,327,Afternoon (13-17h),Success,2500000,AGT-001,False
CALL-39493,CUST-68755,475,Afternoon (13-17h),Success,1004000,AGT-019,False
CALL-23323,CUST-68755,104,Morning (8-11h),No Answer,0,AGT-001,False
CALL-19076,CUST-68755,176,Morning (8-11h),Success,504000,AGT-001,False
CALL-61992,CUST-68755,114,Noon (11-13h),Call Back Later,0,AGT-005,True
CALL-41363,CUST-68755,179,Noon (11-13h),Success,620000,AGT-018,False
CALL-13125,CUST-68755,217,Afternoon (13-17h),Success,1262000,AGT-003,False
CALL-84749,CUST-30921,151,Noon (11-13h),Success,1077000,AGT-003,False
CALL-83022,CUST-30921,298,Morning (8-11h),Success,350000,AGT-018,False
CALL-23968,CUST-30921,148,Morning (8-11h),Success,1151000,AGT-008,False
CALL-94250,CUST-30921,54,Afternoon (13-17h),Not Interested,0,AGT-001,False
CALL-34090,CUST-30921,280,Morning (8-11h),Success,1245000,AGT-005,False
CALL-54413,CUST-30921,297,Morning (8-11h),Success,1231000,AGT-001,False
CALL-85128,CUST-78067,10,Morning (8-11h),Not Interested,0,AGT-013,False
CALL-66568,CUST-63372,508,Morning (8-11h),Success,1101000,AGT-009,False
CALL-36884,CUST-63372,49,Evening (17-20h),Success,432000,AGT-005,False
CALL-92913,CUST-63372,104,Morning (8-11h),Success,1533000,AGT-012,False
CALL-65594,CUST-63372,87,Morning (8-11h),Not Interested,0,AGT-001,False
CALL-99813,CUST-35215,61,Morning (8-11h),Success,1806000,AGT-006,False
CALL-16943,CUST-26662,161,Evening (17-20h),Success,1047000,AGT-002,False
CALL-96123,CUST-26662,35,Evening (17-20h),No Answer,0,AGT-001,False
CALL-75030,CUST-26662,133,Afternoon (13-17h),Success,637000,AGT-001,False
CALL-60443,CUST-26662,229,Afternoon (13-17h),Not Interested,0,AGT-020,False
CALL-89988,CUST-26662,119,Afternoon (13-17h),No Answer,0,AGT-001,False
CALL-75771,CUST-26662,329,Noon (11-13h),Success,398000,AGT-011,False
CALL-20548,CUST-17836,34,Afternoon (13-17h),No Answer,0,AGT-009,False
CALL-16876,CUST-17836,85,Morning (8-11h),Not Interested,0,AGT-009,False
CALL-56469,CUST-22647,55,Morning (8-11h),Call Back Later,0,AGT-003,True
CALL-33831,CUST-22647,214,Afternoon (13-17h),Success,1297000,AGT-003,False
CALL-83377,CUST-22647,125,Noon (11-13h),Success,642000,AGT-003,False
CALL-76312,CUST-22647,90,Morning (8-11h),Call Back Later,0,AGT-001,True
CALL-56500,CUST-22647,234,Morning (8-11h),Not Interested,0,AGT-001,False
CALL-70882,CUST-22647,388,Evening (17-20h),Call Back Later,0,AGT-003,True
CALL-53404,CUST-53022,176,Afternoon (13-17h),Success,516000,AGT-004,False
CALL-17754,CUST-53022,263,Afternoon (13-17h),Success,1058000,AGT-001,False
CALL-15539,CUST-53022,7,Afternoon (13-17h),Not Interested,0,AGT-005,False
CALL-98479,CUST-53022,181,Morning (8-11h),Success,2500000,AGT-001,False
CALL-86770,CUST-53022,590,Afternoon (13-17h),Success,583000,AGT-002,False
CALL-26995,CUST-53022,180,Afternoon (13-17h),Success,1765000,AGT-002,False
CALL-95768,CUST-53022,186,Morning (8-11h),Success,713000,AGT-005,False
CALL-70608,CUST-53022,160,Morning (8-11h),Call Back Later,0,AGT-009,True
CALL-39011,CUST-53022,108,Morning (8-11h),Call Back Later,0,AGT-002,True
CALL-69149,CUST-53022,93,Afternoon (13-17h),No Answer,0,AGT-001,False
CALL-72583,CUST-53022,116,Afternoon (13-17h),Success,848000,AGT-001,False
CALL-81348,CUST-63236,172,Afternoon (13-17h),Success,742000,AGT-001,False
CALL-95393,CUST-63236,48,Evening (17-20h),Not Interested,0,AGT-012,False
CALL-36718,CUST-63236,115,Afternoon (13-17h),No Answer,0,AGT-014,False
CALL-52513,CUST-81040,258,Afternoon (13-17h),Success,740000,AGT-014,False
CALL-36594,CUST-81040,117,Afternoon (13-17h),No Answer,0,AGT-005,False
CALL-51026,CUST-81040,91,Noon (11-13h),Not Interested,0,AGT-007,False
CALL-50151,CUST-81040,171,Morning (8-11h),Success,451000,AGT-003,False
CALL-87640,CUST-81040,23,Morning (8-11h),Not Interested,0,AGT-009,False
CALL-50512,CUST-81040,107,Noon (11-13h),Not Interested,0,AGT-020,False
CALL-19977,CUST-81040,44,Morning (8-11h),No Answer,0,AGT-002,False
CALL-44186,CUST-81040,144,Morning (8-11h),Success,776000,AGT-001,True
CALL-64780,CUST-81040,80,Afternoon (13-17h),Call Back Later,0,AGT-005,True
CALL-42911,CUST-81040,175,Morning (8-11h),Success,646000,AGT-001,False
CALL-17552,CUST-48856,109,Morning (8-11h),Not Interested,0,AGT-019,False
CALL-27975,CUST-48856,194,Afternoon (13-17h),Success,1070000,AGT-010,False
CALL-67089,CUST-48856,133,Morning (8-11h),Success,769000,AGT-005,False
CALL-45409,CUST-48856,41,Afternoon (13-17h),Call Back Later,0,AGT-008,True
CALL-69396,CUST-48856,45,Noon (11-13h),No Answer,0,AGT-003,False
CALL-88754,CUST-31594,32,Morning (8-11h),Call Back Later,0,AGT-009,True
CALL-73270,CUST-31594,156,Morning (8-11h),Not Interested,0,AGT-003,False
CALL-32155,CUST-35133,88,Morning (8-11h),Call Back Later,0,AGT-012,True
CALL-64227,CUST-35133,92,Afternoon (13-17h),Success,1012000,AGT-001,False
CALL-12286,CUST-35133,236,Noon (11-13h),Success,568000,AGT-007,False
CALL-85134,CUST-35133,266,Afternoon (13-17h),Not Interested,0,AGT-006,False
CALL-28782,CUST-35133,134,Afternoon (13-17h),Success,911000,AGT-001,False
CALL-62909,CUST-35133,41,Afternoon (13-17h),No Answer,0,AGT-002,False
CALL-75307,CUST-18846,137,Afternoon (13-17h),Not Interested,0,AGT-005,False
CALL-31283,CUST-18846,291,Morning (8-11h),Success,1255000,AGT-001,False
CALL-76264,CUST-18846,62,Afternoon (13-17h),No Answer,0,AGT-002,False
CALL-68945,CUST-18846,238,Morning (8-11h),Success,660000,AGT-002,False
CALL-99871,CUST-71354,272,Afternoon (13-17h),Success,949000,AGT-001,False
CALL-75473,CUST-71354,304,Noon (11-13h),Success,1661000,AGT-002,False
CALL-60693,CUST-71354,146,Evening (17-20h),Success,1026000,AGT-001,True
CALL-42115,CUST-71354,174,Noon (11-13h),Success,590000,AGT-012,True
CALL-77254,CUST-71354,67,Afternoon (13-17h),Success,509000,AGT-002,False
CALL-71173,CUST-91710,75,Morning (8-11h),Success,1379000,AGT-014,False
CALL-32517,CUST-91710,108,Morning (8-11h),Success,665000,AGT-009,False
CALL-90416,CUST-91710,10,Afternoon (13-17h),No Answer,0,AGT-020,False
CALL-58486,CUST-52463,33,Afternoon (13-17h),No Answer,0,AGT-017,False
CALL-80048,CUST-52463,173,Morning (8-11h),Success,567000,AGT-012,False
CALL-21849,CUST-52463,281,Morning (8-11h),Success,1727000,AGT-011,False
CALL-84926,CUST-52463,76,Evening (17-20h),Success,519000,AGT-008,False
CALL-67210,CUST-52463,27,Noon (11-13h),Not Interested,0,AGT-001,False
CALL-29136,CUST-52463,155,Afternoon (13-17h),Not Interested,0,AGT-019,False
CALL-59525,CUST-52463,84,Morning (8-11h),Not Interested,0,AGT-001,False
CALL-59220,CUST-52463,100,Morning (8-11h),Call Back Later,0,AGT-008,True
CALL-24661,CUST-52463,104,Afternoon (13-17h),Call Back Later,0,AGT-001,True
CALL-11551,CUST-52463,66,Noon (11-13h),Call Back Later,0,AGT-001,True
CALL-90663,CUST-52463,50,Afternoon (13-17h),No Answer,0,AGT-009,False
CALL-29085,CUST-52463,419,Morning (8-11h),Success,1115000,AGT-005,False
CALL-74149,CUST-52463,225,Morning (8-11h),Call Back Later,0,AGT-008,True
CALL-80816,CUST-52463,208,Noon (11-13h),Success,1993000,AGT-012,False
CALL-18423,CUST-46301,5,Noon (11-13h),No Answer,0,AGT-001,False
CALL-14792,CUST-46301,44,Evening (17-20h),No Answer,0,AGT-014,False
CALL-82350,CUST-46301,197,Morning (8-11h),Success,845000,AGT-001,False
CALL-97834,CUST-46301,26,Afternoon (13-17h),Success,905000,AGT-016,False
CALL-38568,CUST-92605,118,Afternoon (13-17h),Success,563000,AGT-008,False
CALL-36166,CUST-92605,122,Noon (11-13h),Success,1519000,AGT-004,False
CALL-75236,CUST-92605,79,Afternoon (13-17h),Call Back Later,0,AGT-004,True
CALL-70492,CUST-92605,159,Afternoon (13-17h),Success,570000,AGT-001,False
CALL-48036,CUST-92605,68,Morning (8-11h),Success,1259000,AGT-003,False
CALL-68288,CUST-92605,68,Afternoon (13-17h),Success,1119000,AGT-001,False
CALL-46174,CUST-92605,40,Evening (17-20h),Not Interested,0,AGT-007,False
CALL-86152,CUST-92605,306,Noon (11-13h),Success,1370000,AGT-009,False
CALL-76627,CUST-92605,47,Morning (8-11h),No Answer,0,AGT-018,False
CALL-85645,CUST-92605,75,Evening (17-20h),Call Back Later,0,AGT-011,True
CALL-14794,CUST-92605,110,Morning (8-11h),Call Back Later,0,AGT-019,True
CALL-93847,CUST-92605,85,Morning (8-11h),No Answer,0,AGT-002,False
CALL-81679,CUST-13803,308,Noon (11-13h),Success,1027000,AGT-009,False
CALL-79050,CUST-13803,234,Afternoon (13-17h),Success,805000,AGT-002,False
CALL-17506,CUST-13803,106,Evening (17-20h),Success,531000,AGT-001,False
CALL-50758,CUST-13803,106,Afternoon (13-17h),Success,1609000,AGT-005,False
CALL-10497,CUST-94691,58,Afternoon (13-17h),No Answer,0,AGT-005,False
CALL-78499,CUST-94691,7,Morning (8-11h),No Answer,0,AGT-018,False
CALL-25733,CUST-94691,25,Afternoon (13-17h),Call Back Later,0,AGT-007,True
CALL-73341,CUST-94691,300,Morning (8-11h),Not Interested,0,AGT-003,False
CALL-93500,CUST-57133,175,Evening (17-20h),Not Interested,0,AGT-007,False
CALL-47156,CUST-57133,69,Noon (11-13h),Success,594000,AGT-001,False
CALL-79324,CUST-57133,157,Afternoon (13-17h),Success,1028000,AGT-016,False
CALL-23973,CUST-88773,506,Noon (11-13h),Call Back Later,0,AGT-002,True
CALL-32980,CUST-88773,191,Afternoon (13-17h),Success,788000,AGT-001,False
CALL-88124,CUST-88773,38,Afternoon (13-17h),No Answer,0,AGT-004,False
CALL-54947,CUST-88773,96,Morning (8-11h),Call Back Later,0,AGT-005,True
CALL-32361,CUST-88773,162,Morning (8-11h),Success,860000,AGT-008,True
CALL-31889,CUST-88773,278,Morning (8-11h),Not Interested,0,AGT-008,False
CALL-48586,CUST-88773,118,Noon (11-13h),Call Back Later,0,AGT-002,True
CALL-16094,CUST-88773,99,Morning (8-11h),No Answer,0,AGT-007,False
CALL-32281,CUST-65533,68,Evening (17-20h),Call Back Later,0,AGT-002,True
CALL-42774,CUST-65533,29,Morning (8-11h),Not Interested,0,AGT-011,False
CALL-14093,CUST-65533,206,Noon (11-13h),Success,419000,AGT-004,False
CALL-74826,CUST-65533,95,Morning (8-11h),Call Back Later,0,AGT-001,True
CALL-32867,CUST-65533,28,Noon (11-13h),Not Interested,0,AGT-002,False
CALL-89384,CUST-65533,59,Evening (17-20h),No Answer,0,AGT-014,False
CALL-27059,CUST-65533,139,Afternoon (13-17h),Success,483000,AGT-019,False
CALL-57239,CUST-68277,121,Afternoon (13-17h),Success,789000,AGT-014,False
CALL-74272,CUST-68277,183,Afternoon (13-17h),Success,678000,AGT-006,False
CALL-10686,CUST-64670,74,Afternoon (13-17h),Success,606000,AGT-001,False
CALL-39114,CUST-64670,109,Morning (8-11h),Success,398000,AGT-001,True
CALL-60801,CUST-64670,21,Morning (8-11h),Not Interested,0,AGT-005,True
CALL-33733,CUST-64670,64,Afternoon (13-17h),Success,2084000,AGT-004,False
CALL-29762,CUST-88057,237,Afternoon (13-17h),Success,2057000,AGT-016,False
CALL-55520,CUST-81573,134,Morning (8-11h),Success,1748000,AGT-002,True
CALL-58098,CUST-81573,87,Noon (11-13h),Not Interested,0,AGT-003,False
CALL-51943,CUST-81573,200,Morning (8-11h),Success,1757000,AGT-003,False
CALL-13709,CUST-81573,147,Afternoon (13-17h),Success,378000,AGT-005,False
CALL-33451,CUST-81573,249,Morning (8-11h),Success,1262000,AGT-004,False
CALL-23907,CUST-47481,36,Noon (11-13h),Success,2161000,AGT-012,False
CALL-39500,CUST-47481,154,Noon (11-13h),Success,1354000,AGT-003,False
CALL-23264,CUST-47481,131,Noon (11-13h),Success,369000,AGT-018,False
CALL-52398,CUST-47481,230,Afternoon (13-17h),Success,550000,AGT-002,False
CALL-92974,CUST-72978,59,Morning (8-11h),Not Interested,0,AGT-005,False
CALL-53870,CUST-72978,168,Afternoon (13-17h),Call Back Later,0,AGT-004,True
CALL-71311,CUST-72978,5,Afternoon (13-17h),Not Interested,0,AGT-001,False
CALL-82232,CUST-72978,220,Afternoon (13-17h),Success,851000,AGT-019,False
CALL-97947,CUST-72978,182,Morning (8-11h),Success,793000,AGT-009,True
CALL-29763,CUST-72978,45,Morning (8-11h),No Answer,0,AGT-004,False
CALL-92105,CUST-72978,109,Afternoon (13-17h),Success,1654000,AGT-001,False
CALL-16100,CUST-72978,37,Afternoon (13-17h),No Answer,0,AGT-015,False
CALL-87257,CUST-72978,131,Noon (11-13h),Success,411000,AGT-003,False
CALL-64954,CUST-24809,212,Afternoon (13-17h),No Answer,0,AGT-002,False
CALL-26794,CUST-24809,201,Afternoon (13-17h),Not Interested,0,AGT-001,False
CALL-22652,CUST-24809,153,Afternoon (13-17h),Success,350000,AGT-015,False
CALL-26811,CUST-24809,23,Noon (11-13h),No Answer,0,AGT-004,False
CALL-25513,CUST-24809,171,Evening (17-20h),Success,1822000,AGT-008,False
CALL-74631,CUST-24809,163,Afternoon (13-17h),Not Interested,0,AGT-003,False
CALL-14924,CUST-24809,196,Morning (8-11h),Success,812000,AGT-019,False
CALL-81437,CUST-24809,54,Morning (8-11h),Not Interested,0,AGT-001,False
CALL-55631,CUST-49831,73,Afternoon (13-17h),Success,648000,AGT-014,False
CALL-30476,CUST-49831,446,Morning (8-11h),Success,493000,AGT-007,False
CALL-10633,CUST-77404,35,Morning (8-11h),Not Interested,0,AGT-012,False
CALL-53205,CUST-77404,140,Afternoon (13-17h),Success,890000,AGT-004,False
CALL-92787,CUST-77404,52,Noon (11-13h),Success,350000,AGT-001,False
CALL-47980,CUST-77404,97,Afternoon (13-17h),Call Back Later,0,AGT-005,True
CALL-47216,CUST-77404,108,Morning (8-11h),No Answer,0,AGT-010,False
CALL-10657,CUST-77404,168,Afternoon (13-17h),Success,350000,AGT-003,False
CALL-94267,CUST-77404,122,Afternoon (13-17h),Success,350000,AGT-012,False
CALL-13621,CUST-77404,11,Afternoon (13-17h),No Answer,0,AGT-014,False
CALL-33542,CUST-77404,57,Afternoon (13-17h),Call Back Later,0,AGT-012,True
CALL-40530,CUST-77404,90,Evening (17-20h),Success,2500000,AGT-004,False
CALL-93458,CUST-84591,217,Morning (8-11h),Success,2068000,AGT-003,False
CALL-57799,CUST-84591,74,Noon (11-13h),Success,594000,AGT-004,False
CALL-58881,CUST-84591,115,Evening (17-20h),Not Interested,0,AGT-003,False
CALL-78354,CUST-84591,137,Afternoon (13-17h),Success,440000,AGT-001,False
CALL-44411,CUST-84591,132,Afternoon (13-17h),Success,456000,AGT-002,False
CALL-44686,CUST-20178,117,Afternoon (13-17h),Success,1265000,AGT-004,False
CALL-84516,CUST-20178,45,Evening (17-20h),No Answer,0,AGT-006,False
CALL-15345,CUST-20178,74,Noon (11-13h),Success,783000,AGT-020,False
CALL-16538,CUST-20178,207,Noon (11-13h),Success,666000,AGT-008,False
CALL-80018,CUST-20178,237,Evening (17-20h),Success,541000,AGT-003,False
CALL-62135,CUST-20178,258,Noon (11-13h),Not Interested,0,AGT-001,False
CALL-69362,CUST-71809,64,Evening (17-20h),Call Back Later,0,AGT-014,True
CALL-66221,CUST-74042,83,Noon (11-13h),Success,415000,AGT-002,False
CALL-53746,CUST-74042,152,Afternoon (13-17h),Success,994000,AGT-018,False
CALL-66955,CUST-74042,373,Afternoon (13-17h),Success,578000,AGT-001,True
CALL-46516,CUST-74042,540,Afternoon (13-17h),Success,674000,AGT-005,False
CALL-99993,CUST-74042,64,Evening (17-20h),Success,907000,AGT-009,True
CALL-78643,CUST-18317,56,Afternoon (13-17h),Not Interested,0,AGT-001,False
CALL-63466,CUST-18317,29,Afternoon (13-17h),Not Interested,0,AGT-001,False
CALL-24876,CUST-18317,175,Afternoon (13-17h),Success,967000,AGT-002,False
CALL-94290,CUST-18317,24,Morning (8-11h),No Answer,0,AGT-020,False
CALL-93056,CUST-18317,161,Evening (17-20h),Success,924000,AGT-003,True
CALL-58143,CUST-18317,164,Evening (17-20h),Call Back Later,0,AGT-002,True
CALL-65480,CUST-18317,333,Morning (8-11h),Not Interested,0,AGT-003,False
CALL-97136,CUST-18317,54,Evening (17-20h),Call Back Later,0,AGT-020,True
CALL-91563,CUST-18317,11,Afternoon (13-17h),Not Interested,0,AGT-001,False
CALL-62102,CUST-87304,31,Noon (11-13h),Success,2175000,AGT-001,False
CALL-75273,CUST-38202,91,Morning (8-11h),Call Back Later,0,AGT-005,True
CALL-16522,CUST-38202,53,Afternoon (13-17h),No Answer,0,AGT-009,False
CALL-19112,CUST-20671,75,Evening (17-20h),Success,904000,AGT-001,True
CALL-22266,CUST-22530,204,Morning (8-11h),Success,447000,AGT-001,False
CALL-32263,CUST-74765,78,Morning (8-11h),Call Back Later,0,AGT-007,True
CALL-22026,CUST-74765,82,Noon (11-13h),Not Interested,0,AGT-015,False
CALL-45676,CUST-74765,136,Evening (17-20h),Success,629000,AGT-002,False
CALL-86418,CUST-74765,64,Evening (17-20h),Success,1849000,AGT-003,False
CALL-13454,CUST-69372,163,Noon (11-13h),Success,794000,AGT-001,False
CALL-28683,CUST-57836,211,Afternoon (13-17h),No Answer,0,AGT-015,False
CALL-28634,CUST-57836,56,Morning (8-11h),No Answer,0,AGT-001,False
CALL-74027,CUST-57836,315,Afternoon (13-17h),Success,1124000,AGT-003,False
CALL-36881,CUST-15207,26,Afternoon (13-17h),Success,391000,AGT-001,False
CALL-75523,CUST-86327,33,Morning (8-11h),Not Interested,0,AGT-003,False
CALL-15648,CUST-86327,83,Morning (8-11h),Call Back Later,0,AGT-017,True
CALL-52388,CUST-86327,36,Morning (8-11h),Not Interested,0,AGT-008,False
CALL-48817,CUST-96185,136,Evening (17-20h),Call Back Later,0,AGT-002,True
CALL-49931,CUST-96185,510,Noon (11-13h),Success,1513000,AGT-016,False
CALL-20661,CUST-96185,83,Noon (11-13h),Call Back Later,0,AGT-006,True
CALL-57448,CUST-96185,79,Noon (11-13h),Not Interested,0,AGT-006,False
CALL-22876,CUST-96185,33,Evening (17-20h),Call Back Later,0,AGT-003,True
CALL-14701,CUST-96185,588,Morning (8-11h),Success,1103000,AGT-001,False
CALL-72149,CUST-55273,312,Evening (17-20h),Not Interested,0,AGT-012,False
CALL-32308,CUST-55273,234,Afternoon (13-17h),Call Back Later,0,AGT-015,True
CALL-87143,CUST-55273,99,Afternoon (13-17h),No Answer,0,AGT-001,False
CALL-18749,CUST-55273,257,Noon (11-13h),Success,350000,AGT-001,True
CALL-81640,CUST-97188,177,Morning (8-11h),Not Interested,0,AGT-005,False
CALL-66680,CUST-97188,65,Afternoon (13-17h),Success,763000,AGT-017,False
CALL-59929,CUST-31380,577,Afternoon (13-17h),Success,1722000,AGT-003,False
CALL-22210,CUST-31380,14,Morning (8-11h),Not Interested,0,AGT-007,False
CALL-90127,CUST-31380,90,Afternoon (13-17h),Success,806000,AGT-001,False
CALL-33570,CUST-31380,58,Noon (11-13h),Call Back Later,0,AGT-012,True
CALL-54120,CUST-31380,5,Noon (11-13h),Not Interested,0,AGT-006,False
CALL-37885,CUST-31380,14,Morning (8-11h),No Answer,0,AGT-006,False
CALL-50791,CUST-31380,374,Afternoon (13-17h),No Answer,0,AGT-004,False
CALL-28208,CUST-31380,74,Afternoon (13-17h),Success,861000,AGT-009,False
CALL-84416,CUST-70979,93,Evening (17-20h),Success,1754000,AGT-002,False
CALL-42086,CUST-60076,76,Morning (8-11h),Success,1316000,AGT-015,True
CALL-39655,CUST-60076,80,Evening (17-20h),Not Interested,0,AGT-008,False
CALL-88746,CUST-60076,13,Afternoon (13-17h),Not Interested,0,AGT-005,False
CALL-40994,CUST-60076,152,Morning (8-11h),Success,896000,AGT-018,False
CALL-29976,CUST-60076,168,Afternoon (13-17h),Not Interested,0,AGT-007,False
CALL-58541,CUST-60076,67,Noon (11-13h),Success,1301000,AGT-018,False
CALL-76938,CUST-60076,211,Morning (8-11h),Success,604000,AGT-001,False
CALL-24515,CUST-60076,379,Morning (8-11h),Success,1065000,AGT-001,False
CALL-22367,CUST-10475,15,Evening (17-20h),Not Interested,0,AGT-001,False
CALL-74339,CUST-10475,97,Afternoon (13-17h),Call Back Later,0,AGT-013,True
CALL-54296,CUST-28538,151,Evening (17-20h),Success,772000,AGT-007,False
CALL-21541,CUST-28538,18,Afternoon (13-17h),No Answer,0,AGT-020,False
CALL-67079,CUST-28538,315,Afternoon (13-17h),Success,1817000,AGT-001,False
CALL-55553,CUST-28538,194,Morning (8-11h),Success,1105000,AGT-006,False
CALL-68092,CUST-28538,196,Afternoon (13-17h),Success,789000,AGT-001,False
CALL-65595,CUST-28538,316,Morning (8-11h),Success,750000,AGT-015,True
CALL-18757,CUST-28538,95,Morning (8-11h),Success,602000,AGT-014,False
CALL-68385,CUST-28538,97,Afternoon (13-17h),Success,837000,AGT-012,False
CALL-57338,CUST-28538,121,Noon (11-13h),Call Back Later,0,AGT-002,True
CALL-74691,CUST-28538,162,Evening (17-20h),Call Back Later,0,AGT-004,True
CALL-33317,CUST-54773,169,Morning (8-11h),Success,432000,AGT-014,False
CALL-22840,CUST-81286,47,Morning (8-11h),No Answer,0,AGT-007,False
CALL-15838,CUST-81286,32,Afternoon (13-17h),No Answer,0,AGT-001,False
CALL-27402,CUST-44770,181,Morning (8-11h),Success,505000,AGT-012,False
CALL-32054,CUST-44770,170,Afternoon (13-17h),Success,884000,AGT-003,False
CALL-88827,CUST-44770,261,Afternoon (13-17h),Success,723000,AGT-001,False
CALL-39608,CUST-44770,226,Morning (8-11h),Success,893000,AGT-004,True
CALL-85609,CUST-44770,24,Morning (8-11h),Not Interested,0,AGT-001,False
CALL-99445,CUST-90421,33,Evening (17-20h),Not Interested,0,AGT-001,False
CALL-29523,CUST-90421,53,Evening (17-20h),Not Interested,0,AGT-003,False
CALL-46462,CUST-90421,135,Morning (8-11h),Success,929000,AGT-013,False
CALL-70523,CUST-90421,298,Afternoon (13-17h),Success,350000,AGT-001,False
CALL-85044,CUST-90421,135,Morning (8-11h),Success,900000,AGT-004,False
CALL-30286,CUST-90421,107,Afternoon (13-17h),Success,423000,AGT-006,False
CALL-51590,CUST-90421,35,Morning (8-11h),No Answer,0,AGT-015,False
CALL-79127,CUST-90421,103,Afternoon (13-17h),Not Interested,0,AGT-006,False
CALL-74497,CUST-94521,194,Morning (8-11h),Success,1176000,AGT-005,False
CALL-50269,CUST-98986,82,Morning (8-11h),Call Back Later,0,AGT-004,True
CALL-58685,CUST-98986,71,Morning (8-11h),Success,770000,AGT-005,False
CALL-56099,CUST-98986,245,Afternoon (13-17h),Success,815000,AGT-006,False
CALL-48422,CUST-98986,164,Evening (17-20h),Not Interested,0,AGT-019,False
CALL-91498,CUST-98986,226,Morning (8-11h),Success,906000,AGT-004,False
CALL-86006,CUST-98986,56,Morning (8-11h),No Answer,0,AGT-001,False
CALL-57677,CUST-98986,361,Afternoon (13-17h),Success,914000,AGT-003,False
CALL-17682,CUST-98986,68,Morning (8-11h),Success,2198000,AGT-008,False
CALL-18921,CUST-98986,93,Noon (11-13h),Call Back Later,0,AGT-002,True
CALL-68653,CUST-59278,180,Noon (11-13h),Success,2500000,AGT-011,False
CALL-14961,CUST-59278,68,Afternoon (13-17h),Success,633000,AGT-015,False
CALL-59364,CUST-59278,146,Afternoon (13-17h),Success,1320000,AGT-006,False
CALL-45799,CUST-59278,150,Morning (8-11h),Success,1991000,AGT-018,True
CALL-90535,CUST-59278,98,Noon (11-13h),Call Back Later,0,AGT-001,True
CALL-91168,CUST-11938,156,Noon (11-13h),Success,828000,AGT-003,False
CALL-29208,CUST-11938,79,Noon (11-13h),Success,411000,AGT-001,False
CALL-26414,CUST-11938,164,Afternoon (13-17h),Call Back Later,0,AGT-006,True
CALL-70313,CUST-11938,194,Morning (8-11h),Success,771000,AGT-009,False
CALL-79451,CUST-11938,118,Morning (8-11h),Success,1898000,AGT-001,False
CALL-77124,CUST-40425,213,Morning (8-11h),Not Interested,0,AGT-001,False
CALL-33624,CUST-40425,57,Afternoon (13-17h),Not Interested,0,AGT-019,False
CALL-26704,CUST-40425,121,Morning (8-11h),Call Back Later,0,AGT-014,True
CALL-68083,CUST-40425,397,Morning (8-11h),Success,968000,AGT-001,False
CALL-52561,CUST-40425,119,Afternoon (13-17h),Call Back Later,0,AGT-003,True
CALL-36065,CUST-40425,99,Evening (17-20h),Success,613000,AGT-001,False
CALL-96985,CUST-40425,41,Morning (8-11h),No Answer,0,AGT-002,False
CALL-53988,CUST-40425,62,Morning (8-11h),Call Back Later,0,AGT-002,True
CALL-69839,CUST-40425,111,Afternoon (13-17h),Success,572000,AGT-004,False
CALL-28523,CUST-40425,248,Evening (17-20h),Success,681000,AGT-001,False
CALL-89101,CUST-40425,204,Afternoon (13-17h),Success,486000,AGT-020,False
CALL-21287,CUST-40425,50,Noon (11-13h),No Answer,0,AGT-001,False
CALL-97859,CUST-83413,151,Afternoon (13-17h),Success,429000,AGT-010,False
CALL-49172,CUST-83413,119,Afternoon (13-17h),Call Back Later,0,AGT-002,True
CALL-45628,CUST-12204,127,Afternoon (13-17h),Success,1191000,AGT-015,False
CALL-10201,CUST-12204,194,Morning (8-11h),Success,1242000,AGT-001,False
CALL-66247,CUST-12204,179,Afternoon (13-17h),Success,476000,AGT-013,False
CALL-94340,CUST-12204,170,Morning (8-11h),Not Interested,0,AGT-002,False
CALL-80270,CUST-12204,179,Afternoon (13-17h),Success,1155000,AGT-014,False
CALL-71264,CUST-12204,14,Afternoon (13-17h),No Answer,0,AGT-005,False
CALL-52576,CUST-12204,407,Afternoon (13-17h),No Answer,0,AGT-001,False
CALL-21076,CUST-12204,124,Afternoon (13-17h),Call Back Later,0,AGT-001,True
CALL-34995,CUST-12204,202,Afternoon (13-17h),Success,1248000,AGT-010,False
CALL-53498,CUST-12204,248,Morning (8-11h),Success,2500000,AGT-005,False
CALL-27978,CUST-12204,71,Afternoon (13-17h),Call Back Later,0,AGT-015,True
CALL-67852,CUST-12204,106,Afternoon (13-17h),No Answer,0,AGT-003,False
CALL-85446,CUST-12204,249,Afternoon (13-17h),Not Interested,0,AGT-018,False
CALL-13350,CUST-12204,300,Morning (8-11h),Success,1059000,AGT-002,True
CALL-72334,CUST-47518,121,Morning (8-11h),Success,1570000,AGT-002,False
CALL-65853,CUST-47518,22,Morning (8-11h),No Answer,0,AGT-005,False
CALL-79922,CUST-47518,55,Afternoon (13-17h),No Answer,0,AGT-002,False
CALL-45242,CUST-47518,80,Morning (8-11h),Success,852000,AGT-002,False
CALL-70068,CUST-47518,147,Morning (8-11h),Success,350000,AGT-002,False
CALL-29708,CUST-47518,158,Afternoon (13-17h),Success,2500000,AGT-019,False
CALL-80115,CUST-47518,207,Noon (11-13h),Call Back Later,0,AGT-011,True
CALL-66161,CUST-47518,239,Afternoon (13-17h),Success,1299000,AGT-001,False
CALL-26921,CUST-57942,5,Afternoon (13-17h),No Answer,0,AGT-001,False
CALL-35040,CUST-57942,89,Morning (8-11h),Success,447000,AGT-012,False
CALL-87583,CUST-57942,237,Evening (17-20h),Success,2500000,AGT-006,True
CALL-98064,CUST-57942,335,Afternoon (13-17h),Call Back Later,0,AGT-001,True
CALL-69478,CUST-57942,168,Afternoon (13-17h),Not Interested,0,AGT-004,False
CALL-95032,CUST-57942,43,Noon (11-13h),Not Interested,0,AGT-019,False
CALL-44975,CUST-57942,133,Afternoon (13-17h),Success,2176000,AGT-010,False
CALL-34568,CUST-57942,271,Afternoon (13-17h),Call Back Later,0,AGT-008,True
CALL-15624,CUST-57942,30,Morning (8-11h),No Answer,0,AGT-011,False
CALL-92318,CUST-67371,45,Noon (11-13h),No Answer,0,AGT-018,False
CALL-90230,CUST-67371,47,Morning (8-11h),Not Interested,0,AGT-006,False
CALL-91608,CUST-67371,178,Afternoon (13-17h),Not Interested,0,AGT-010,False
CALL-33876,CUST-67371,59,Evening (17-20h),Not Interested,0,AGT-004,False
CALL-71450,CUST-81632,5,Evening (17-20h),Not Interested,0,AGT-012,False
CALL-25012,CUST-34858,273,Evening (17-20h),Success,1266000,AGT-008,False
CALL-93745,CUST-14012,114,Noon (11-13h),No Answer,0,AGT-004,False
CALL-51140,CUST-14012,412,Afternoon (13-17h),Call Back Later,0,AGT-018,True
CALL-86697,CUST-14012,199,Noon (11-13h),Success,824000,AGT-002,False
CALL-86437,CUST-14012,117,Noon (11-13h),Call Back Later,0,AGT-017,True
CALL-67952,CUST-14012,218,Morning (8-11h),Success,832000,AGT-001,False
CALL-14399,CUST-14012,54,Afternoon (13-17h),Not Interested,0,AGT-012,False
CALL-86347,CUST-14012,153,Afternoon (13-17h),Success,877000,AGT-005,False
CALL-91144,CUST-14012,151,Noon (11-13h),Success,478000,AGT-006,False
CALL-83853,CUST-14012,107,Evening (17-20h),Call Back Later,0,AGT-002,True
CALL-89488,CUST-14012,34,Noon (11-13h),No Answer,0,AGT-004,False
CALL-13184,CUST-31343,146,Afternoon (13-17h),Success,973000,AGT-004,False
CALL-40416,CUST-89848,141,Morning (8-11h),Not Interested,0,AGT-013,False
CALL-15569,CUST-89848,68,Afternoon (13-17h),Success,925000,AGT-010,False
CALL-10458,CUST-89848,31,Morning (8-11h),Not Interested,0,AGT-005,False
CALL-42987,CUST-89848,60,Afternoon (13-17h),Not Interested,0,AGT-013,True
CALL-89785,CUST-13280,354,Morning (8-11h),Success,1179000,AGT-009,False
CALL-24392,CUST-13280,73,Morning (8-11h),Success,1260000,AGT-020,False
CALL-31629,CUST-13280,145,Afternoon (13-17h),Success,1275000,AGT-001,False
CALL-44076,CUST-13280,139,Noon (11-13h),Success,1706000,AGT-003,False
CALL-31915,CUST-13280,104,Morning (8-11h),Not Interested,0,AGT-007,False
CALL-87853,CUST-13280,367,Morning (8-11h),Success,1387000,AGT-016,False
CALL-64291,CUST-13280,189,Noon (11-13h),Success,798000,AGT-009,False
CALL-76996,CUST-13280,173,Afternoon (13-17h),Success,693000,AGT-006,False
CALL-15487,CUST-13280,119,Afternoon (13-17h),Not Interested,0,AGT-002,False
CALL-44339,CUST-13280,73,Morning (8-11h),Success,376000,AGT-009,False
CALL-62055,CUST-51396,123,Noon (11-13h),Call Back Later,0,AGT-008,True
CALL-87508,CUST-51396,192,Noon (11-13h),Success,570000,AGT-014,False
CALL-57432,CUST-76607,222,Morning (8-11h),Success,1556000,AGT-004,False
CALL-82227,CUST-76607,193,Noon (11-13h),Call Back Later,0,AGT-001,True
CALL-11448,CUST-76607,11,Morning (8-11h),Not Interested,0,AGT-001,False
CALL-35754,CUST-76607,22,Afternoon (13-17h),Not Interested,0,AGT-012,False
CALL-52194,CUST-76607,96,Morning (8-11h),Success,1290000,AGT-001,False
CALL-44529,CUST-76607,22,Morning (8-11h),Success,379000,AGT-006,False
CALL-46966,CUST-76607,51,Morning (8-11h),Not Interested,0,AGT-004,False
CALL-72969,CUST-76607,37,Afternoon (13-17h),Call Back Later,0,AGT-002,True
CALL-88135,CUST-76607,99,Evening (17-20h),No Answer,0,AGT-013,False
CALL-61721,CUST-76607,120,Morning (8-11h),Call Back Later,0,AGT-001,True
CALL-16436,CUST-76607,33,Afternoon (13-17h),Not Interested,0,AGT-006,False
CALL-13179,CUST-76607,296,Evening (17-20h),Success,621000,AGT-003,False
CALL-66881,CUST-76607,154,Evening (17-20h),Call Back Later,0,AGT-001,True
CALL-13951,CUST-76607,115,Morning (8-11h),Success,556000,AGT-011,False
CALL-80911,CUST-26206,213,Afternoon (13-17h),No Answer,0,AGT-003,False
CALL-37849,CUST-46131,113,Afternoon (13-17h),Not Interested,0,AGT-002,False
CALL-95733,CUST-46131,162,Noon (11-13h),Success,412000,AGT-011,True
CALL-58873,CUST-46131,75,Afternoon (13-17h),Success,961000,AGT-001,False
CALL-27958,CUST-46131,55,Morning (8-11h),Call Back Later,0,AGT-017,True
CALL-89341,CUST-46131,39,Afternoon (13-17h),No Answer,0,AGT-002,False
CALL-70069,CUST-46131,125,Morning (8-11h),Success,1060000,AGT-004,True
CALL-27067,CUST-46131,149,Morning (8-11h),No Answer,0,AGT-002,False
CALL-56227,CUST-85478,457,Afternoon (13-17h),Success,822000,AGT-007,False
CALL-21045,CUST-85478,11,Evening (17-20h),No Answer,0,AGT-016,False
CALL-46526,CUST-10419,113,Afternoon (13-17h),No Answer,0,AGT-002,False
CALL-11020,CUST-26073,217,Evening (17-20h),Call Back Later,0,AGT-002,True
CALL-41597,CUST-12585,51,Afternoon (13-17h),No Answer,0,AGT-005,False
CALL-91239,CUST-12585,255,Afternoon (13-17h),Success,1373000,AGT-002,False
CALL-89059,CUST-12585,217,Morning (8-11h),Success,1339000,AGT-001,False
CALL-77860,CUST-12585,267,Morning (8-11h),Success,521000,AGT-012,False
CALL-67857,CUST-12585,169,Afternoon (13-17h),Call Back Later,0,AGT-010,True
CALL-41245,CUST-12585,56,Morning (8-11h),No Answer,0,AGT-010,False
CALL-60747,CUST-12585,118,Evening (17-20h),Success,2500000,AGT-007,False
CALL-93361,CUST-40078,234,Morning (8-11h),Success,433000,AGT-015,False
CALL-14101,CUST-40078,61,Afternoon (13-17h),Success,1792000,AGT-006,False
CALL-15157,CUST-40078,23,Morning (8-11h),Call Back Later,0,AGT-007,True
CALL-79734,CUST-40078,33,Afternoon (13-17h),Not Interested,0,AGT-012,False
CALL-48434,CUST-40078,193,Morning (8-11h),Success,781000,AGT-014,False
CALL-73213,CUST-40078,66,Afternoon (13-17h),Not Interested,0,AGT-013,False
CALL-54625,CUST-40078,153,Morning (8-11h),Success,1125000,AGT-008,False
CALL-18060,CUST-40078,211,Noon (11-13h),Call Back Later,0,AGT-001,True
CALL-32507,CUST-40078,80,Afternoon (13-17h),Success,371000,AGT-003,False
CALL-58770,CUST-40078,43,Evening (17-20h),Not Interested,0,AGT-004,False
CALL-38613,CUST-40078,48,Evening (17-20h),No Answer,0,AGT-008,False
CALL-73899,CUST-40078,417,Morning (8-11h),Success,908000,AGT-009,False
CALL-38792,CUST-63151,51,Morning (8-11h),Not Interested,0,AGT-006,False
CALL-75714,CUST-63151,161,Morning (8-11h),Success,2500000,AGT-001,False
CALL-51063,CUST-63151,225,Evening (17-20h),Success,904000,AGT-001,False
CALL-41258,CUST-63151,154,Evening (17-20h),Success,564000,AGT-001,False
CALL-41089,CUST-61062,99,Afternoon (13-17h),No Answer,0,AGT-016,False
CALL-59422,CUST-61062,112,Afternoon (13-17h),Success,350000,AGT-001,False
CALL-75839,CUST-61062,135,Afternoon (13-17h),Success,539000,AGT-003,False
CALL-71534,CUST-63998,25,Evening (17-20h),Not Interested,0,AGT-001,False
CALL-42581,CUST-63998,179,Morning (8-11h),Success,534000,AGT-003,False
CALL-47364,CUST-63998,375,Afternoon (13-17h),Not Interested,0,AGT-001,False
CALL-46527,CUST-63998,5,Afternoon (13-17h),No Answer,0,AGT-005,False
CALL-14359,CUST-63998,60,Afternoon (13-17h),Success,2500000,AGT-007,False
CALL-27976,CUST-20767,113,Afternoon (13-17h),Success,1615000,AGT-010,False
CALL-10235,CUST-20767,287,Afternoon (13-17h),Success,700000,AGT-001,False
CALL-39341,CUST-20767,351,Evening (17-20h),Success,600000,AGT-018,False
CALL-55690,CUST-20767,9,Morning (8-11h),Not Interested,0,AGT-002,False
CALL-45126,CUST-20767,209,Morning (8-11h),Success,487000,AGT-001,False
CALL-82743,CUST-20767,330,Afternoon (13-17h),Success,1118000,AGT-008,False
CALL-95920,CUST-20767,16,Afternoon (13-17h),Success,350000,AGT-012,False
CALL-20446,CUST-94292,163,Afternoon (13-17h),Success,983000,AGT-004,False
CALL-44091,CUST-94292,331,Afternoon (13-17h),Call Back Later,0,AGT-012,True
CALL-27253,CUST-94292,88,Afternoon (13-17h),Not Interested,0,AGT-001,False
CALL-35001,CUST-65119,147,Afternoon (13-17h),Success,666000,AGT-001,False
CALL-83068,CUST-65119,83,Afternoon (13-17h),Success,1275000,AGT-004,False
CALL-86071,CUST-65119,164,Evening (17-20h),Success,350000,AGT-004,False
CALL-40571,CUST-65119,245,Afternoon (13-17h),Success,1515000,AGT-009,False
CALL-90323,CUST-27206,278,Afternoon (13-17h),Success,905000,AGT-004,True
CALL-71893,CUST-18466,64,Afternoon (13-17h),Success,696000,AGT-019,False
CALL-29009,CUST-18466,34,Afternoon (13-17h),Call Back Later,0,AGT-003,True
CALL-23269,CUST-18466,163,Morning (8-11h),Success,1150000,AGT-001,False
CALL-26694,CUST-18466,193,Noon (11-13h),Success,422000,AGT-011,False
CALL-28908,CUST-18466,30,Morning (8-11h),Not Interested,0,AGT-005,False
CALL-55770,CUST-18466,93,Evening (17-20h),Success,1346000,AGT-003,False
CALL-50703,CUST-18466,319,Evening (17-20h),Call Back Later,0,AGT-010,True
CALL-41224,CUST-51115,91,Noon (11-13h),No Answer,0,AGT-001,False
CALL-20597,CUST-51115,262,Morning (8-11h),Call Back Later,0,AGT-012,True
CALL-69785,CUST-51115,70,Noon (11-13h),Call Back Later,0,AGT-001,True
CALL-14694,CUST-99281,262,Evening (17-20h),Success,695000,AGT-002,False
CALL-93154,CUST-99281,115,Morning (8-11h),Success,424000,AGT-005,False
CALL-68965,CUST-58695,97,Evening (17-20h),Call Back Later,0,AGT-001,True
CALL-85397,CUST-58695,121,Morning (8-11h),Call Back Later,0,AGT-006,True
CALL-59104,CUST-58695,58,Afternoon (13-17h),No Answer,0,AGT-001,False
CALL-75259,CUST-27202,31,Evening (17-20h),Not Interested,0,AGT-001,False
CALL-26963,CUST-98307,88,Afternoon (13-17h),Success,722000,AGT-001,False
CALL-22912,CUST-98307,194,Morning (8-11h),Success,571000,AGT-001,False
CALL-29362,CUST-98307,18,Evening (17-20h),Not Interested,0,AGT-008,False
CALL-32142,CUST-98307,281,Evening (17-20h),Success,1699000,AGT-001,False
CALL-82569,CUST-98307,97,Morning (8-11h),Success,389000,AGT-001,False
CALL-85798,CUST-98307,198,Afternoon (13-17h),No Answer,0,AGT-020,False
CALL-85950,CUST-98307,87,Afternoon (13-17h),Success,667000,AGT-019,False
CALL-35157,CUST-98307,183,Afternoon (13-17h),Success,1277000,AGT-002,True
CALL-44189,CUST-95436,192,Noon (11-13h),Call Back Later,0,AGT-001,True
CALL-39918,CUST-93955,316,Afternoon (13-17h),Not Interested,0,AGT-013,False
CALL-99243,CUST-93955,18,Morning (8-11h),No Answer,0,AGT-007,False
CALL-58849,CUST-93955,109,Noon (11-13h),Success,990000,AGT-001,False
CALL-16462,CUST-93955,245,Afternoon (13-17h),Success,959000,AGT-011,False
CALL-48010,CUST-93955,112,Morning (8-11h),No Answer,0,AGT-012,False
CALL-16070,CUST-77105,98,Morning (8-11h),Not Interested,0,AGT-001,False
CALL-94866,CUST-77105,90,Evening (17-20h),Success,585000,AGT-003,False
CALL-80075,CUST-77105,125,Noon (11-13h),Call Back Later,0,AGT-003,True
CALL-51274,CUST-66776,189,Afternoon (13-17h),Success,350000,AGT-001,False
CALL-29608,CUST-66776,98,Evening (17-20h),No Answer,0,AGT-004,False
CALL-60151,CUST-66776,248,Evening (17-20h),Success,1382000,AGT-001,True
CALL-22234,CUST-21527,145,Afternoon (13-17h),Success,647000,AGT-001,False
CALL-81767,CUST-21527,104,Afternoon (13-17h),Not Interested,0,AGT-001,False
CALL-44326,CUST-23462,125,Morning (8-11h),Success,494000,AGT-008,True
CALL-95645,CUST-12859,243,Morning (8-11h),Success,2208000,AGT-013,False
CALL-35350,CUST-54934,66,Morning (8-11h),Success,499000,AGT-001,False
CALL-70557,CUST-54934,91,Noon (11-13h),No Answer,0,AGT-001,False
CALL-85582,CUST-57358,71,Morning (8-11h),No Answer,0,AGT-006,False
CALL-87416,CUST-38351,93,Afternoon (13-17h),Success,524000,AGT-003,False
CALL-53139,CUST-49243,119,Evening (17-20h),Not Interested,0,AGT-003,False
CALL-14371,CUST-49243,242,Afternoon (13-17h),Success,1977000,AGT-004,False
CALL-12265,CUST-49243,189,Afternoon (13-17h),Success,670000,AGT-005,False
CALL-40670,CUST-49243,117,Afternoon (13-17h),Call Back Later,0,AGT-012,True
CALL-54717,CUST-49243,114,Morning (8-11h),Call Back Later,0,AGT-012,True
CALL-60618,CUST-29906,167,Evening (17-20h),Not Interested,0,AGT-007,False
CALL-56067,CUST-56020,87,Morning (8-11h),Success,893000,AGT-001,False
CALL-29712,CUST-56020,64,Afternoon (13-17h),Call Back Later,0,AGT-001,True
CALL-99715,CUST-56020,168,Morning (8-11h),Success,954000,AGT-006,False
CALL-24157,CUST-22549,65,Afternoon (13-17h),Success,518000,AGT-005,False
CALL-21986,CUST-22549,52,Afternoon (13-17h),Call Back Later,0,AGT-002,True
CALL-39848,CUST-22549,485,Morning (8-11h),Success,698000,AGT-007,False
CALL-79389,CUST-22549,14,Afternoon (13-17h),Not Interested,0,AGT-004,False
CALL-18257,CUST-22549,10,Afternoon (13-17h),Not Interested,0,AGT-002,False
CALL-76965,CUST-22549,110,Afternoon (13-17h),Not Interested,0,AGT-010,False
CALL-78093,CUST-22549,180,Afternoon (13-17h),Success,860000,AGT-008,False
CALL-42391,CUST-22549,101,Morning (8-11h),Success,2343000,AGT-005,False
CALL-37236,CUST-22549,87,Noon (11-13h),Success,982000,AGT-018,False
CALL-62724,CUST-22549,394,Afternoon (13-17h),Success,1770000,AGT-008,False
CALL-92522,CUST-22549,70,Morning (8-11h),Not Interested,0,AGT-019,False
CALL-50828,CUST-28703,120,Noon (11-13h),Success,582000,AGT-005,False
CALL-46913,CUST-32294,94,Afternoon (13-17h),Success,899000,AGT-005,False
CALL-79701,CUST-32294,135,Afternoon (13-17h),Success,948000,AGT-003,False
CALL-60905,CUST-32294,97,Noon (11-13h),No Answer,0,AGT-001,False
CALL-13137,CUST-32294,161,Evening (17-20h),Success,1562000,AGT-019,False
CALL-46202,CUST-32294,122,Afternoon (13-17h),Call Back Later,0,AGT-006,True
CALL-91470,CUST-15802,84,Afternoon (13-17h),Not Interested,0,AGT-002,False
CALL-43897,CUST-15802,35,Afternoon (13-17h),No Answer,0,AGT-001,False
CALL-67744,CUST-54965,5,Noon (11-13h),No Answer,0,AGT-001,False
CALL-65430,CUST-54965,174,Afternoon (13-17h),Success,2500000,AGT-019,False
CALL-80020,CUST-54965,53,Afternoon (13-17h),No Answer,0,AGT-003,False
CALL-13028,CUST-54965,122,Morning (8-11h),Success,889000,AGT-013,False
CALL-41749,CUST-54965,35,Afternoon (13-17h),Success,718000,AGT-001,False
CALL-91022,CUST-54965,215,Afternoon (13-17h),Call Back Later,0,AGT-001,True
CALL-69282,CUST-54965,208,Afternoon (13-17h),Success,885000,AGT-013,False
CALL-50179,CUST-54965,57,Noon (11-13h),Call Back Later,0,AGT-008,True
CALL-98965,CUST-57638,188,Evening (17-20h),Not Interested,0,AGT-017,False
CALL-11903,CUST-57638,214,Noon (11-13h),Success,729000,AGT-011,False
CALL-38401,CUST-57638,293,Morning (8-11h),Call Back Later,0,AGT-005,True
CALL-61953,CUST-57638,37,Morning (8-11h),Call Back Later,0,AGT-008,True
CALL-59041,CUST-57638,86,Evening (17-20h),Not Interested,0,AGT-013,False
CALL-95685,CUST-57638,110,Noon (11-13h),Success,621000,AGT-018,False
CALL-41910,CUST-57638,93,Afternoon (13-17h),Not Interested,0,AGT-003,False
CALL-71079,CUST-57638,328,Evening (17-20h),Not Interested,0,AGT-013,False
CALL-33819,CUST-57638,164,Morning (8-11h),Not Interested,0,AGT-002,False
CALL-92910,CUST-57638,50,Afternoon (13-17h),Not Interested,0,AGT-006,False
CALL-47430,CUST-57638,393,Afternoon (13-17h),Success,737000,AGT-007,False
CALL-61439,CUST-57638,178,Morning (8-11h),Success,2500000,AGT-001,False
CALL-84052,CUST-57638,89,Noon (11-13h),Not Interested,0,AGT-008,False
CALL-36518,CUST-53755,23,Morning (8-11h),Not Interested,0,AGT-005,False
CALL-89123,CUST-53755,98,Morning (8-11h),Success,455000,AGT-003,False
CALL-51976,CUST-53755,281,Evening (17-20h),Success,2500000,AGT-009,False
CALL-45666,CUST-53755,118,Noon (11-13h),Success,2500000,AGT-008,False
CALL-89962,CUST-53755,93,Morning (8-11h),Success,1171000,AGT-007,False
CALL-78528,CUST-20454,165,Evening (17-20h),Call Back Later,0,AGT-004,True
CALL-90941,CUST-20454,104,Evening (17-20h),No Answer,0,AGT-001,False
CALL-56288,CUST-20454,197,Afternoon (13-17h),Success,798000,AGT-009,False
CALL-67949,CUST-97447,223,Noon (11-13h),Success,453000,AGT-019,False
CALL-39063,CUST-94136,56,Afternoon (13-17h),No Answer,0,AGT-011,False
CALL-44016,CUST-94136,254,Morning (8-11h),Not Interested,0,AGT-002,False
CALL-72065,CUST-94136,56,Afternoon (13-17h),No Answer,0,AGT-003,False
CALL-85398,CUST-86928,133,Morning (8-11h),Success,917000,AGT-005,False
CALL-80156,CUST-86928,339,Evening (17-20h),Success,1644000,AGT-016,False
CALL-60081,CUST-86928,128,Afternoon (13-17h),Success,617000,AGT-014,False
CALL-87000,CUST-86928,23,Evening (17-20h),Not Interested,0,AGT-002,True
CALL-19358,CUST-86928,141,Evening (17-20h),Success,516000,AGT-002,True
CALL-89771,CUST-86928,203,Afternoon (13-17h),Success,889000,AGT-014,False
CALL-21336,CUST-86928,206,Morning (8-11h),Success,826000,AGT-009,True
CALL-34307,CUST-91147,250,Afternoon (13-17h),Not Interested,0,AGT-012,False
CALL-84011,CUST-91147,137,Evening (17-20h),Call Back Later,0,AGT-001,True
CALL-73106,CUST-91147,225,Morning (8-11h),Success,940000,AGT-008,False
CALL-33646,CUST-91147,50,Morning (8-11h),Success,1328000,AGT-015,False
CALL-37934,CUST-91147,194,Afternoon (13-17h),Success,889000,AGT-005,False
CALL-20271,CUST-91147,84,Afternoon (13-17h),Not Interested,0,AGT-011,False
CALL-93726,CUST-91147,292,Afternoon (13-17h),Success,921000,AGT-001,False
CALL-54515,CUST-32408,135,Morning (8-11h),Success,924000,AGT-013,False
CALL-10701,CUST-32408,91,Afternoon (13-17h),Not Interested,0,AGT-001,False
CALL-51568,CUST-32408,227,Noon (11-13h),Not Interested,0,AGT-005,False
CALL-25884,CUST-32408,126,Evening (17-20h),Call Back Later,0,AGT-001,True
CALL-76606,CUST-96501,22,Afternoon (13-17h),Not Interested,0,AGT-020,False
CALL-11114,CUST-96501,46,Afternoon (13-17h),Not Interested,0,AGT-007,False
CALL-89935,CUST-96501,436,Morning (8-11h),Success,1032000,AGT-020,False
CALL-29023,CUST-96501,159,Afternoon (13-17h),Success,1684000,AGT-010,True
CALL-14318,CUST-96501,140,Evening (17-20h),Success,1131000,AGT-004,False
CALL-30498,CUST-96501,104,Morning (8-11h),Call Back Later,0,AGT-016,True
CALL-20371,CUST-80157,157,Afternoon (13-17h),Success,945000,AGT-002,False
CALL-67169,CUST-80157,173,Noon (11-13h),Success,497000,AGT-019,False
CALL-57693,CUST-80157,30,Morning (8-11h),No Answer,0,AGT-001,False
CALL-31925,CUST-80157,90,Evening (17-20h),Not Interested,0,AGT-005,False
CALL-67122,CUST-80157,61,Noon (11-13h),Success,1568000,AGT-015,False
CALL-30806,CUST-80157,33,Noon (11-13h),No Answer,0,AGT-007,True
CALL-41988,CUST-80157,13,Afternoon (13-17h),Not Interested,0,AGT-012,False
CALL-81015,CUST-35324,464,Morning (8-11h),Success,473000,AGT-006,False
CALL-50685,CUST-35324,600,Afternoon (13-17h),Success,633000,AGT-004,False
CALL-71861,CUST-35324,457,Morning (8-11h),Success,532000,AGT-012,False
CALL-51944,CUST-35324,227,Evening (17-20h),Not Interested,0,AGT-003,False
CALL-12292,CUST-35324,147,Evening (17-20h),Success,956000,AGT-009,False
CALL-13965,CUST-35324,79,Afternoon (13-17h),Success,894000,AGT-001,True
CALL-97559,CUST-35324,92,Afternoon (13-17h),Call Back Later,0,AGT-002,True
CALL-31594,CUST-62489,37,Afternoon (13-17h),Call Back Later,0,AGT-018,True
CALL-53220,CUST-62489,111,Afternoon (13-17h),Success,383000,AGT-004,False
CALL-52320,CUST-62489,20,Noon (11-13h),No Answer,0,AGT-007,False
CALL-52074,CUST-62489,135,Morning (8-11h),Success,1220000,AGT-001,False
CALL-85417,CUST-62489,39,Afternoon (13-17h),Not Interested,0,AGT-001,False
CALL-46291,CUST-62489,238,Afternoon (13-17h),Success,828000,AGT-003,False
CALL-71178,CUST-62489,85,Noon (11-13h),Success,481000,AGT-001,False
CALL-57070,CUST-62489,284,Noon (11-13h),Success,421000,AGT-003,False
CALL-69459,CUST-62489,287,Afternoon (13-17h),Success,1464000,AGT-003,False
CALL-25401,CUST-62489,186,Afternoon (13-17h),Success,1696000,AGT-006,False
CALL-15259,CUST-56484,319,Evening (17-20h),No Answer,0,AGT-010,False
CALL-15899,CUST-56484,129,Morning (8-11h),Success,448000,AGT-003,False
CALL-93768,CUST-56484,272,Afternoon (13-17h),Success,1366000,AGT-007,False
CALL-69407,CUST-56484,159,Noon (11-13h),Call Back Later,0,AGT-001,True
CALL-45852,CUST-57065,285,Morning (8-11h),Success,2500000,AGT-002,False
CALL-70153,CUST-57065,144,Evening (17-20h),Not Interested,0,AGT-013,False
CALL-90174,CUST-57065,262,Noon (11-13h),Success,1063000,AGT-012,False
CALL-31521,CUST-57065,250,Noon (11-13h),Success,530000,AGT-002,False
CALL-93356,CUST-57065,142,Morning (8-11h),Call Back Later,0,AGT-018,True
CALL-35417,CUST-57065,59,Afternoon (13-17h),Success,350000,AGT-017,False
CALL-52237,CUST-69480,264,Noon (11-13h),Success,894000,AGT-012,False
CALL-50917,CUST-69480,142,Noon (11-13h),Success,576000,AGT-002,False
CALL-87514,CUST-69480,275,Afternoon (13-17h),Call Back Later,0,AGT-002,True
CALL-13083,CUST-54048,80,Afternoon (13-17h),Success,1237000,AGT-005,False
CALL-11584,CUST-17117,21,Evening (17-20h),Success,876000,AGT-002,False
CALL-10128,CUST-17117,16,Noon (11-13h),No Answer,0,AGT-007,False
CALL-57939,CUST-17117,57,Evening (17-20h),No Answer,0,AGT-004,False
CALL-88121,CUST-17117,271,Afternoon (13-17h),Success,989000,AGT-003,False
CALL-84209,CUST-17117,88,Morning (8-11h),Call Back Later,0,AGT-010,True
CALL-66329,CUST-17117,181,Afternoon (13-17h),Success,1054000,AGT-005,False
CALL-69532,CUST-64742,175,Noon (11-13h),Success,1400000,AGT-001,False
CALL-72164,CUST-64742,11,Evening (17-20h),Not Interested,0,AGT-002,False
CALL-73419,CUST-64742,191,Noon (11-13h),Call Back Later,0,AGT-008,True
CALL-50952,CUST-64742,186,Morning (8-11h),Success,1182000,AGT-001,False
CALL-69841,CUST-64742,59,Afternoon (13-17h),No Answer,0,AGT-019,False
CALL-21062,CUST-17946,158,Noon (11-13h),Success,863000,AGT-004,False
CALL-77893,CUST-17946,319,Afternoon (13-17h),Success,847000,AGT-014,False
CALL-93962,CUST-17946,128,Morning (8-11h),Success,1030000,AGT-013,False
CALL-84819,CUST-70224,231,Noon (11-13h),Success,892000,AGT-009,True
CALL-92120,CUST-70224,109,Afternoon (13-17h),Success,748000,AGT-014,False
CALL-28172,CUST-70224,450,Afternoon (13-17h),Call Back Later,0,AGT-001,True
CALL-45357,CUST-70224,50,Evening (17-20h),No Answer,0,AGT-010,False
CALL-30929,CUST-70224,144,Afternoon (13-17h),Not Interested,0,AGT-004,False
CALL-79400,CUST-70224,27,Afternoon (13-17h),Not Interested,0,AGT-011,False
CALL-10143,CUST-70224,172,Evening (17-20h),Success,1005000,AGT-015,False
CALL-44981,CUST-70224,15,Morning (8-11h),Not Interested,0,AGT-002,False
CALL-16611,CUST-41724,116,Evening (17-20h),Success,794000,AGT-003,False
CALL-38166,CUST-41724,357,Noon (11-13h),Call Back Later,0,AGT-007,True
CALL-70777,CUST-41361,230,Afternoon (13-17h),Success,1416000,AGT-002,False
CALL-74900,CUST-41361,33,Afternoon (13-17h),Not Interested,0,AGT-008,False
CALL-28030,CUST-41361,297,Evening (17-20h),Call Back Later,0,AGT-002,True
CALL-47121,CUST-41361,114,Noon (11-13h),Success,844000,AGT-004,False
CALL-70867,CUST-41361,102,Evening (17-20h),Not Interested,0,AGT-020,False
CALL-80783,CUST-41361,95,Evening (17-20h),Success,1934000,AGT-006,True
CALL-48009,CUST-68061,89,Morning (8-11h),Success,350000,AGT-005,False
CALL-85266,CUST-68061,47,Afternoon (13-17h),No Answer,0,AGT-005,False
CALL-37573,CUST-68061,84,Morning (8-11h),Success,982000,AGT-007,False
CALL-19499,CUST-68061,111,Afternoon (13-17h),Not Interested,0,AGT-005,False
CALL-49695,CUST-68061,12,Evening (17-20h),Not Interested,0,AGT-002,False
CALL-77937,CUST-68061,66,Afternoon (13-17h),Success,350000,AGT-002,False
CALL-37178,CUST-68061,205,Afternoon (13-17h),Success,2500000,AGT-015,False
CALL-90105,CUST-68061,110,Evening (17-20h),Call Back Later,0,AGT-002,True
CALL-48763,CUST-32566,230,Afternoon (13-17h),Not Interested,0,AGT-002,False
CALL-79432,CUST-32566,24,Morning (8-11h),Not Interested,0,AGT-001,False
CALL-72137,CUST-32327,22,Afternoon (13-17h),Not Interested,0,AGT-011,True
CALL-44533,CUST-32327,148,Evening (17-20h),Success,1378000,AGT-006,False
CALL-53887,CUST-32327,57,Afternoon (13-17h),Not Interested,0,AGT-001,False
CALL-28768,CUST-57930,63,Morning (8-11h),Success,752000,AGT-007,False
CALL-82255,CUST-57930,84,Evening (17-20h),Call Back Later,0,AGT-004,True
CALL-78076,CUST-57930,67,Evening (17-20h),No Answer,0,AGT-004,False
CALL-49625,CUST-57930,92,Morning (8-11h),No Answer,0,AGT-003,False
CALL-38948,CUST-57930,167,Noon (11-13h),Success,1909000,AGT-017,False
CALL-95000,CUST-57930,599,Morning (8-11h),Not Interested,0,AGT-001,False
CALL-97990,CUST-57930,67,Evening (17-20h),Not Interested,0,AGT-002,False
CALL-97415,CUST-57930,272,Afternoon (13-17h),Success,839000,AGT-001,False
CALL-21353,CUST-46458,8,Noon (11-13h),Not Interested,0,AGT-018,False
CALL-92803,CUST-46458,102,Morning (8-11h),Not Interested,0,AGT-002,False
CALL-24667,CUST-46458,127,Afternoon (13-17h),Call Back Later,0,AGT-001,True
CALL-62560,CUST-46458,65,Evening (17-20h),Not Interested,0,AGT-016,False
CALL-96938,CUST-46458,94,Afternoon (13-17h),Success,1024000,AGT-018,False
CALL-30123,CUST-46458,114,Evening (17-20h),No Answer,0,AGT-011,False
CALL-79065,CUST-46458,47,Afternoon (13-17h),No Answer,0,AGT-007,False
CALL-61497,CUST-46458,155,Afternoon (13-17h),Not Interested,0,AGT-002,False
CALL-10727,CUST-22492,143,Morning (8-11h),Not Interested,0,AGT-002,False
CALL-92546,CUST-22492,106,Morning (8-11h),No Answer,0,AGT-003,False
CALL-36824,CUST-22492,100,Afternoon (13-17h),Success,1170000,AGT-006,False
CALL-87893,CUST-22492,206,Morning (8-11h),Call Back Later,0,AGT-004,True
CALL-90035,CUST-22492,187,Afternoon (13-17h),Success,1541000,AGT-013,False
CALL-92319,CUST-22492,67,Afternoon (13-17h),Success,690000,AGT-004,False
CALL-10087,CUST-48894,277,Afternoon (13-17h),Success,362000,AGT-009,False
CALL-69409,CUST-93834,147,Afternoon (13-17h),Call Back Later,0,AGT-003,True
CALL-85034,CUST-93834,96,Morning (8-11h),Success,770000,AGT-003,False
CALL-99038,CUST-93834,279,Afternoon (13-17h),Success,913000,AGT-012,False
CALL-16203,CUST-93834,20,Afternoon (13-17h),Success,691000,AGT-006,False
CALL-76026,CUST-93834,64,Morning (8-11h),Call Back Later,0,AGT-004,True
CALL-92940,CUST-93834,290,Afternoon (13-17h),Success,717000,AGT-001,False
CALL-77798,CUST-93834,152,Morning (8-11h),Success,2500000,AGT-017,False
CALL-96305,CUST-93834,168,Morning (8-11h),Not Interested,0,AGT-006,False
CALL-40109,CUST-93834,111,Morning (8-11h),Success,1607000,AGT-006,False
CALL-17656,CUST-38825,55,Afternoon (13-17h),No Answer,0,AGT-003,False
CALL-78762,CUST-38825,107,Afternoon (13-17h),Call Back Later,0,AGT-009,True
CALL-78859,CUST-38825,197,Afternoon (13-17h),No Answer,0,AGT-004,False
CALL-64705,CUST-38825,109,Morning (8-11h),Success,1088000,AGT-002,False
CALL-20362,CUST-38825,196,Morning (8-11h),Success,683000,AGT-007,False
CALL-93956,CUST-38825,158,Morning (8-11h),Not Interested,0,AGT-007,False
CALL-47793,CUST-84588,62,Noon (11-13h),Call Back Later,0,AGT-001,True
CALL-48367,CUST-84588,157,Evening (17-20h),Success,350000,AGT-006,False
CALL-46640,CUST-84588,217,Morning (8-11h),No Answer,0,AGT-016,False
CALL-63798,CUST-84588,45,Morning (8-11h),Success,1531000,AGT-003,False
CALL-10131,CUST-34442,87,Morning (8-11h),Success,390000,AGT-005,False
CALL-22619,CUST-34442,100,Afternoon (13-17h),Not Interested,0,AGT-001,False
CALL-67255,CUST-34442,141,Morning (8-11h),Call Back Later,0,AGT-009,True
CALL-39388,CUST-34442,376,Morning (8-11h),Success,350000,AGT-001,False
CALL-21552,CUST-34442,58,Afternoon (13-17h),No Answer,0,AGT-007,False
CALL-18499,CUST-34442,97,Afternoon (13-17h),Success,551000,AGT-014,False
CALL-76569,CUST-58471,62,Noon (11-13h),No Answer,0,AGT-004,False
CALL-45565,CUST-58471,20,Evening (17-20h),No Answer,0,AGT-002,False
CALL-80840,CUST-58471,182,Afternoon (13-17h),Success,977000,AGT-014,False
CALL-70457,CUST-58471,362,Morning (8-11h),Call Back Later,0,AGT-001,True
CALL-54692,CUST-70074,196,Noon (11-13h),Call Back Later,0,AGT-002,True
CALL-21597,CUST-99422,50,Afternoon (13-17h),Success,906000,AGT-001,True
CALL-15949,CUST-99422,51,Morning (8-11h),Not Interested,0,AGT-004,False
CALL-29536,CUST-99422,95,Afternoon (13-17h),Success,572000,AGT-001,False
CALL-17046,CUST-99422,67,Afternoon (13-17h),Call Back Later,0,AGT-003,True
CALL-36933,CUST-99422,55,Noon (11-13h),No Answer,0,AGT-007,False
CALL-66844,CUST-99422,229,Morning (8-11h),Success,1490000,AGT-008,False
CALL-13719,CUST-99422,239,Noon (11-13h),Success,1059000,AGT-015,False
CALL-22721,CUST-27278,85,Morning (8-11h),Not Interested,0,AGT-015,False
CALL-40365,CUST-42585,236,Afternoon (13-17h),Not Interested,0,AGT-011,False
CALL-20154,CUST-42585,234,Morning (8-11h),Success,719000,AGT-003,False
CALL-62808,CUST-26160,47,Evening (17-20h),No Answer,0,AGT-001,False
CALL-81274,CUST-15323,110,Morning (8-11h),Success,949000,AGT-004,False
CALL-91083,CUST-15323,26,Afternoon (13-17h),No Answer,0,AGT-004,False
CALL-90257,CUST-15323,59,Afternoon (13-17h),No Answer,0,AGT-001,False
CALL-55022,CUST-15323,287,Afternoon (13-17h),Success,1281000,AGT-001,True
CALL-57532,CUST-15323,352,Morning (8-11h),Success,390000,AGT-004,False
CALL-54369,CUST-15323,158,Evening (17-20h),Success,1310000,AGT-016,False
CALL-54282,CUST-15323,237,Evening (17-20h),Success,801000,AGT-005,False
CALL-84407,CUST-79629,72,Noon (11-13h),Call Back Later,0,AGT-002,True
CALL-52959,CUST-50686,70,Afternoon (13-17h),Not Interested,0,AGT-003,False
CALL-95863,CUST-50686,177,Noon (11-13h),Success,1218000,AGT-019,False
CALL-86967,CUST-50686,97,Noon (11-13h),Success,964000,AGT-020,False
CALL-42606,CUST-50686,13,Afternoon (13-17h),Not Interested,0,AGT-018,False
CALL-60421,CUST-50686,93,Afternoon (13-17h),Success,811000,AGT-018,False
CALL-97279,CUST-50686,267,Evening (17-20h),Not Interested,0,AGT-007,False
CALL-48513,CUST-82027,110,Noon (11-13h),Success,961000,AGT-003,False
CALL-72593,CUST-82027,243,Afternoon (13-17h),Call Back Later,0,AGT-001,True
CALL-91323,CUST-82027,19,Afternoon (13-17h),No Answer,0,AGT-016,False
CALL-82719,CUST-80623,118,Noon (11-13h),Success,358000,AGT-005,False
CALL-93040,CUST-80623,84,Evening (17-20h),Call Back Later,0,AGT-009,True
CALL-59122,CUST-80623,112,Afternoon (13-17h),Success,979000,AGT-004,False
CALL-44704,CUST-80623,91,Afternoon (13-17h),Not Interested,0,AGT-001,False
CALL-61276,CUST-80623,319,Morning (8-11h),Success,350000,AGT-010,False
CALL-19998,CUST-76047,273,Afternoon (13-17h),Call Back Later,0,AGT-010,True
CALL-80546,CUST-56490,97,Afternoon (13-17h),Success,1011000,AGT-014,False
CALL-27554,CUST-53662,104,Morning (8-11h),Call Back Later,0,AGT-015,True
CALL-40757,CUST-53662,64,Noon (11-13h),Success,925000,AGT-001,False
CALL-39668,CUST-53662,40,Noon (11-13h),Not Interested,0,AGT-017,False
CALL-79848,CUST-53662,133,Afternoon (13-17h),Not Interested,0,AGT-016,False
CALL-78943,CUST-78213,16,Afternoon (13-17h),No Answer,0,AGT-007,False
CALL-34425,CUST-78213,79,Afternoon (13-17h),No Answer,0,AGT-001,False
CALL-33602,CUST-78213,38,Afternoon (13-17h),No Answer,0,AGT-018,False
CALL-97409,CUST-83129,164,Afternoon (13-17h),Success,2500000,AGT-009,False
CALL-86366,CUST-83129,214,Morning (8-11h),Success,1755000,AGT-001,False
CALL-80523,CUST-83129,107,Morning (8-11h),No Answer,0,AGT-011,False
CALL-56327,CUST-83129,90,Noon (11-13h),Success,1495000,AGT-005,False
CALL-26824,CUST-83129,229,Morning (8-11h),Success,1284000,AGT-015,False
CALL-50614,CUST-83129,65,Evening (17-20h),Call Back Later,0,AGT-001,True
CALL-17918,CUST-83129,222,Morning (8-11h),Call Back Later,0,AGT-005,True
CALL-86520,CUST-83129,151,Morning (8-11h),No Answer,0,AGT-015,False
CALL-61288,CUST-83129,112,Afternoon (13-17h),No Answer,0,AGT-007,False
CALL-95742,CUST-83129,309,Morning (8-11h),No Answer,0,AGT-003,False
CALL-16417,CUST-83129,225,Morning (8-11h),Success,1412000,AGT-002,True
CALL-54503,CUST-83129,31,Afternoon (13-17h),No Answer,0,AGT-010,False
CALL-80700,CUST-83129,81,Morning (8-11h),Not Interested,0,AGT-003,False
CALL-27239,CUST-83129,42,Noon (11-13h),No Answer,0,AGT-008,False
CALL-78384,CUST-83129,93,Noon (11-13h),Success,816000,AGT-003,False
CALL-41488,CUST-84804,254,Evening (17-20h),Success,1090000,AGT-004,False
CALL-35379,CUST-96094,200,Morning (8-11h),Success,1595000,AGT-001,False
CALL-13765,CUST-96094,34,Morning (8-11h),Not Interested,0,AGT-014,False
CALL-16793,CUST-96094,68,Afternoon (13-17h),Call Back Later,0,AGT-011,True
CALL-74962,CUST-96094,85,Noon (11-13h),Not Interested,0,AGT-019,False
CALL-26649,CUST-96094,149,Afternoon (13-17h),Success,381000,AGT-005,False
CALL-65618,CUST-96094,162,Morning (8-11h),Call Back Later,0,AGT-010,True
CALL-11500,CUST-33521,17,Evening (17-20h),No Answer,0,AGT-001,False
CALL-77261,CUST-33521,266,Afternoon (13-17h),Success,1842000,AGT-003,False
CALL-24905,CUST-33521,89,Afternoon (13-17h),Success,879000,AGT-001,False
CALL-94894,CUST-33521,240,Afternoon (13-17h),Success,1669000,AGT-002,False
CALL-72854,CUST-33521,32,Noon (11-13h),Not Interested,0,AGT-001,False
CALL-76178,CUST-33521,23,Noon (11-13h),No Answer,0,AGT-003,False
CALL-24280,CUST-26551,156,Noon (11-13h),Success,2500000,AGT-002,False
CALL-49274,CUST-26551,75,Afternoon (13-17h),Call Back Later,0,AGT-004,True
CALL-22451,CUST-26551,96,Morning (8-11h),Not Interested,0,AGT-015,False
CALL-27475,CUST-35148,91,Morning (8-11h),Success,350000,AGT-001,False
CALL-59815,CUST-46926,146,Afternoon (13-17h),Success,893000,AGT-002,False
CALL-39883,CUST-54313,137,Morning (8-11h),Not Interested,0,AGT-009,False
CALL-39899,CUST-54313,180,Evening (17-20h),Success,687000,AGT-001,False
CALL-65588,CUST-54313,294,Afternoon (13-17h),Success,1054000,AGT-002,True
CALL-29404,CUST-54313,438,Morning (8-11h),Not Interested,0,AGT-002,False
CALL-32208,CUST-54313,243,Morning (8-11h),Success,1266000,AGT-019,False
CALL-69076,CUST-36596,206,Morning (8-11h),Success,807000,AGT-003,False
CALL-32319,CUST-36596,113,Morning (8-11h),Success,620000,AGT-017,False
CALL-72705,CUST-36596,5,Afternoon (13-17h),Not Interested,0,AGT-002,False
CALL-87601,CUST-36596,72,Afternoon (13-17h),Success,754000,AGT-001,False
CALL-70486,CUST-36596,158,Morning (8-11h),No Answer,0,AGT-006,False
CALL-60068,CUST-92183,18,Morning (8-11h),No Answer,0,AGT-012,False
CALL-12741,CUST-92183,173,Morning (8-11h),Success,1005000,AGT-007,False
CALL-80490,CUST-92183,26,Morning (8-11h),Not Interested,0,AGT-002,False
CALL-68246,CUST-92183,66,Morning (8-11h),Not Interested,0,AGT-013,False
CALL-77693,CUST-92183,88,Noon (11-13h),Call Back Later,0,AGT-014,True
CALL-73480,CUST-54191,51,Afternoon (13-17h),No Answer,0,AGT-004,False
CALL-99390,CUST-54191,67,Morning (8-11h),Success,549000,AGT-017,False
CALL-21416,CUST-54191,168,Morning (8-11h),Success,1067000,AGT-017,False
CALL-68896,CUST-54191,188,Morning (8-11h),Success,1577000,AGT-007,False
CALL-95554,CUST-34748,192,Evening (17-20h),Success,2131000,AGT-002,False
CALL-14912,CUST-99479,186,Afternoon (13-17h),Success,847000,AGT-011,True
CALL-93424,CUST-99479,237,Morning (8-11h),Success,2500000,AGT-015,False
CALL-87215,CUST-99479,229,Morning (8-11h),Success,1263000,AGT-002,False
CALL-91324,CUST-99479,262,Morning (8-11h),Not Interested,0,AGT-001,False
CALL-81387,CUST-99479,162,Afternoon (13-17h),Success,2500000,AGT-004,False
CALL-49353,CUST-99479,245,Evening (17-20h),Success,554000,AGT-006,False
CALL-34341,CUST-99479,344,Morning (8-11h),Success,893000,AGT-004,True
CALL-23153,CUST-99479,42,Afternoon (13-17h),No Answer,0,AGT-020,False
CALL-18970,CUST-99479,190,Afternoon (13-17h),Success,443000,AGT-012,False
CALL-22132,CUST-30267,31,Afternoon (13-17h),No Answer,0,AGT-019,False
CALL-99815,CUST-80016,147,Afternoon (13-17h),Call Back Later,0,AGT-001,True
CALL-91859,CUST-31656,61,Evening (17-20h),Success,1300000,AGT-002,False
CALL-10176,CUST-31656,243,Afternoon (13-17h),Call Back Later,0,AGT-001,True
CALL-48231,CUST-31656,177,Afternoon (13-17h),Success,355000,AGT-011,False
CALL-87946,CUST-37805,201,Afternoon (13-17h),Success,1736000,AGT-009,True
CALL-26423,CUST-37805,86,Afternoon (13-17h),Success,596000,AGT-003,False
CALL-33216,CUST-37805,319,Morning (8-11h),Success,1541000,AGT-003,False
CALL-22845,CUST-37805,101,Afternoon (13-17h),No Answer,0,AGT-003,False
CALL-46921,CUST-79367,57,Afternoon (13-17h),Not Interested,0,AGT-001,False
CALL-58147,CUST-79367,84,Noon (11-13h),Success,638000,AGT-004,False
